ISO-10303-21;
HEADER;
/* Generated by software containing ST-Developer
 * from STEP Tools, Inc. (www.steptools.com) 
 */

FILE_DESCRIPTION(
/* description */ (''),
/* implementation_level */ '2;1');

FILE_NAME(
/* name */ 'new_base_chasis Copy.step',
/* time_stamp */ '2026-07-18T14:23:25+03:00',
/* author */ (''),
/* organization */ (''),
/* preprocessor_version */ 'ST-DEVELOPER v20.1',
/* originating_system */ 'Autodesk Translation Framework v15.8.0.0',
/* authorisation */ '');

FILE_SCHEMA (('AUTOMOTIVE_DESIGN { 1 0 10303 214 3 1 1 }'));
ENDSEC;

DATA;
#10=MECHANICAL_DESIGN_GEOMETRIC_PRESENTATION_REPRESENTATION('',(#13),#4319);
#11=SHAPE_REPRESENTATION_RELATIONSHIP('SRR','None',#4326,#12);
#12=ADVANCED_BREP_SHAPE_REPRESENTATION('',(#14),#4318);
#13=STYLED_ITEM('',(#4336),#14);
#14=MANIFOLD_SOLID_BREP('Body1',#2627);
#15=FACE_BOUND('',#442,.T.);
#16=FACE_BOUND('',#443,.T.);
#17=FACE_BOUND('',#444,.T.);
#18=FACE_BOUND('',#445,.T.);
#19=FACE_BOUND('',#446,.T.);
#20=FACE_BOUND('',#447,.T.);
#21=FACE_BOUND('',#448,.T.);
#22=FACE_BOUND('',#449,.T.);
#23=FACE_BOUND('',#450,.T.);
#24=FACE_BOUND('',#451,.T.);
#25=FACE_BOUND('',#452,.T.);
#26=FACE_BOUND('',#453,.T.);
#27=FACE_BOUND('',#454,.T.);
#28=FACE_BOUND('',#455,.T.);
#29=FACE_BOUND('',#456,.T.);
#30=FACE_BOUND('',#457,.T.);
#31=FACE_BOUND('',#458,.T.);
#32=FACE_BOUND('',#459,.T.);
#33=FACE_BOUND('',#460,.T.);
#34=FACE_BOUND('',#461,.T.);
#35=FACE_BOUND('',#462,.T.);
#36=FACE_BOUND('',#463,.T.);
#37=FACE_BOUND('',#465,.T.);
#38=FACE_BOUND('',#466,.T.);
#39=FACE_BOUND('',#467,.T.);
#40=FACE_BOUND('',#468,.T.);
#41=FACE_BOUND('',#469,.T.);
#42=FACE_BOUND('',#470,.T.);
#43=FACE_BOUND('',#471,.T.);
#44=FACE_BOUND('',#472,.T.);
#45=FACE_BOUND('',#473,.T.);
#46=FACE_BOUND('',#474,.T.);
#47=FACE_BOUND('',#475,.T.);
#48=FACE_BOUND('',#476,.T.);
#49=FACE_BOUND('',#477,.T.);
#50=FACE_BOUND('',#478,.T.);
#51=FACE_BOUND('',#479,.T.);
#52=FACE_BOUND('',#480,.T.);
#53=FACE_BOUND('',#481,.T.);
#54=FACE_BOUND('',#482,.T.);
#55=FACE_BOUND('',#483,.T.);
#56=FACE_BOUND('',#484,.T.);
#57=FACE_BOUND('',#485,.T.);
#58=FACE_BOUND('',#486,.T.);
#59=CIRCLE('',#2643,5.00000000000049);
#60=CIRCLE('',#2644,5.00000000000049);
#61=CIRCLE('',#2647,4.99999999999993);
#62=CIRCLE('',#2648,4.99999999999993);
#63=CIRCLE('',#2652,5.00000000000049);
#64=CIRCLE('',#2653,5.00000000000049);
#65=CIRCLE('',#2656,4.99999999999993);
#66=CIRCLE('',#2657,4.99999999999993);
#67=CIRCLE('',#2661,5.00000000000049);
#68=CIRCLE('',#2662,5.00000000000049);
#69=CIRCLE('',#2665,4.99999999999993);
#70=CIRCLE('',#2666,4.99999999999993);
#71=CIRCLE('',#2670,5.00000000000049);
#72=CIRCLE('',#2671,5.00000000000049);
#73=CIRCLE('',#2674,4.99999999999993);
#74=CIRCLE('',#2675,4.99999999999993);
#75=CIRCLE('',#2679,5.00000000000049);
#76=CIRCLE('',#2680,5.00000000000049);
#77=CIRCLE('',#2683,4.99999999999993);
#78=CIRCLE('',#2684,4.99999999999993);
#79=CIRCLE('',#2688,5.00000000000049);
#80=CIRCLE('',#2689,5.00000000000049);
#81=CIRCLE('',#2692,4.99999999999993);
#82=CIRCLE('',#2693,4.99999999999993);
#83=CIRCLE('',#2697,5.00000000000049);
#84=CIRCLE('',#2698,5.00000000000049);
#85=CIRCLE('',#2701,4.99999999999993);
#86=CIRCLE('',#2702,4.99999999999993);
#87=CIRCLE('',#2706,5.00000000000049);
#88=CIRCLE('',#2707,5.00000000000049);
#89=CIRCLE('',#2710,4.99999999999993);
#90=CIRCLE('',#2711,4.99999999999993);
#91=CIRCLE('',#2715,5.00000000000049);
#92=CIRCLE('',#2716,5.00000000000049);
#93=CIRCLE('',#2719,4.99999999999993);
#94=CIRCLE('',#2720,4.99999999999993);
#95=CIRCLE('',#2724,5.00000000000049);
#96=CIRCLE('',#2725,5.00000000000049);
#97=CIRCLE('',#2728,4.99999999999993);
#98=CIRCLE('',#2729,4.99999999999993);
#99=CIRCLE('',#2733,5.);
#100=CIRCLE('',#2734,5.);
#101=CIRCLE('',#2737,5.);
#102=CIRCLE('',#2738,5.);
#103=CIRCLE('',#2741,5.);
#104=CIRCLE('',#2742,5.);
#105=CIRCLE('',#2745,5.);
#106=CIRCLE('',#2746,5.);
#107=CIRCLE('',#2749,5.);
#108=CIRCLE('',#2750,5.);
#109=CIRCLE('',#2753,5.);
#110=CIRCLE('',#2754,5.);
#111=CIRCLE('',#2757,5.);
#112=CIRCLE('',#2758,5.);
#113=CIRCLE('',#2761,5.);
#114=CIRCLE('',#2762,5.);
#115=CIRCLE('',#2765,5.);
#116=CIRCLE('',#2766,5.);
#117=CIRCLE('',#2769,5.);
#118=CIRCLE('',#2770,5.);
#119=CIRCLE('',#2773,5.);
#120=CIRCLE('',#2774,5.);
#121=CIRCLE('',#2777,5.);
#122=CIRCLE('',#2778,5.);
#123=CIRCLE('',#2781,5.);
#124=CIRCLE('',#2782,5.);
#125=CIRCLE('',#2785,5.);
#126=CIRCLE('',#2786,5.);
#127=CIRCLE('',#2789,5.);
#128=CIRCLE('',#2790,5.);
#129=CIRCLE('',#2793,5.);
#130=CIRCLE('',#2794,5.);
#131=CIRCLE('',#2797,5.);
#132=CIRCLE('',#2798,5.);
#133=CIRCLE('',#2801,5.);
#134=CIRCLE('',#2802,5.);
#135=CIRCLE('',#2805,5.);
#136=CIRCLE('',#2806,5.);
#137=CIRCLE('',#2809,5.);
#138=CIRCLE('',#2810,5.);
#139=CIRCLE('',#2813,5.);
#140=CIRCLE('',#2814,5.);
#141=CIRCLE('',#2817,5.);
#142=CIRCLE('',#2818,5.);
#143=CIRCLE('',#2821,5.);
#144=CIRCLE('',#2822,5.);
#145=CIRCLE('',#2825,5.);
#146=CIRCLE('',#2826,5.);
#147=CYLINDRICAL_SURFACE('',#2642,5.00000000000049);
#148=CYLINDRICAL_SURFACE('',#2646,4.99999999999993);
#149=CYLINDRICAL_SURFACE('',#2651,5.00000000000049);
#150=CYLINDRICAL_SURFACE('',#2655,4.99999999999993);
#151=CYLINDRICAL_SURFACE('',#2660,5.00000000000049);
#152=CYLINDRICAL_SURFACE('',#2664,4.99999999999993);
#153=CYLINDRICAL_SURFACE('',#2669,5.00000000000049);
#154=CYLINDRICAL_SURFACE('',#2673,4.99999999999993);
#155=CYLINDRICAL_SURFACE('',#2678,5.00000000000049);
#156=CYLINDRICAL_SURFACE('',#2682,4.99999999999993);
#157=CYLINDRICAL_SURFACE('',#2687,5.00000000000049);
#158=CYLINDRICAL_SURFACE('',#2691,4.99999999999993);
#159=CYLINDRICAL_SURFACE('',#2696,5.00000000000049);
#160=CYLINDRICAL_SURFACE('',#2700,4.99999999999993);
#161=CYLINDRICAL_SURFACE('',#2705,5.00000000000049);
#162=CYLINDRICAL_SURFACE('',#2709,4.99999999999993);
#163=CYLINDRICAL_SURFACE('',#2714,5.00000000000049);
#164=CYLINDRICAL_SURFACE('',#2718,4.99999999999993);
#165=CYLINDRICAL_SURFACE('',#2723,5.00000000000049);
#166=CYLINDRICAL_SURFACE('',#2727,4.99999999999993);
#167=CYLINDRICAL_SURFACE('',#2732,5.);
#168=CYLINDRICAL_SURFACE('',#2736,5.);
#169=CYLINDRICAL_SURFACE('',#2740,5.);
#170=CYLINDRICAL_SURFACE('',#2744,5.);
#171=CYLINDRICAL_SURFACE('',#2748,5.);
#172=CYLINDRICAL_SURFACE('',#2752,5.);
#173=CYLINDRICAL_SURFACE('',#2756,5.);
#174=CYLINDRICAL_SURFACE('',#2760,5.);
#175=CYLINDRICAL_SURFACE('',#2764,5.);
#176=CYLINDRICAL_SURFACE('',#2768,5.);
#177=CYLINDRICAL_SURFACE('',#2772,5.);
#178=CYLINDRICAL_SURFACE('',#2776,5.);
#179=CYLINDRICAL_SURFACE('',#2780,5.);
#180=CYLINDRICAL_SURFACE('',#2784,5.);
#181=CYLINDRICAL_SURFACE('',#2788,5.);
#182=CYLINDRICAL_SURFACE('',#2792,5.);
#183=CYLINDRICAL_SURFACE('',#2796,5.);
#184=CYLINDRICAL_SURFACE('',#2800,5.);
#185=CYLINDRICAL_SURFACE('',#2804,5.);
#186=CYLINDRICAL_SURFACE('',#2808,5.);
#187=CYLINDRICAL_SURFACE('',#2812,5.);
#188=CYLINDRICAL_SURFACE('',#2816,5.);
#189=CYLINDRICAL_SURFACE('',#2820,5.);
#190=CYLINDRICAL_SURFACE('',#2824,5.);
#191=FACE_OUTER_BOUND('',#317,.T.);
#192=FACE_OUTER_BOUND('',#318,.T.);
#193=FACE_OUTER_BOUND('',#319,.T.);
#194=FACE_OUTER_BOUND('',#320,.T.);
#195=FACE_OUTER_BOUND('',#321,.T.);
#196=FACE_OUTER_BOUND('',#322,.T.);
#197=FACE_OUTER_BOUND('',#323,.T.);
#198=FACE_OUTER_BOUND('',#324,.T.);
#199=FACE_OUTER_BOUND('',#325,.T.);
#200=FACE_OUTER_BOUND('',#326,.T.);
#201=FACE_OUTER_BOUND('',#327,.T.);
#202=FACE_OUTER_BOUND('',#328,.T.);
#203=FACE_OUTER_BOUND('',#329,.T.);
#204=FACE_OUTER_BOUND('',#330,.T.);
#205=FACE_OUTER_BOUND('',#331,.T.);
#206=FACE_OUTER_BOUND('',#332,.T.);
#207=FACE_OUTER_BOUND('',#333,.T.);
#208=FACE_OUTER_BOUND('',#334,.T.);
#209=FACE_OUTER_BOUND('',#335,.T.);
#210=FACE_OUTER_BOUND('',#336,.T.);
#211=FACE_OUTER_BOUND('',#337,.T.);
#212=FACE_OUTER_BOUND('',#338,.T.);
#213=FACE_OUTER_BOUND('',#339,.T.);
#214=FACE_OUTER_BOUND('',#340,.T.);
#215=FACE_OUTER_BOUND('',#341,.T.);
#216=FACE_OUTER_BOUND('',#342,.T.);
#217=FACE_OUTER_BOUND('',#343,.T.);
#218=FACE_OUTER_BOUND('',#344,.T.);
#219=FACE_OUTER_BOUND('',#345,.T.);
#220=FACE_OUTER_BOUND('',#346,.T.);
#221=FACE_OUTER_BOUND('',#347,.T.);
#222=FACE_OUTER_BOUND('',#348,.T.);
#223=FACE_OUTER_BOUND('',#349,.T.);
#224=FACE_OUTER_BOUND('',#350,.T.);
#225=FACE_OUTER_BOUND('',#351,.T.);
#226=FACE_OUTER_BOUND('',#352,.T.);
#227=FACE_OUTER_BOUND('',#353,.T.);
#228=FACE_OUTER_BOUND('',#354,.T.);
#229=FACE_OUTER_BOUND('',#355,.T.);
#230=FACE_OUTER_BOUND('',#356,.T.);
#231=FACE_OUTER_BOUND('',#357,.T.);
#232=FACE_OUTER_BOUND('',#358,.T.);
#233=FACE_OUTER_BOUND('',#359,.T.);
#234=FACE_OUTER_BOUND('',#360,.T.);
#235=FACE_OUTER_BOUND('',#361,.T.);
#236=FACE_OUTER_BOUND('',#362,.T.);
#237=FACE_OUTER_BOUND('',#363,.T.);
#238=FACE_OUTER_BOUND('',#364,.T.);
#239=FACE_OUTER_BOUND('',#365,.T.);
#240=FACE_OUTER_BOUND('',#366,.T.);
#241=FACE_OUTER_BOUND('',#367,.T.);
#242=FACE_OUTER_BOUND('',#368,.T.);
#243=FACE_OUTER_BOUND('',#369,.T.);
#244=FACE_OUTER_BOUND('',#370,.T.);
#245=FACE_OUTER_BOUND('',#371,.T.);
#246=FACE_OUTER_BOUND('',#372,.T.);
#247=FACE_OUTER_BOUND('',#373,.T.);
#248=FACE_OUTER_BOUND('',#374,.T.);
#249=FACE_OUTER_BOUND('',#375,.T.);
#250=FACE_OUTER_BOUND('',#376,.T.);
#251=FACE_OUTER_BOUND('',#377,.T.);
#252=FACE_OUTER_BOUND('',#378,.T.);
#253=FACE_OUTER_BOUND('',#379,.T.);
#254=FACE_OUTER_BOUND('',#380,.T.);
#255=FACE_OUTER_BOUND('',#381,.T.);
#256=FACE_OUTER_BOUND('',#382,.T.);
#257=FACE_OUTER_BOUND('',#383,.T.);
#258=FACE_OUTER_BOUND('',#384,.T.);
#259=FACE_OUTER_BOUND('',#385,.T.);
#260=FACE_OUTER_BOUND('',#386,.T.);
#261=FACE_OUTER_BOUND('',#387,.T.);
#262=FACE_OUTER_BOUND('',#388,.T.);
#263=FACE_OUTER_BOUND('',#389,.T.);
#264=FACE_OUTER_BOUND('',#390,.T.);
#265=FACE_OUTER_BOUND('',#391,.T.);
#266=FACE_OUTER_BOUND('',#392,.T.);
#267=FACE_OUTER_BOUND('',#393,.T.);
#268=FACE_OUTER_BOUND('',#394,.T.);
#269=FACE_OUTER_BOUND('',#395,.T.);
#270=FACE_OUTER_BOUND('',#396,.T.);
#271=FACE_OUTER_BOUND('',#397,.T.);
#272=FACE_OUTER_BOUND('',#398,.T.);
#273=FACE_OUTER_BOUND('',#399,.T.);
#274=FACE_OUTER_BOUND('',#400,.T.);
#275=FACE_OUTER_BOUND('',#401,.T.);
#276=FACE_OUTER_BOUND('',#402,.T.);
#277=FACE_OUTER_BOUND('',#403,.T.);
#278=FACE_OUTER_BOUND('',#404,.T.);
#279=FACE_OUTER_BOUND('',#405,.T.);
#280=FACE_OUTER_BOUND('',#406,.T.);
#281=FACE_OUTER_BOUND('',#407,.T.);
#282=FACE_OUTER_BOUND('',#408,.T.);
#283=FACE_OUTER_BOUND('',#409,.T.);
#284=FACE_OUTER_BOUND('',#410,.T.);
#285=FACE_OUTER_BOUND('',#411,.T.);
#286=FACE_OUTER_BOUND('',#412,.T.);
#287=FACE_OUTER_BOUND('',#413,.T.);
#288=FACE_OUTER_BOUND('',#414,.T.);
#289=FACE_OUTER_BOUND('',#415,.T.);
#290=FACE_OUTER_BOUND('',#416,.T.);
#291=FACE_OUTER_BOUND('',#417,.T.);
#292=FACE_OUTER_BOUND('',#418,.T.);
#293=FACE_OUTER_BOUND('',#419,.T.);
#294=FACE_OUTER_BOUND('',#420,.T.);
#295=FACE_OUTER_BOUND('',#421,.T.);
#296=FACE_OUTER_BOUND('',#422,.T.);
#297=FACE_OUTER_BOUND('',#423,.T.);
#298=FACE_OUTER_BOUND('',#424,.T.);
#299=FACE_OUTER_BOUND('',#425,.T.);
#300=FACE_OUTER_BOUND('',#426,.T.);
#301=FACE_OUTER_BOUND('',#427,.T.);
#302=FACE_OUTER_BOUND('',#428,.T.);
#303=FACE_OUTER_BOUND('',#429,.T.);
#304=FACE_OUTER_BOUND('',#430,.T.);
#305=FACE_OUTER_BOUND('',#431,.T.);
#306=FACE_OUTER_BOUND('',#432,.T.);
#307=FACE_OUTER_BOUND('',#433,.T.);
#308=FACE_OUTER_BOUND('',#434,.T.);
#309=FACE_OUTER_BOUND('',#435,.T.);
#310=FACE_OUTER_BOUND('',#436,.T.);
#311=FACE_OUTER_BOUND('',#437,.T.);
#312=FACE_OUTER_BOUND('',#438,.T.);
#313=FACE_OUTER_BOUND('',#439,.T.);
#314=FACE_OUTER_BOUND('',#440,.T.);
#315=FACE_OUTER_BOUND('',#441,.T.);
#316=FACE_OUTER_BOUND('',#464,.T.);
#317=EDGE_LOOP('',(#1675,#1676,#1677,#1678));
#318=EDGE_LOOP('',(#1679,#1680,#1681,#1682));
#319=EDGE_LOOP('',(#1683,#1684,#1685,#1686));
#320=EDGE_LOOP('',(#1687,#1688,#1689,#1690));
#321=EDGE_LOOP('',(#1691,#1692,#1693,#1694));
#322=EDGE_LOOP('',(#1695,#1696,#1697,#1698));
#323=EDGE_LOOP('',(#1699,#1700,#1701,#1702));
#324=EDGE_LOOP('',(#1703,#1704,#1705,#1706));
#325=EDGE_LOOP('',(#1707,#1708,#1709,#1710));
#326=EDGE_LOOP('',(#1711,#1712,#1713,#1714));
#327=EDGE_LOOP('',(#1715,#1716,#1717,#1718));
#328=EDGE_LOOP('',(#1719,#1720,#1721,#1722));
#329=EDGE_LOOP('',(#1723,#1724,#1725,#1726));
#330=EDGE_LOOP('',(#1727,#1728,#1729,#1730));
#331=EDGE_LOOP('',(#1731,#1732,#1733,#1734));
#332=EDGE_LOOP('',(#1735,#1736,#1737,#1738));
#333=EDGE_LOOP('',(#1739,#1740,#1741,#1742));
#334=EDGE_LOOP('',(#1743,#1744,#1745,#1746));
#335=EDGE_LOOP('',(#1747,#1748,#1749,#1750));
#336=EDGE_LOOP('',(#1751,#1752,#1753,#1754));
#337=EDGE_LOOP('',(#1755,#1756,#1757,#1758));
#338=EDGE_LOOP('',(#1759,#1760,#1761,#1762));
#339=EDGE_LOOP('',(#1763,#1764,#1765,#1766));
#340=EDGE_LOOP('',(#1767,#1768,#1769,#1770));
#341=EDGE_LOOP('',(#1771,#1772,#1773,#1774));
#342=EDGE_LOOP('',(#1775,#1776,#1777,#1778));
#343=EDGE_LOOP('',(#1779,#1780,#1781,#1782));
#344=EDGE_LOOP('',(#1783,#1784,#1785,#1786));
#345=EDGE_LOOP('',(#1787,#1788,#1789,#1790));
#346=EDGE_LOOP('',(#1791,#1792,#1793,#1794));
#347=EDGE_LOOP('',(#1795,#1796,#1797,#1798));
#348=EDGE_LOOP('',(#1799,#1800,#1801,#1802));
#349=EDGE_LOOP('',(#1803,#1804,#1805,#1806));
#350=EDGE_LOOP('',(#1807,#1808,#1809,#1810));
#351=EDGE_LOOP('',(#1811,#1812,#1813,#1814));
#352=EDGE_LOOP('',(#1815,#1816,#1817,#1818));
#353=EDGE_LOOP('',(#1819,#1820,#1821,#1822));
#354=EDGE_LOOP('',(#1823,#1824,#1825,#1826));
#355=EDGE_LOOP('',(#1827,#1828,#1829,#1830));
#356=EDGE_LOOP('',(#1831,#1832,#1833,#1834));
#357=EDGE_LOOP('',(#1835,#1836,#1837,#1838));
#358=EDGE_LOOP('',(#1839,#1840,#1841,#1842));
#359=EDGE_LOOP('',(#1843,#1844,#1845,#1846));
#360=EDGE_LOOP('',(#1847,#1848,#1849,#1850));
#361=EDGE_LOOP('',(#1851,#1852,#1853,#1854));
#362=EDGE_LOOP('',(#1855,#1856,#1857,#1858));
#363=EDGE_LOOP('',(#1859,#1860,#1861,#1862));
#364=EDGE_LOOP('',(#1863,#1864,#1865,#1866));
#365=EDGE_LOOP('',(#1867,#1868,#1869,#1870));
#366=EDGE_LOOP('',(#1871,#1872,#1873,#1874));
#367=EDGE_LOOP('',(#1875,#1876,#1877,#1878));
#368=EDGE_LOOP('',(#1879,#1880,#1881,#1882));
#369=EDGE_LOOP('',(#1883,#1884,#1885,#1886));
#370=EDGE_LOOP('',(#1887,#1888,#1889,#1890));
#371=EDGE_LOOP('',(#1891,#1892,#1893,#1894));
#372=EDGE_LOOP('',(#1895,#1896,#1897,#1898));
#373=EDGE_LOOP('',(#1899,#1900,#1901,#1902));
#374=EDGE_LOOP('',(#1903,#1904,#1905,#1906));
#375=EDGE_LOOP('',(#1907,#1908,#1909,#1910));
#376=EDGE_LOOP('',(#1911,#1912,#1913,#1914));
#377=EDGE_LOOP('',(#1915,#1916,#1917,#1918));
#378=EDGE_LOOP('',(#1919,#1920,#1921,#1922));
#379=EDGE_LOOP('',(#1923,#1924,#1925,#1926));
#380=EDGE_LOOP('',(#1927,#1928,#1929,#1930));
#381=EDGE_LOOP('',(#1931,#1932,#1933,#1934));
#382=EDGE_LOOP('',(#1935,#1936,#1937,#1938));
#383=EDGE_LOOP('',(#1939,#1940,#1941,#1942));
#384=EDGE_LOOP('',(#1943,#1944,#1945,#1946));
#385=EDGE_LOOP('',(#1947,#1948,#1949,#1950));
#386=EDGE_LOOP('',(#1951,#1952,#1953,#1954));
#387=EDGE_LOOP('',(#1955,#1956,#1957,#1958));
#388=EDGE_LOOP('',(#1959,#1960,#1961,#1962));
#389=EDGE_LOOP('',(#1963,#1964,#1965,#1966));
#390=EDGE_LOOP('',(#1967,#1968,#1969,#1970));
#391=EDGE_LOOP('',(#1971,#1972,#1973,#1974));
#392=EDGE_LOOP('',(#1975,#1976,#1977,#1978));
#393=EDGE_LOOP('',(#1979,#1980,#1981,#1982));
#394=EDGE_LOOP('',(#1983,#1984,#1985,#1986));
#395=EDGE_LOOP('',(#1987,#1988,#1989,#1990));
#396=EDGE_LOOP('',(#1991,#1992,#1993,#1994));
#397=EDGE_LOOP('',(#1995,#1996,#1997,#1998));
#398=EDGE_LOOP('',(#1999,#2000,#2001,#2002));
#399=EDGE_LOOP('',(#2003,#2004,#2005,#2006));
#400=EDGE_LOOP('',(#2007,#2008,#2009,#2010));
#401=EDGE_LOOP('',(#2011,#2012,#2013,#2014));
#402=EDGE_LOOP('',(#2015,#2016,#2017,#2018));
#403=EDGE_LOOP('',(#2019,#2020,#2021,#2022));
#404=EDGE_LOOP('',(#2023,#2024,#2025,#2026));
#405=EDGE_LOOP('',(#2027,#2028,#2029,#2030));
#406=EDGE_LOOP('',(#2031,#2032,#2033,#2034));
#407=EDGE_LOOP('',(#2035,#2036,#2037,#2038));
#408=EDGE_LOOP('',(#2039,#2040,#2041,#2042));
#409=EDGE_LOOP('',(#2043,#2044,#2045,#2046));
#410=EDGE_LOOP('',(#2047,#2048,#2049,#2050));
#411=EDGE_LOOP('',(#2051,#2052,#2053,#2054));
#412=EDGE_LOOP('',(#2055,#2056,#2057,#2058));
#413=EDGE_LOOP('',(#2059,#2060,#2061,#2062));
#414=EDGE_LOOP('',(#2063,#2064,#2065,#2066));
#415=EDGE_LOOP('',(#2067,#2068,#2069,#2070));
#416=EDGE_LOOP('',(#2071,#2072,#2073,#2074));
#417=EDGE_LOOP('',(#2075,#2076,#2077,#2078));
#418=EDGE_LOOP('',(#2079,#2080,#2081,#2082));
#419=EDGE_LOOP('',(#2083,#2084,#2085,#2086));
#420=EDGE_LOOP('',(#2087,#2088,#2089,#2090));
#421=EDGE_LOOP('',(#2091,#2092,#2093,#2094));
#422=EDGE_LOOP('',(#2095,#2096,#2097,#2098));
#423=EDGE_LOOP('',(#2099,#2100,#2101,#2102));
#424=EDGE_LOOP('',(#2103,#2104,#2105,#2106));
#425=EDGE_LOOP('',(#2107,#2108,#2109,#2110));
#426=EDGE_LOOP('',(#2111,#2112,#2113,#2114));
#427=EDGE_LOOP('',(#2115,#2116,#2117,#2118));
#428=EDGE_LOOP('',(#2119,#2120,#2121,#2122));
#429=EDGE_LOOP('',(#2123,#2124,#2125,#2126));
#430=EDGE_LOOP('',(#2127,#2128,#2129,#2130));
#431=EDGE_LOOP('',(#2131,#2132,#2133,#2134));
#432=EDGE_LOOP('',(#2135,#2136,#2137,#2138));
#433=EDGE_LOOP('',(#2139,#2140,#2141,#2142));
#434=EDGE_LOOP('',(#2143,#2144,#2145,#2146));
#435=EDGE_LOOP('',(#2147,#2148,#2149,#2150));
#436=EDGE_LOOP('',(#2151,#2152,#2153,#2154));
#437=EDGE_LOOP('',(#2155,#2156,#2157,#2158));
#438=EDGE_LOOP('',(#2159,#2160,#2161,#2162));
#439=EDGE_LOOP('',(#2163,#2164,#2165,#2166));
#440=EDGE_LOOP('',(#2167,#2168,#2169,#2170));
#441=EDGE_LOOP('',(#2171,#2172,#2173,#2174,#2175,#2176,#2177,#2178,#2179,
#2180,#2181,#2182,#2183,#2184,#2185,#2186,#2187,#2188,#2189,#2190,#2191,
#2192,#2193,#2194,#2195,#2196));
#442=EDGE_LOOP('',(#2197,#2198,#2199,#2200,#2201));
#443=EDGE_LOOP('',(#2202,#2203,#2204,#2205));
#444=EDGE_LOOP('',(#2206,#2207,#2208,#2209));
#445=EDGE_LOOP('',(#2210,#2211,#2212,#2213));
#446=EDGE_LOOP('',(#2214,#2215,#2216,#2217));
#447=EDGE_LOOP('',(#2218,#2219,#2220,#2221));
#448=EDGE_LOOP('',(#2222,#2223,#2224,#2225));
#449=EDGE_LOOP('',(#2226,#2227,#2228,#2229));
#450=EDGE_LOOP('',(#2230,#2231,#2232,#2233));
#451=EDGE_LOOP('',(#2234,#2235,#2236,#2237));
#452=EDGE_LOOP('',(#2238,#2239,#2240,#2241));
#453=EDGE_LOOP('',(#2242,#2243,#2244,#2245));
#454=EDGE_LOOP('',(#2246,#2247,#2248,#2249));
#455=EDGE_LOOP('',(#2250,#2251,#2252,#2253,#2254));
#456=EDGE_LOOP('',(#2255,#2256,#2257,#2258,#2259));
#457=EDGE_LOOP('',(#2260,#2261,#2262,#2263,#2264));
#458=EDGE_LOOP('',(#2265,#2266,#2267,#2268,#2269));
#459=EDGE_LOOP('',(#2270,#2271,#2272,#2273,#2274));
#460=EDGE_LOOP('',(#2275,#2276,#2277,#2278,#2279));
#461=EDGE_LOOP('',(#2280,#2281,#2282,#2283,#2284));
#462=EDGE_LOOP('',(#2285,#2286,#2287,#2288,#2289));
#463=EDGE_LOOP('',(#2290,#2291,#2292,#2293,#2294));
#464=EDGE_LOOP('',(#2295,#2296,#2297,#2298,#2299,#2300,#2301,#2302,#2303,
#2304,#2305,#2306,#2307,#2308,#2309,#2310,#2311,#2312,#2313,#2314,#2315,
#2316,#2317,#2318,#2319,#2320));
#465=EDGE_LOOP('',(#2321,#2322,#2323,#2324,#2325));
#466=EDGE_LOOP('',(#2326,#2327,#2328,#2329));
#467=EDGE_LOOP('',(#2330,#2331,#2332,#2333));
#468=EDGE_LOOP('',(#2334,#2335,#2336,#2337));
#469=EDGE_LOOP('',(#2338,#2339,#2340,#2341));
#470=EDGE_LOOP('',(#2342,#2343,#2344,#2345));
#471=EDGE_LOOP('',(#2346,#2347,#2348,#2349));
#472=EDGE_LOOP('',(#2350,#2351,#2352,#2353));
#473=EDGE_LOOP('',(#2354,#2355,#2356,#2357));
#474=EDGE_LOOP('',(#2358,#2359,#2360,#2361));
#475=EDGE_LOOP('',(#2362,#2363,#2364,#2365));
#476=EDGE_LOOP('',(#2366,#2367,#2368,#2369));
#477=EDGE_LOOP('',(#2370,#2371,#2372,#2373));
#478=EDGE_LOOP('',(#2374,#2375,#2376,#2377,#2378));
#479=EDGE_LOOP('',(#2379,#2380,#2381,#2382,#2383));
#480=EDGE_LOOP('',(#2384,#2385,#2386,#2387,#2388));
#481=EDGE_LOOP('',(#2389,#2390,#2391,#2392,#2393));
#482=EDGE_LOOP('',(#2394,#2395,#2396,#2397,#2398));
#483=EDGE_LOOP('',(#2399,#2400,#2401,#2402,#2403));
#484=EDGE_LOOP('',(#2404,#2405,#2406,#2407,#2408));
#485=EDGE_LOOP('',(#2409,#2410,#2411,#2412,#2413));
#486=EDGE_LOOP('',(#2414,#2415,#2416,#2417,#2418));
#487=LINE('',#3573,#771);
#488=LINE('',#3575,#772);
#489=LINE('',#3577,#773);
#490=LINE('',#3578,#774);
#491=LINE('',#3584,#775);
#492=LINE('',#3587,#776);
#493=LINE('',#3589,#777);
#494=LINE('',#3590,#778);
#495=LINE('',#3596,#779);
#496=LINE('',#3598,#780);
#497=LINE('',#3599,#781);
#498=LINE('',#3603,#782);
#499=LINE('',#3605,#783);
#500=LINE('',#3607,#784);
#501=LINE('',#3608,#785);
#502=LINE('',#3614,#786);
#503=LINE('',#3617,#787);
#504=LINE('',#3619,#788);
#505=LINE('',#3620,#789);
#506=LINE('',#3626,#790);
#507=LINE('',#3628,#791);
#508=LINE('',#3629,#792);
#509=LINE('',#3633,#793);
#510=LINE('',#3635,#794);
#511=LINE('',#3637,#795);
#512=LINE('',#3638,#796);
#513=LINE('',#3644,#797);
#514=LINE('',#3647,#798);
#515=LINE('',#3649,#799);
#516=LINE('',#3650,#800);
#517=LINE('',#3656,#801);
#518=LINE('',#3658,#802);
#519=LINE('',#3659,#803);
#520=LINE('',#3663,#804);
#521=LINE('',#3665,#805);
#522=LINE('',#3667,#806);
#523=LINE('',#3668,#807);
#524=LINE('',#3674,#808);
#525=LINE('',#3677,#809);
#526=LINE('',#3679,#810);
#527=LINE('',#3680,#811);
#528=LINE('',#3686,#812);
#529=LINE('',#3688,#813);
#530=LINE('',#3689,#814);
#531=LINE('',#3693,#815);
#532=LINE('',#3695,#816);
#533=LINE('',#3697,#817);
#534=LINE('',#3698,#818);
#535=LINE('',#3704,#819);
#536=LINE('',#3707,#820);
#537=LINE('',#3709,#821);
#538=LINE('',#3710,#822);
#539=LINE('',#3716,#823);
#540=LINE('',#3718,#824);
#541=LINE('',#3719,#825);
#542=LINE('',#3723,#826);
#543=LINE('',#3725,#827);
#544=LINE('',#3727,#828);
#545=LINE('',#3728,#829);
#546=LINE('',#3734,#830);
#547=LINE('',#3737,#831);
#548=LINE('',#3739,#832);
#549=LINE('',#3740,#833);
#550=LINE('',#3746,#834);
#551=LINE('',#3748,#835);
#552=LINE('',#3749,#836);
#553=LINE('',#3753,#837);
#554=LINE('',#3755,#838);
#555=LINE('',#3757,#839);
#556=LINE('',#3758,#840);
#557=LINE('',#3764,#841);
#558=LINE('',#3767,#842);
#559=LINE('',#3769,#843);
#560=LINE('',#3770,#844);
#561=LINE('',#3776,#845);
#562=LINE('',#3778,#846);
#563=LINE('',#3779,#847);
#564=LINE('',#3783,#848);
#565=LINE('',#3785,#849);
#566=LINE('',#3787,#850);
#567=LINE('',#3788,#851);
#568=LINE('',#3794,#852);
#569=LINE('',#3797,#853);
#570=LINE('',#3799,#854);
#571=LINE('',#3800,#855);
#572=LINE('',#3806,#856);
#573=LINE('',#3808,#857);
#574=LINE('',#3809,#858);
#575=LINE('',#3813,#859);
#576=LINE('',#3815,#860);
#577=LINE('',#3817,#861);
#578=LINE('',#3818,#862);
#579=LINE('',#3824,#863);
#580=LINE('',#3827,#864);
#581=LINE('',#3829,#865);
#582=LINE('',#3830,#866);
#583=LINE('',#3836,#867);
#584=LINE('',#3838,#868);
#585=LINE('',#3839,#869);
#586=LINE('',#3843,#870);
#587=LINE('',#3845,#871);
#588=LINE('',#3847,#872);
#589=LINE('',#3848,#873);
#590=LINE('',#3854,#874);
#591=LINE('',#3857,#875);
#592=LINE('',#3859,#876);
#593=LINE('',#3860,#877);
#594=LINE('',#3866,#878);
#595=LINE('',#3868,#879);
#596=LINE('',#3869,#880);
#597=LINE('',#3873,#881);
#598=LINE('',#3875,#882);
#599=LINE('',#3877,#883);
#600=LINE('',#3878,#884);
#601=LINE('',#3884,#885);
#602=LINE('',#3887,#886);
#603=LINE('',#3889,#887);
#604=LINE('',#3890,#888);
#605=LINE('',#3897,#889);
#606=LINE('',#3899,#890);
#607=LINE('',#3901,#891);
#608=LINE('',#3902,#892);
#609=LINE('',#3908,#893);
#610=LINE('',#3911,#894);
#611=LINE('',#3913,#895);
#612=LINE('',#3914,#896);
#613=LINE('',#3921,#897);
#614=LINE('',#3923,#898);
#615=LINE('',#3925,#899);
#616=LINE('',#3926,#900);
#617=LINE('',#3932,#901);
#618=LINE('',#3935,#902);
#619=LINE('',#3937,#903);
#620=LINE('',#3938,#904);
#621=LINE('',#3945,#905);
#622=LINE('',#3947,#906);
#623=LINE('',#3949,#907);
#624=LINE('',#3950,#908);
#625=LINE('',#3956,#909);
#626=LINE('',#3959,#910);
#627=LINE('',#3961,#911);
#628=LINE('',#3962,#912);
#629=LINE('',#3969,#913);
#630=LINE('',#3971,#914);
#631=LINE('',#3973,#915);
#632=LINE('',#3974,#916);
#633=LINE('',#3980,#917);
#634=LINE('',#3983,#918);
#635=LINE('',#3985,#919);
#636=LINE('',#3986,#920);
#637=LINE('',#3993,#921);
#638=LINE('',#3995,#922);
#639=LINE('',#3997,#923);
#640=LINE('',#3998,#924);
#641=LINE('',#4004,#925);
#642=LINE('',#4007,#926);
#643=LINE('',#4009,#927);
#644=LINE('',#4010,#928);
#645=LINE('',#4017,#929);
#646=LINE('',#4019,#930);
#647=LINE('',#4021,#931);
#648=LINE('',#4022,#932);
#649=LINE('',#4028,#933);
#650=LINE('',#4031,#934);
#651=LINE('',#4033,#935);
#652=LINE('',#4034,#936);
#653=LINE('',#4041,#937);
#654=LINE('',#4043,#938);
#655=LINE('',#4045,#939);
#656=LINE('',#4046,#940);
#657=LINE('',#4052,#941);
#658=LINE('',#4055,#942);
#659=LINE('',#4057,#943);
#660=LINE('',#4058,#944);
#661=LINE('',#4065,#945);
#662=LINE('',#4067,#946);
#663=LINE('',#4069,#947);
#664=LINE('',#4070,#948);
#665=LINE('',#4076,#949);
#666=LINE('',#4079,#950);
#667=LINE('',#4081,#951);
#668=LINE('',#4082,#952);
#669=LINE('',#4089,#953);
#670=LINE('',#4091,#954);
#671=LINE('',#4093,#955);
#672=LINE('',#4094,#956);
#673=LINE('',#4100,#957);
#674=LINE('',#4103,#958);
#675=LINE('',#4105,#959);
#676=LINE('',#4106,#960);
#677=LINE('',#4113,#961);
#678=LINE('',#4115,#962);
#679=LINE('',#4117,#963);
#680=LINE('',#4118,#964);
#681=LINE('',#4124,#965);
#682=LINE('',#4127,#966);
#683=LINE('',#4129,#967);
#684=LINE('',#4130,#968);
#685=LINE('',#4137,#969);
#686=LINE('',#4139,#970);
#687=LINE('',#4141,#971);
#688=LINE('',#4142,#972);
#689=LINE('',#4148,#973);
#690=LINE('',#4151,#974);
#691=LINE('',#4153,#975);
#692=LINE('',#4154,#976);
#693=LINE('',#4161,#977);
#694=LINE('',#4163,#978);
#695=LINE('',#4165,#979);
#696=LINE('',#4166,#980);
#697=LINE('',#4169,#981);
#698=LINE('',#4171,#982);
#699=LINE('',#4172,#983);
#700=LINE('',#4175,#984);
#701=LINE('',#4177,#985);
#702=LINE('',#4178,#986);
#703=LINE('',#4181,#987);
#704=LINE('',#4183,#988);
#705=LINE('',#4184,#989);
#706=LINE('',#4187,#990);
#707=LINE('',#4189,#991);
#708=LINE('',#4190,#992);
#709=LINE('',#4193,#993);
#710=LINE('',#4195,#994);
#711=LINE('',#4196,#995);
#712=LINE('',#4199,#996);
#713=LINE('',#4201,#997);
#714=LINE('',#4202,#998);
#715=LINE('',#4205,#999);
#716=LINE('',#4207,#1000);
#717=LINE('',#4208,#1001);
#718=LINE('',#4211,#1002);
#719=LINE('',#4213,#1003);
#720=LINE('',#4214,#1004);
#721=LINE('',#4217,#1005);
#722=LINE('',#4219,#1006);
#723=LINE('',#4220,#1007);
#724=LINE('',#4223,#1008);
#725=LINE('',#4225,#1009);
#726=LINE('',#4226,#1010);
#727=LINE('',#4229,#1011);
#728=LINE('',#4231,#1012);
#729=LINE('',#4232,#1013);
#730=LINE('',#4235,#1014);
#731=LINE('',#4237,#1015);
#732=LINE('',#4238,#1016);
#733=LINE('',#4241,#1017);
#734=LINE('',#4243,#1018);
#735=LINE('',#4244,#1019);
#736=LINE('',#4247,#1020);
#737=LINE('',#4249,#1021);
#738=LINE('',#4250,#1022);
#739=LINE('',#4253,#1023);
#740=LINE('',#4255,#1024);
#741=LINE('',#4256,#1025);
#742=LINE('',#4259,#1026);
#743=LINE('',#4261,#1027);
#744=LINE('',#4262,#1028);
#745=LINE('',#4265,#1029);
#746=LINE('',#4267,#1030);
#747=LINE('',#4268,#1031);
#748=LINE('',#4271,#1032);
#749=LINE('',#4273,#1033);
#750=LINE('',#4274,#1034);
#751=LINE('',#4277,#1035);
#752=LINE('',#4279,#1036);
#753=LINE('',#4280,#1037);
#754=LINE('',#4283,#1038);
#755=LINE('',#4285,#1039);
#756=LINE('',#4286,#1040);
#757=LINE('',#4289,#1041);
#758=LINE('',#4291,#1042);
#759=LINE('',#4292,#1043);
#760=LINE('',#4295,#1044);
#761=LINE('',#4297,#1045);
#762=LINE('',#4298,#1046);
#763=LINE('',#4301,#1047);
#764=LINE('',#4303,#1048);
#765=LINE('',#4304,#1049);
#766=LINE('',#4307,#1050);
#767=LINE('',#4309,#1051);
#768=LINE('',#4310,#1052);
#769=LINE('',#4312,#1053);
#770=LINE('',#4313,#1054);
#771=VECTOR('',#2859,10.);
#772=VECTOR('',#2860,10.);
#773=VECTOR('',#2861,10.);
#774=VECTOR('',#2862,10.);
#775=VECTOR('',#2869,10.);
#776=VECTOR('',#2872,10.);
#777=VECTOR('',#2873,10.);
#778=VECTOR('',#2874,10.);
#779=VECTOR('',#2881,10.);
#780=VECTOR('',#2884,10.);
#781=VECTOR('',#2885,10.);
#782=VECTOR('',#2888,10.);
#783=VECTOR('',#2889,10.);
#784=VECTOR('',#2890,10.);
#785=VECTOR('',#2891,10.);
#786=VECTOR('',#2898,10.);
#787=VECTOR('',#2901,10.);
#788=VECTOR('',#2902,10.);
#789=VECTOR('',#2903,10.);
#790=VECTOR('',#2910,10.);
#791=VECTOR('',#2913,10.);
#792=VECTOR('',#2914,10.);
#793=VECTOR('',#2917,10.);
#794=VECTOR('',#2918,10.);
#795=VECTOR('',#2919,10.);
#796=VECTOR('',#2920,10.);
#797=VECTOR('',#2927,10.);
#798=VECTOR('',#2930,10.);
#799=VECTOR('',#2931,10.);
#800=VECTOR('',#2932,10.);
#801=VECTOR('',#2939,10.);
#802=VECTOR('',#2942,10.);
#803=VECTOR('',#2943,10.);
#804=VECTOR('',#2946,10.);
#805=VECTOR('',#2947,10.);
#806=VECTOR('',#2948,10.);
#807=VECTOR('',#2949,10.);
#808=VECTOR('',#2956,10.);
#809=VECTOR('',#2959,10.);
#810=VECTOR('',#2960,10.);
#811=VECTOR('',#2961,10.);
#812=VECTOR('',#2968,10.);
#813=VECTOR('',#2971,10.);
#814=VECTOR('',#2972,10.);
#815=VECTOR('',#2975,10.);
#816=VECTOR('',#2976,10.);
#817=VECTOR('',#2977,10.);
#818=VECTOR('',#2978,10.);
#819=VECTOR('',#2985,10.);
#820=VECTOR('',#2988,10.);
#821=VECTOR('',#2989,10.);
#822=VECTOR('',#2990,10.);
#823=VECTOR('',#2997,10.);
#824=VECTOR('',#3000,10.);
#825=VECTOR('',#3001,10.);
#826=VECTOR('',#3004,10.);
#827=VECTOR('',#3005,10.);
#828=VECTOR('',#3006,10.);
#829=VECTOR('',#3007,10.);
#830=VECTOR('',#3014,10.);
#831=VECTOR('',#3017,10.);
#832=VECTOR('',#3018,10.);
#833=VECTOR('',#3019,10.);
#834=VECTOR('',#3026,10.);
#835=VECTOR('',#3029,10.);
#836=VECTOR('',#3030,10.);
#837=VECTOR('',#3033,10.);
#838=VECTOR('',#3034,10.);
#839=VECTOR('',#3035,10.);
#840=VECTOR('',#3036,10.);
#841=VECTOR('',#3043,10.);
#842=VECTOR('',#3046,10.);
#843=VECTOR('',#3047,10.);
#844=VECTOR('',#3048,10.);
#845=VECTOR('',#3055,10.);
#846=VECTOR('',#3058,10.);
#847=VECTOR('',#3059,10.);
#848=VECTOR('',#3062,10.);
#849=VECTOR('',#3063,10.);
#850=VECTOR('',#3064,10.);
#851=VECTOR('',#3065,10.);
#852=VECTOR('',#3072,10.);
#853=VECTOR('',#3075,10.);
#854=VECTOR('',#3076,10.);
#855=VECTOR('',#3077,10.);
#856=VECTOR('',#3084,10.);
#857=VECTOR('',#3087,10.);
#858=VECTOR('',#3088,10.);
#859=VECTOR('',#3091,10.);
#860=VECTOR('',#3092,10.);
#861=VECTOR('',#3093,10.);
#862=VECTOR('',#3094,10.);
#863=VECTOR('',#3101,10.);
#864=VECTOR('',#3104,10.);
#865=VECTOR('',#3105,10.);
#866=VECTOR('',#3106,10.);
#867=VECTOR('',#3113,10.);
#868=VECTOR('',#3116,10.);
#869=VECTOR('',#3117,10.);
#870=VECTOR('',#3120,10.);
#871=VECTOR('',#3121,10.);
#872=VECTOR('',#3122,10.);
#873=VECTOR('',#3123,10.);
#874=VECTOR('',#3130,10.);
#875=VECTOR('',#3133,10.);
#876=VECTOR('',#3134,10.);
#877=VECTOR('',#3135,10.);
#878=VECTOR('',#3142,10.);
#879=VECTOR('',#3145,10.);
#880=VECTOR('',#3146,10.);
#881=VECTOR('',#3149,10.);
#882=VECTOR('',#3150,10.);
#883=VECTOR('',#3151,10.);
#884=VECTOR('',#3152,10.);
#885=VECTOR('',#3159,10.);
#886=VECTOR('',#3162,10.);
#887=VECTOR('',#3163,10.);
#888=VECTOR('',#3164,10.);
#889=VECTOR('',#3173,10.);
#890=VECTOR('',#3174,10.);
#891=VECTOR('',#3175,10.);
#892=VECTOR('',#3176,10.);
#893=VECTOR('',#3183,10.);
#894=VECTOR('',#3186,10.);
#895=VECTOR('',#3187,10.);
#896=VECTOR('',#3188,10.);
#897=VECTOR('',#3197,10.);
#898=VECTOR('',#3198,10.);
#899=VECTOR('',#3199,10.);
#900=VECTOR('',#3200,10.);
#901=VECTOR('',#3207,10.);
#902=VECTOR('',#3210,10.);
#903=VECTOR('',#3211,10.);
#904=VECTOR('',#3212,10.);
#905=VECTOR('',#3221,10.);
#906=VECTOR('',#3222,10.);
#907=VECTOR('',#3223,10.);
#908=VECTOR('',#3224,10.);
#909=VECTOR('',#3231,10.);
#910=VECTOR('',#3234,10.);
#911=VECTOR('',#3235,10.);
#912=VECTOR('',#3236,10.);
#913=VECTOR('',#3245,10.);
#914=VECTOR('',#3246,10.);
#915=VECTOR('',#3247,10.);
#916=VECTOR('',#3248,10.);
#917=VECTOR('',#3255,10.);
#918=VECTOR('',#3258,10.);
#919=VECTOR('',#3259,10.);
#920=VECTOR('',#3260,10.);
#921=VECTOR('',#3269,10.);
#922=VECTOR('',#3270,10.);
#923=VECTOR('',#3271,10.);
#924=VECTOR('',#3272,10.);
#925=VECTOR('',#3279,10.);
#926=VECTOR('',#3282,10.);
#927=VECTOR('',#3283,10.);
#928=VECTOR('',#3284,10.);
#929=VECTOR('',#3293,10.);
#930=VECTOR('',#3294,10.);
#931=VECTOR('',#3295,10.);
#932=VECTOR('',#3296,10.);
#933=VECTOR('',#3303,10.);
#934=VECTOR('',#3306,10.);
#935=VECTOR('',#3307,10.);
#936=VECTOR('',#3308,10.);
#937=VECTOR('',#3317,10.);
#938=VECTOR('',#3318,10.);
#939=VECTOR('',#3319,10.);
#940=VECTOR('',#3320,10.);
#941=VECTOR('',#3327,10.);
#942=VECTOR('',#3330,10.);
#943=VECTOR('',#3331,10.);
#944=VECTOR('',#3332,10.);
#945=VECTOR('',#3341,10.);
#946=VECTOR('',#3342,10.);
#947=VECTOR('',#3343,10.);
#948=VECTOR('',#3344,10.);
#949=VECTOR('',#3351,10.);
#950=VECTOR('',#3354,10.);
#951=VECTOR('',#3355,10.);
#952=VECTOR('',#3356,10.);
#953=VECTOR('',#3365,10.);
#954=VECTOR('',#3366,10.);
#955=VECTOR('',#3367,10.);
#956=VECTOR('',#3368,10.);
#957=VECTOR('',#3375,10.);
#958=VECTOR('',#3378,10.);
#959=VECTOR('',#3379,10.);
#960=VECTOR('',#3380,10.);
#961=VECTOR('',#3389,10.);
#962=VECTOR('',#3390,10.);
#963=VECTOR('',#3391,10.);
#964=VECTOR('',#3392,10.);
#965=VECTOR('',#3399,10.);
#966=VECTOR('',#3402,10.);
#967=VECTOR('',#3403,10.);
#968=VECTOR('',#3404,10.);
#969=VECTOR('',#3413,10.);
#970=VECTOR('',#3414,10.);
#971=VECTOR('',#3415,10.);
#972=VECTOR('',#3416,10.);
#973=VECTOR('',#3423,10.);
#974=VECTOR('',#3426,10.);
#975=VECTOR('',#3427,10.);
#976=VECTOR('',#3428,10.);
#977=VECTOR('',#3437,10.);
#978=VECTOR('',#3438,10.);
#979=VECTOR('',#3439,10.);
#980=VECTOR('',#3440,10.);
#981=VECTOR('',#3443,10.);
#982=VECTOR('',#3444,10.);
#983=VECTOR('',#3445,10.);
#984=VECTOR('',#3448,10.);
#985=VECTOR('',#3449,10.);
#986=VECTOR('',#3450,10.);
#987=VECTOR('',#3453,10.);
#988=VECTOR('',#3454,10.);
#989=VECTOR('',#3455,10.);
#990=VECTOR('',#3458,10.);
#991=VECTOR('',#3459,10.);
#992=VECTOR('',#3460,10.);
#993=VECTOR('',#3463,10.);
#994=VECTOR('',#3464,10.);
#995=VECTOR('',#3465,10.);
#996=VECTOR('',#3468,10.);
#997=VECTOR('',#3469,10.);
#998=VECTOR('',#3470,10.);
#999=VECTOR('',#3473,10.);
#1000=VECTOR('',#3474,10.);
#1001=VECTOR('',#3475,10.);
#1002=VECTOR('',#3478,10.);
#1003=VECTOR('',#3479,10.);
#1004=VECTOR('',#3480,10.);
#1005=VECTOR('',#3483,10.);
#1006=VECTOR('',#3484,10.);
#1007=VECTOR('',#3485,10.);
#1008=VECTOR('',#3488,10.);
#1009=VECTOR('',#3489,10.);
#1010=VECTOR('',#3490,10.);
#1011=VECTOR('',#3493,10.);
#1012=VECTOR('',#3494,10.);
#1013=VECTOR('',#3495,10.);
#1014=VECTOR('',#3498,10.);
#1015=VECTOR('',#3499,10.);
#1016=VECTOR('',#3500,10.);
#1017=VECTOR('',#3503,10.);
#1018=VECTOR('',#3504,10.);
#1019=VECTOR('',#3505,10.);
#1020=VECTOR('',#3508,10.);
#1021=VECTOR('',#3509,10.);
#1022=VECTOR('',#3510,10.);
#1023=VECTOR('',#3513,10.);
#1024=VECTOR('',#3514,10.);
#1025=VECTOR('',#3515,10.);
#1026=VECTOR('',#3518,10.);
#1027=VECTOR('',#3519,10.);
#1028=VECTOR('',#3520,10.);
#1029=VECTOR('',#3523,10.);
#1030=VECTOR('',#3524,10.);
#1031=VECTOR('',#3525,10.);
#1032=VECTOR('',#3528,10.);
#1033=VECTOR('',#3529,10.);
#1034=VECTOR('',#3530,10.);
#1035=VECTOR('',#3533,10.);
#1036=VECTOR('',#3534,10.);
#1037=VECTOR('',#3535,10.);
#1038=VECTOR('',#3538,10.);
#1039=VECTOR('',#3539,10.);
#1040=VECTOR('',#3540,10.);
#1041=VECTOR('',#3543,10.);
#1042=VECTOR('',#3544,10.);
#1043=VECTOR('',#3545,10.);
#1044=VECTOR('',#3548,10.);
#1045=VECTOR('',#3549,10.);
#1046=VECTOR('',#3550,10.);
#1047=VECTOR('',#3553,10.);
#1048=VECTOR('',#3554,10.);
#1049=VECTOR('',#3555,10.);
#1050=VECTOR('',#3558,10.);
#1051=VECTOR('',#3559,10.);
#1052=VECTOR('',#3560,10.);
#1053=VECTOR('',#3563,10.);
#1054=VECTOR('',#3564,10.);
#1055=VERTEX_POINT('',#3571);
#1056=VERTEX_POINT('',#3572);
#1057=VERTEX_POINT('',#3574);
#1058=VERTEX_POINT('',#3576);
#1059=VERTEX_POINT('',#3580);
#1060=VERTEX_POINT('',#3582);
#1061=VERTEX_POINT('',#3586);
#1062=VERTEX_POINT('',#3588);
#1063=VERTEX_POINT('',#3592);
#1064=VERTEX_POINT('',#3594);
#1065=VERTEX_POINT('',#3601);
#1066=VERTEX_POINT('',#3602);
#1067=VERTEX_POINT('',#3604);
#1068=VERTEX_POINT('',#3606);
#1069=VERTEX_POINT('',#3610);
#1070=VERTEX_POINT('',#3612);
#1071=VERTEX_POINT('',#3616);
#1072=VERTEX_POINT('',#3618);
#1073=VERTEX_POINT('',#3622);
#1074=VERTEX_POINT('',#3624);
#1075=VERTEX_POINT('',#3631);
#1076=VERTEX_POINT('',#3632);
#1077=VERTEX_POINT('',#3634);
#1078=VERTEX_POINT('',#3636);
#1079=VERTEX_POINT('',#3640);
#1080=VERTEX_POINT('',#3642);
#1081=VERTEX_POINT('',#3646);
#1082=VERTEX_POINT('',#3648);
#1083=VERTEX_POINT('',#3652);
#1084=VERTEX_POINT('',#3654);
#1085=VERTEX_POINT('',#3661);
#1086=VERTEX_POINT('',#3662);
#1087=VERTEX_POINT('',#3664);
#1088=VERTEX_POINT('',#3666);
#1089=VERTEX_POINT('',#3670);
#1090=VERTEX_POINT('',#3672);
#1091=VERTEX_POINT('',#3676);
#1092=VERTEX_POINT('',#3678);
#1093=VERTEX_POINT('',#3682);
#1094=VERTEX_POINT('',#3684);
#1095=VERTEX_POINT('',#3691);
#1096=VERTEX_POINT('',#3692);
#1097=VERTEX_POINT('',#3694);
#1098=VERTEX_POINT('',#3696);
#1099=VERTEX_POINT('',#3700);
#1100=VERTEX_POINT('',#3702);
#1101=VERTEX_POINT('',#3706);
#1102=VERTEX_POINT('',#3708);
#1103=VERTEX_POINT('',#3712);
#1104=VERTEX_POINT('',#3714);
#1105=VERTEX_POINT('',#3721);
#1106=VERTEX_POINT('',#3722);
#1107=VERTEX_POINT('',#3724);
#1108=VERTEX_POINT('',#3726);
#1109=VERTEX_POINT('',#3730);
#1110=VERTEX_POINT('',#3732);
#1111=VERTEX_POINT('',#3736);
#1112=VERTEX_POINT('',#3738);
#1113=VERTEX_POINT('',#3742);
#1114=VERTEX_POINT('',#3744);
#1115=VERTEX_POINT('',#3751);
#1116=VERTEX_POINT('',#3752);
#1117=VERTEX_POINT('',#3754);
#1118=VERTEX_POINT('',#3756);
#1119=VERTEX_POINT('',#3760);
#1120=VERTEX_POINT('',#3762);
#1121=VERTEX_POINT('',#3766);
#1122=VERTEX_POINT('',#3768);
#1123=VERTEX_POINT('',#3772);
#1124=VERTEX_POINT('',#3774);
#1125=VERTEX_POINT('',#3781);
#1126=VERTEX_POINT('',#3782);
#1127=VERTEX_POINT('',#3784);
#1128=VERTEX_POINT('',#3786);
#1129=VERTEX_POINT('',#3790);
#1130=VERTEX_POINT('',#3792);
#1131=VERTEX_POINT('',#3796);
#1132=VERTEX_POINT('',#3798);
#1133=VERTEX_POINT('',#3802);
#1134=VERTEX_POINT('',#3804);
#1135=VERTEX_POINT('',#3811);
#1136=VERTEX_POINT('',#3812);
#1137=VERTEX_POINT('',#3814);
#1138=VERTEX_POINT('',#3816);
#1139=VERTEX_POINT('',#3820);
#1140=VERTEX_POINT('',#3822);
#1141=VERTEX_POINT('',#3826);
#1142=VERTEX_POINT('',#3828);
#1143=VERTEX_POINT('',#3832);
#1144=VERTEX_POINT('',#3834);
#1145=VERTEX_POINT('',#3841);
#1146=VERTEX_POINT('',#3842);
#1147=VERTEX_POINT('',#3844);
#1148=VERTEX_POINT('',#3846);
#1149=VERTEX_POINT('',#3850);
#1150=VERTEX_POINT('',#3852);
#1151=VERTEX_POINT('',#3856);
#1152=VERTEX_POINT('',#3858);
#1153=VERTEX_POINT('',#3862);
#1154=VERTEX_POINT('',#3864);
#1155=VERTEX_POINT('',#3871);
#1156=VERTEX_POINT('',#3872);
#1157=VERTEX_POINT('',#3874);
#1158=VERTEX_POINT('',#3876);
#1159=VERTEX_POINT('',#3880);
#1160=VERTEX_POINT('',#3882);
#1161=VERTEX_POINT('',#3886);
#1162=VERTEX_POINT('',#3888);
#1163=VERTEX_POINT('',#3895);
#1164=VERTEX_POINT('',#3896);
#1165=VERTEX_POINT('',#3898);
#1166=VERTEX_POINT('',#3900);
#1167=VERTEX_POINT('',#3904);
#1168=VERTEX_POINT('',#3906);
#1169=VERTEX_POINT('',#3910);
#1170=VERTEX_POINT('',#3912);
#1171=VERTEX_POINT('',#3919);
#1172=VERTEX_POINT('',#3920);
#1173=VERTEX_POINT('',#3922);
#1174=VERTEX_POINT('',#3924);
#1175=VERTEX_POINT('',#3928);
#1176=VERTEX_POINT('',#3930);
#1177=VERTEX_POINT('',#3934);
#1178=VERTEX_POINT('',#3936);
#1179=VERTEX_POINT('',#3943);
#1180=VERTEX_POINT('',#3944);
#1181=VERTEX_POINT('',#3946);
#1182=VERTEX_POINT('',#3948);
#1183=VERTEX_POINT('',#3952);
#1184=VERTEX_POINT('',#3954);
#1185=VERTEX_POINT('',#3958);
#1186=VERTEX_POINT('',#3960);
#1187=VERTEX_POINT('',#3967);
#1188=VERTEX_POINT('',#3968);
#1189=VERTEX_POINT('',#3970);
#1190=VERTEX_POINT('',#3972);
#1191=VERTEX_POINT('',#3976);
#1192=VERTEX_POINT('',#3978);
#1193=VERTEX_POINT('',#3982);
#1194=VERTEX_POINT('',#3984);
#1195=VERTEX_POINT('',#3991);
#1196=VERTEX_POINT('',#3992);
#1197=VERTEX_POINT('',#3994);
#1198=VERTEX_POINT('',#3996);
#1199=VERTEX_POINT('',#4000);
#1200=VERTEX_POINT('',#4002);
#1201=VERTEX_POINT('',#4006);
#1202=VERTEX_POINT('',#4008);
#1203=VERTEX_POINT('',#4015);
#1204=VERTEX_POINT('',#4016);
#1205=VERTEX_POINT('',#4018);
#1206=VERTEX_POINT('',#4020);
#1207=VERTEX_POINT('',#4024);
#1208=VERTEX_POINT('',#4026);
#1209=VERTEX_POINT('',#4030);
#1210=VERTEX_POINT('',#4032);
#1211=VERTEX_POINT('',#4039);
#1212=VERTEX_POINT('',#4040);
#1213=VERTEX_POINT('',#4042);
#1214=VERTEX_POINT('',#4044);
#1215=VERTEX_POINT('',#4048);
#1216=VERTEX_POINT('',#4050);
#1217=VERTEX_POINT('',#4054);
#1218=VERTEX_POINT('',#4056);
#1219=VERTEX_POINT('',#4063);
#1220=VERTEX_POINT('',#4064);
#1221=VERTEX_POINT('',#4066);
#1222=VERTEX_POINT('',#4068);
#1223=VERTEX_POINT('',#4072);
#1224=VERTEX_POINT('',#4074);
#1225=VERTEX_POINT('',#4078);
#1226=VERTEX_POINT('',#4080);
#1227=VERTEX_POINT('',#4087);
#1228=VERTEX_POINT('',#4088);
#1229=VERTEX_POINT('',#4090);
#1230=VERTEX_POINT('',#4092);
#1231=VERTEX_POINT('',#4096);
#1232=VERTEX_POINT('',#4098);
#1233=VERTEX_POINT('',#4102);
#1234=VERTEX_POINT('',#4104);
#1235=VERTEX_POINT('',#4111);
#1236=VERTEX_POINT('',#4112);
#1237=VERTEX_POINT('',#4114);
#1238=VERTEX_POINT('',#4116);
#1239=VERTEX_POINT('',#4120);
#1240=VERTEX_POINT('',#4122);
#1241=VERTEX_POINT('',#4126);
#1242=VERTEX_POINT('',#4128);
#1243=VERTEX_POINT('',#4135);
#1244=VERTEX_POINT('',#4136);
#1245=VERTEX_POINT('',#4138);
#1246=VERTEX_POINT('',#4140);
#1247=VERTEX_POINT('',#4144);
#1248=VERTEX_POINT('',#4146);
#1249=VERTEX_POINT('',#4150);
#1250=VERTEX_POINT('',#4152);
#1251=VERTEX_POINT('',#4159);
#1252=VERTEX_POINT('',#4160);
#1253=VERTEX_POINT('',#4162);
#1254=VERTEX_POINT('',#4164);
#1255=VERTEX_POINT('',#4168);
#1256=VERTEX_POINT('',#4170);
#1257=VERTEX_POINT('',#4174);
#1258=VERTEX_POINT('',#4176);
#1259=VERTEX_POINT('',#4180);
#1260=VERTEX_POINT('',#4182);
#1261=VERTEX_POINT('',#4186);
#1262=VERTEX_POINT('',#4188);
#1263=VERTEX_POINT('',#4192);
#1264=VERTEX_POINT('',#4194);
#1265=VERTEX_POINT('',#4198);
#1266=VERTEX_POINT('',#4200);
#1267=VERTEX_POINT('',#4204);
#1268=VERTEX_POINT('',#4206);
#1269=VERTEX_POINT('',#4210);
#1270=VERTEX_POINT('',#4212);
#1271=VERTEX_POINT('',#4216);
#1272=VERTEX_POINT('',#4218);
#1273=VERTEX_POINT('',#4222);
#1274=VERTEX_POINT('',#4224);
#1275=VERTEX_POINT('',#4228);
#1276=VERTEX_POINT('',#4230);
#1277=VERTEX_POINT('',#4234);
#1278=VERTEX_POINT('',#4236);
#1279=VERTEX_POINT('',#4240);
#1280=VERTEX_POINT('',#4242);
#1281=VERTEX_POINT('',#4246);
#1282=VERTEX_POINT('',#4248);
#1283=VERTEX_POINT('',#4252);
#1284=VERTEX_POINT('',#4254);
#1285=VERTEX_POINT('',#4258);
#1286=VERTEX_POINT('',#4260);
#1287=VERTEX_POINT('',#4264);
#1288=VERTEX_POINT('',#4266);
#1289=VERTEX_POINT('',#4270);
#1290=VERTEX_POINT('',#4272);
#1291=VERTEX_POINT('',#4276);
#1292=VERTEX_POINT('',#4278);
#1293=VERTEX_POINT('',#4282);
#1294=VERTEX_POINT('',#4284);
#1295=VERTEX_POINT('',#4288);
#1296=VERTEX_POINT('',#4290);
#1297=VERTEX_POINT('',#4294);
#1298=VERTEX_POINT('',#4296);
#1299=VERTEX_POINT('',#4300);
#1300=VERTEX_POINT('',#4302);
#1301=VERTEX_POINT('',#4306);
#1302=VERTEX_POINT('',#4308);
#1303=EDGE_CURVE('',#1055,#1056,#487,.T.);
#1304=EDGE_CURVE('',#1057,#1055,#488,.T.);
#1305=EDGE_CURVE('',#1058,#1057,#489,.T.);
#1306=EDGE_CURVE('',#1058,#1056,#490,.T.);
#1307=EDGE_CURVE('',#1056,#1059,#59,.T.);
#1308=EDGE_CURVE('',#1060,#1058,#60,.T.);
#1309=EDGE_CURVE('',#1060,#1059,#491,.T.);
#1310=EDGE_CURVE('',#1059,#1061,#492,.T.);
#1311=EDGE_CURVE('',#1062,#1060,#493,.T.);
#1312=EDGE_CURVE('',#1062,#1061,#494,.T.);
#1313=EDGE_CURVE('',#1061,#1063,#61,.T.);
#1314=EDGE_CURVE('',#1064,#1062,#62,.T.);
#1315=EDGE_CURVE('',#1064,#1063,#495,.T.);
#1316=EDGE_CURVE('',#1063,#1055,#496,.T.);
#1317=EDGE_CURVE('',#1057,#1064,#497,.T.);
#1318=EDGE_CURVE('',#1065,#1066,#498,.T.);
#1319=EDGE_CURVE('',#1067,#1065,#499,.T.);
#1320=EDGE_CURVE('',#1068,#1067,#500,.T.);
#1321=EDGE_CURVE('',#1068,#1066,#501,.T.);
#1322=EDGE_CURVE('',#1066,#1069,#63,.T.);
#1323=EDGE_CURVE('',#1070,#1068,#64,.T.);
#1324=EDGE_CURVE('',#1070,#1069,#502,.T.);
#1325=EDGE_CURVE('',#1069,#1071,#503,.T.);
#1326=EDGE_CURVE('',#1072,#1070,#504,.T.);
#1327=EDGE_CURVE('',#1072,#1071,#505,.T.);
#1328=EDGE_CURVE('',#1071,#1073,#65,.T.);
#1329=EDGE_CURVE('',#1074,#1072,#66,.T.);
#1330=EDGE_CURVE('',#1074,#1073,#506,.T.);
#1331=EDGE_CURVE('',#1073,#1065,#507,.T.);
#1332=EDGE_CURVE('',#1067,#1074,#508,.T.);
#1333=EDGE_CURVE('',#1075,#1076,#509,.T.);
#1334=EDGE_CURVE('',#1077,#1075,#510,.T.);
#1335=EDGE_CURVE('',#1078,#1077,#511,.T.);
#1336=EDGE_CURVE('',#1078,#1076,#512,.T.);
#1337=EDGE_CURVE('',#1076,#1079,#67,.T.);
#1338=EDGE_CURVE('',#1080,#1078,#68,.T.);
#1339=EDGE_CURVE('',#1080,#1079,#513,.T.);
#1340=EDGE_CURVE('',#1079,#1081,#514,.T.);
#1341=EDGE_CURVE('',#1082,#1080,#515,.T.);
#1342=EDGE_CURVE('',#1082,#1081,#516,.T.);
#1343=EDGE_CURVE('',#1081,#1083,#69,.T.);
#1344=EDGE_CURVE('',#1084,#1082,#70,.T.);
#1345=EDGE_CURVE('',#1084,#1083,#517,.T.);
#1346=EDGE_CURVE('',#1083,#1075,#518,.T.);
#1347=EDGE_CURVE('',#1077,#1084,#519,.T.);
#1348=EDGE_CURVE('',#1085,#1086,#520,.T.);
#1349=EDGE_CURVE('',#1087,#1085,#521,.T.);
#1350=EDGE_CURVE('',#1088,#1087,#522,.T.);
#1351=EDGE_CURVE('',#1088,#1086,#523,.T.);
#1352=EDGE_CURVE('',#1086,#1089,#71,.T.);
#1353=EDGE_CURVE('',#1090,#1088,#72,.T.);
#1354=EDGE_CURVE('',#1090,#1089,#524,.T.);
#1355=EDGE_CURVE('',#1089,#1091,#525,.T.);
#1356=EDGE_CURVE('',#1092,#1090,#526,.T.);
#1357=EDGE_CURVE('',#1092,#1091,#527,.T.);
#1358=EDGE_CURVE('',#1091,#1093,#73,.T.);
#1359=EDGE_CURVE('',#1094,#1092,#74,.T.);
#1360=EDGE_CURVE('',#1094,#1093,#528,.T.);
#1361=EDGE_CURVE('',#1093,#1085,#529,.T.);
#1362=EDGE_CURVE('',#1087,#1094,#530,.T.);
#1363=EDGE_CURVE('',#1095,#1096,#531,.T.);
#1364=EDGE_CURVE('',#1097,#1095,#532,.T.);
#1365=EDGE_CURVE('',#1098,#1097,#533,.T.);
#1366=EDGE_CURVE('',#1098,#1096,#534,.T.);
#1367=EDGE_CURVE('',#1096,#1099,#75,.T.);
#1368=EDGE_CURVE('',#1100,#1098,#76,.T.);
#1369=EDGE_CURVE('',#1100,#1099,#535,.T.);
#1370=EDGE_CURVE('',#1099,#1101,#536,.T.);
#1371=EDGE_CURVE('',#1102,#1100,#537,.T.);
#1372=EDGE_CURVE('',#1102,#1101,#538,.T.);
#1373=EDGE_CURVE('',#1101,#1103,#77,.T.);
#1374=EDGE_CURVE('',#1104,#1102,#78,.T.);
#1375=EDGE_CURVE('',#1104,#1103,#539,.T.);
#1376=EDGE_CURVE('',#1103,#1095,#540,.T.);
#1377=EDGE_CURVE('',#1097,#1104,#541,.T.);
#1378=EDGE_CURVE('',#1105,#1106,#542,.T.);
#1379=EDGE_CURVE('',#1107,#1105,#543,.T.);
#1380=EDGE_CURVE('',#1108,#1107,#544,.T.);
#1381=EDGE_CURVE('',#1108,#1106,#545,.T.);
#1382=EDGE_CURVE('',#1106,#1109,#79,.T.);
#1383=EDGE_CURVE('',#1110,#1108,#80,.T.);
#1384=EDGE_CURVE('',#1110,#1109,#546,.T.);
#1385=EDGE_CURVE('',#1109,#1111,#547,.T.);
#1386=EDGE_CURVE('',#1112,#1110,#548,.T.);
#1387=EDGE_CURVE('',#1112,#1111,#549,.T.);
#1388=EDGE_CURVE('',#1111,#1113,#81,.T.);
#1389=EDGE_CURVE('',#1114,#1112,#82,.T.);
#1390=EDGE_CURVE('',#1114,#1113,#550,.T.);
#1391=EDGE_CURVE('',#1113,#1105,#551,.T.);
#1392=EDGE_CURVE('',#1107,#1114,#552,.T.);
#1393=EDGE_CURVE('',#1115,#1116,#553,.T.);
#1394=EDGE_CURVE('',#1117,#1115,#554,.T.);
#1395=EDGE_CURVE('',#1118,#1117,#555,.T.);
#1396=EDGE_CURVE('',#1118,#1116,#556,.T.);
#1397=EDGE_CURVE('',#1116,#1119,#83,.T.);
#1398=EDGE_CURVE('',#1120,#1118,#84,.T.);
#1399=EDGE_CURVE('',#1120,#1119,#557,.T.);
#1400=EDGE_CURVE('',#1119,#1121,#558,.T.);
#1401=EDGE_CURVE('',#1122,#1120,#559,.T.);
#1402=EDGE_CURVE('',#1122,#1121,#560,.T.);
#1403=EDGE_CURVE('',#1121,#1123,#85,.T.);
#1404=EDGE_CURVE('',#1124,#1122,#86,.T.);
#1405=EDGE_CURVE('',#1124,#1123,#561,.T.);
#1406=EDGE_CURVE('',#1123,#1115,#562,.T.);
#1407=EDGE_CURVE('',#1117,#1124,#563,.T.);
#1408=EDGE_CURVE('',#1125,#1126,#564,.T.);
#1409=EDGE_CURVE('',#1127,#1125,#565,.T.);
#1410=EDGE_CURVE('',#1128,#1127,#566,.T.);
#1411=EDGE_CURVE('',#1128,#1126,#567,.T.);
#1412=EDGE_CURVE('',#1126,#1129,#87,.T.);
#1413=EDGE_CURVE('',#1130,#1128,#88,.T.);
#1414=EDGE_CURVE('',#1130,#1129,#568,.T.);
#1415=EDGE_CURVE('',#1129,#1131,#569,.T.);
#1416=EDGE_CURVE('',#1132,#1130,#570,.T.);
#1417=EDGE_CURVE('',#1132,#1131,#571,.T.);
#1418=EDGE_CURVE('',#1131,#1133,#89,.T.);
#1419=EDGE_CURVE('',#1134,#1132,#90,.T.);
#1420=EDGE_CURVE('',#1134,#1133,#572,.T.);
#1421=EDGE_CURVE('',#1133,#1125,#573,.T.);
#1422=EDGE_CURVE('',#1127,#1134,#574,.T.);
#1423=EDGE_CURVE('',#1135,#1136,#575,.T.);
#1424=EDGE_CURVE('',#1137,#1135,#576,.T.);
#1425=EDGE_CURVE('',#1138,#1137,#577,.T.);
#1426=EDGE_CURVE('',#1138,#1136,#578,.T.);
#1427=EDGE_CURVE('',#1136,#1139,#91,.T.);
#1428=EDGE_CURVE('',#1140,#1138,#92,.T.);
#1429=EDGE_CURVE('',#1140,#1139,#579,.T.);
#1430=EDGE_CURVE('',#1139,#1141,#580,.T.);
#1431=EDGE_CURVE('',#1142,#1140,#581,.T.);
#1432=EDGE_CURVE('',#1142,#1141,#582,.T.);
#1433=EDGE_CURVE('',#1141,#1143,#93,.T.);
#1434=EDGE_CURVE('',#1144,#1142,#94,.T.);
#1435=EDGE_CURVE('',#1144,#1143,#583,.T.);
#1436=EDGE_CURVE('',#1143,#1135,#584,.T.);
#1437=EDGE_CURVE('',#1137,#1144,#585,.T.);
#1438=EDGE_CURVE('',#1145,#1146,#586,.T.);
#1439=EDGE_CURVE('',#1147,#1145,#587,.T.);
#1440=EDGE_CURVE('',#1148,#1147,#588,.T.);
#1441=EDGE_CURVE('',#1148,#1146,#589,.T.);
#1442=EDGE_CURVE('',#1146,#1149,#95,.T.);
#1443=EDGE_CURVE('',#1150,#1148,#96,.T.);
#1444=EDGE_CURVE('',#1150,#1149,#590,.T.);
#1445=EDGE_CURVE('',#1149,#1151,#591,.T.);
#1446=EDGE_CURVE('',#1152,#1150,#592,.T.);
#1447=EDGE_CURVE('',#1152,#1151,#593,.T.);
#1448=EDGE_CURVE('',#1151,#1153,#97,.T.);
#1449=EDGE_CURVE('',#1154,#1152,#98,.T.);
#1450=EDGE_CURVE('',#1154,#1153,#594,.T.);
#1451=EDGE_CURVE('',#1153,#1145,#595,.T.);
#1452=EDGE_CURVE('',#1147,#1154,#596,.T.);
#1453=EDGE_CURVE('',#1155,#1156,#597,.T.);
#1454=EDGE_CURVE('',#1157,#1155,#598,.T.);
#1455=EDGE_CURVE('',#1158,#1157,#599,.T.);
#1456=EDGE_CURVE('',#1158,#1156,#600,.T.);
#1457=EDGE_CURVE('',#1156,#1159,#99,.T.);
#1458=EDGE_CURVE('',#1160,#1158,#100,.T.);
#1459=EDGE_CURVE('',#1160,#1159,#601,.T.);
#1460=EDGE_CURVE('',#1159,#1161,#602,.T.);
#1461=EDGE_CURVE('',#1162,#1160,#603,.T.);
#1462=EDGE_CURVE('',#1162,#1161,#604,.T.);
#1463=EDGE_CURVE('',#1161,#1155,#101,.T.);
#1464=EDGE_CURVE('',#1157,#1162,#102,.T.);
#1465=EDGE_CURVE('',#1163,#1164,#605,.T.);
#1466=EDGE_CURVE('',#1165,#1163,#606,.T.);
#1467=EDGE_CURVE('',#1166,#1165,#607,.T.);
#1468=EDGE_CURVE('',#1166,#1164,#608,.T.);
#1469=EDGE_CURVE('',#1164,#1167,#103,.T.);
#1470=EDGE_CURVE('',#1168,#1166,#104,.T.);
#1471=EDGE_CURVE('',#1168,#1167,#609,.T.);
#1472=EDGE_CURVE('',#1167,#1169,#610,.T.);
#1473=EDGE_CURVE('',#1170,#1168,#611,.T.);
#1474=EDGE_CURVE('',#1170,#1169,#612,.T.);
#1475=EDGE_CURVE('',#1169,#1163,#105,.T.);
#1476=EDGE_CURVE('',#1165,#1170,#106,.T.);
#1477=EDGE_CURVE('',#1171,#1172,#613,.T.);
#1478=EDGE_CURVE('',#1173,#1171,#614,.T.);
#1479=EDGE_CURVE('',#1174,#1173,#615,.T.);
#1480=EDGE_CURVE('',#1174,#1172,#616,.T.);
#1481=EDGE_CURVE('',#1172,#1175,#107,.T.);
#1482=EDGE_CURVE('',#1176,#1174,#108,.T.);
#1483=EDGE_CURVE('',#1176,#1175,#617,.T.);
#1484=EDGE_CURVE('',#1175,#1177,#618,.T.);
#1485=EDGE_CURVE('',#1178,#1176,#619,.T.);
#1486=EDGE_CURVE('',#1178,#1177,#620,.T.);
#1487=EDGE_CURVE('',#1177,#1171,#109,.T.);
#1488=EDGE_CURVE('',#1173,#1178,#110,.T.);
#1489=EDGE_CURVE('',#1179,#1180,#621,.T.);
#1490=EDGE_CURVE('',#1181,#1179,#622,.T.);
#1491=EDGE_CURVE('',#1182,#1181,#623,.T.);
#1492=EDGE_CURVE('',#1182,#1180,#624,.T.);
#1493=EDGE_CURVE('',#1180,#1183,#111,.T.);
#1494=EDGE_CURVE('',#1184,#1182,#112,.T.);
#1495=EDGE_CURVE('',#1184,#1183,#625,.T.);
#1496=EDGE_CURVE('',#1183,#1185,#626,.T.);
#1497=EDGE_CURVE('',#1186,#1184,#627,.T.);
#1498=EDGE_CURVE('',#1186,#1185,#628,.T.);
#1499=EDGE_CURVE('',#1185,#1179,#113,.T.);
#1500=EDGE_CURVE('',#1181,#1186,#114,.T.);
#1501=EDGE_CURVE('',#1187,#1188,#629,.T.);
#1502=EDGE_CURVE('',#1189,#1187,#630,.T.);
#1503=EDGE_CURVE('',#1190,#1189,#631,.T.);
#1504=EDGE_CURVE('',#1190,#1188,#632,.T.);
#1505=EDGE_CURVE('',#1188,#1191,#115,.T.);
#1506=EDGE_CURVE('',#1192,#1190,#116,.T.);
#1507=EDGE_CURVE('',#1192,#1191,#633,.T.);
#1508=EDGE_CURVE('',#1191,#1193,#634,.T.);
#1509=EDGE_CURVE('',#1194,#1192,#635,.T.);
#1510=EDGE_CURVE('',#1194,#1193,#636,.T.);
#1511=EDGE_CURVE('',#1193,#1187,#117,.T.);
#1512=EDGE_CURVE('',#1189,#1194,#118,.T.);
#1513=EDGE_CURVE('',#1195,#1196,#637,.T.);
#1514=EDGE_CURVE('',#1197,#1195,#638,.T.);
#1515=EDGE_CURVE('',#1198,#1197,#639,.T.);
#1516=EDGE_CURVE('',#1198,#1196,#640,.T.);
#1517=EDGE_CURVE('',#1196,#1199,#119,.T.);
#1518=EDGE_CURVE('',#1200,#1198,#120,.T.);
#1519=EDGE_CURVE('',#1200,#1199,#641,.T.);
#1520=EDGE_CURVE('',#1199,#1201,#642,.T.);
#1521=EDGE_CURVE('',#1202,#1200,#643,.T.);
#1522=EDGE_CURVE('',#1202,#1201,#644,.T.);
#1523=EDGE_CURVE('',#1201,#1195,#121,.T.);
#1524=EDGE_CURVE('',#1197,#1202,#122,.T.);
#1525=EDGE_CURVE('',#1203,#1204,#645,.T.);
#1526=EDGE_CURVE('',#1205,#1203,#646,.T.);
#1527=EDGE_CURVE('',#1206,#1205,#647,.T.);
#1528=EDGE_CURVE('',#1206,#1204,#648,.T.);
#1529=EDGE_CURVE('',#1204,#1207,#123,.T.);
#1530=EDGE_CURVE('',#1208,#1206,#124,.T.);
#1531=EDGE_CURVE('',#1208,#1207,#649,.T.);
#1532=EDGE_CURVE('',#1207,#1209,#650,.T.);
#1533=EDGE_CURVE('',#1210,#1208,#651,.T.);
#1534=EDGE_CURVE('',#1210,#1209,#652,.T.);
#1535=EDGE_CURVE('',#1209,#1203,#125,.T.);
#1536=EDGE_CURVE('',#1205,#1210,#126,.T.);
#1537=EDGE_CURVE('',#1211,#1212,#653,.T.);
#1538=EDGE_CURVE('',#1213,#1211,#654,.T.);
#1539=EDGE_CURVE('',#1214,#1213,#655,.T.);
#1540=EDGE_CURVE('',#1214,#1212,#656,.T.);
#1541=EDGE_CURVE('',#1212,#1215,#127,.T.);
#1542=EDGE_CURVE('',#1216,#1214,#128,.T.);
#1543=EDGE_CURVE('',#1216,#1215,#657,.T.);
#1544=EDGE_CURVE('',#1215,#1217,#658,.T.);
#1545=EDGE_CURVE('',#1218,#1216,#659,.T.);
#1546=EDGE_CURVE('',#1218,#1217,#660,.T.);
#1547=EDGE_CURVE('',#1217,#1211,#129,.T.);
#1548=EDGE_CURVE('',#1213,#1218,#130,.T.);
#1549=EDGE_CURVE('',#1219,#1220,#661,.T.);
#1550=EDGE_CURVE('',#1221,#1219,#662,.T.);
#1551=EDGE_CURVE('',#1222,#1221,#663,.T.);
#1552=EDGE_CURVE('',#1222,#1220,#664,.T.);
#1553=EDGE_CURVE('',#1220,#1223,#131,.T.);
#1554=EDGE_CURVE('',#1224,#1222,#132,.T.);
#1555=EDGE_CURVE('',#1224,#1223,#665,.T.);
#1556=EDGE_CURVE('',#1223,#1225,#666,.T.);
#1557=EDGE_CURVE('',#1226,#1224,#667,.T.);
#1558=EDGE_CURVE('',#1226,#1225,#668,.T.);
#1559=EDGE_CURVE('',#1225,#1219,#133,.T.);
#1560=EDGE_CURVE('',#1221,#1226,#134,.T.);
#1561=EDGE_CURVE('',#1227,#1228,#669,.T.);
#1562=EDGE_CURVE('',#1229,#1227,#670,.T.);
#1563=EDGE_CURVE('',#1230,#1229,#671,.T.);
#1564=EDGE_CURVE('',#1230,#1228,#672,.T.);
#1565=EDGE_CURVE('',#1228,#1231,#135,.T.);
#1566=EDGE_CURVE('',#1232,#1230,#136,.T.);
#1567=EDGE_CURVE('',#1232,#1231,#673,.T.);
#1568=EDGE_CURVE('',#1231,#1233,#674,.T.);
#1569=EDGE_CURVE('',#1234,#1232,#675,.T.);
#1570=EDGE_CURVE('',#1234,#1233,#676,.T.);
#1571=EDGE_CURVE('',#1233,#1227,#137,.T.);
#1572=EDGE_CURVE('',#1229,#1234,#138,.T.);
#1573=EDGE_CURVE('',#1235,#1236,#677,.T.);
#1574=EDGE_CURVE('',#1237,#1235,#678,.T.);
#1575=EDGE_CURVE('',#1238,#1237,#679,.T.);
#1576=EDGE_CURVE('',#1238,#1236,#680,.T.);
#1577=EDGE_CURVE('',#1236,#1239,#139,.T.);
#1578=EDGE_CURVE('',#1240,#1238,#140,.T.);
#1579=EDGE_CURVE('',#1240,#1239,#681,.T.);
#1580=EDGE_CURVE('',#1239,#1241,#682,.T.);
#1581=EDGE_CURVE('',#1242,#1240,#683,.T.);
#1582=EDGE_CURVE('',#1242,#1241,#684,.T.);
#1583=EDGE_CURVE('',#1241,#1235,#141,.T.);
#1584=EDGE_CURVE('',#1237,#1242,#142,.T.);
#1585=EDGE_CURVE('',#1243,#1244,#685,.T.);
#1586=EDGE_CURVE('',#1245,#1243,#686,.T.);
#1587=EDGE_CURVE('',#1246,#1245,#687,.T.);
#1588=EDGE_CURVE('',#1246,#1244,#688,.T.);
#1589=EDGE_CURVE('',#1244,#1247,#143,.T.);
#1590=EDGE_CURVE('',#1248,#1246,#144,.T.);
#1591=EDGE_CURVE('',#1248,#1247,#689,.T.);
#1592=EDGE_CURVE('',#1247,#1249,#690,.T.);
#1593=EDGE_CURVE('',#1250,#1248,#691,.T.);
#1594=EDGE_CURVE('',#1250,#1249,#692,.T.);
#1595=EDGE_CURVE('',#1249,#1243,#145,.T.);
#1596=EDGE_CURVE('',#1245,#1250,#146,.T.);
#1597=EDGE_CURVE('',#1251,#1252,#693,.T.);
#1598=EDGE_CURVE('',#1251,#1253,#694,.T.);
#1599=EDGE_CURVE('',#1254,#1253,#695,.T.);
#1600=EDGE_CURVE('',#1252,#1254,#696,.T.);
#1601=EDGE_CURVE('',#1252,#1255,#697,.T.);
#1602=EDGE_CURVE('',#1256,#1254,#698,.T.);
#1603=EDGE_CURVE('',#1255,#1256,#699,.T.);
#1604=EDGE_CURVE('',#1255,#1257,#700,.T.);
#1605=EDGE_CURVE('',#1258,#1256,#701,.T.);
#1606=EDGE_CURVE('',#1257,#1258,#702,.T.);
#1607=EDGE_CURVE('',#1257,#1259,#703,.T.);
#1608=EDGE_CURVE('',#1260,#1258,#704,.T.);
#1609=EDGE_CURVE('',#1259,#1260,#705,.T.);
#1610=EDGE_CURVE('',#1259,#1261,#706,.T.);
#1611=EDGE_CURVE('',#1262,#1260,#707,.T.);
#1612=EDGE_CURVE('',#1261,#1262,#708,.T.);
#1613=EDGE_CURVE('',#1261,#1263,#709,.T.);
#1614=EDGE_CURVE('',#1264,#1262,#710,.T.);
#1615=EDGE_CURVE('',#1263,#1264,#711,.T.);
#1616=EDGE_CURVE('',#1263,#1265,#712,.T.);
#1617=EDGE_CURVE('',#1266,#1264,#713,.T.);
#1618=EDGE_CURVE('',#1265,#1266,#714,.T.);
#1619=EDGE_CURVE('',#1265,#1267,#715,.T.);
#1620=EDGE_CURVE('',#1268,#1266,#716,.T.);
#1621=EDGE_CURVE('',#1267,#1268,#717,.T.);
#1622=EDGE_CURVE('',#1267,#1269,#718,.T.);
#1623=EDGE_CURVE('',#1270,#1268,#719,.T.);
#1624=EDGE_CURVE('',#1269,#1270,#720,.T.);
#1625=EDGE_CURVE('',#1271,#1269,#721,.T.);
#1626=EDGE_CURVE('',#1272,#1270,#722,.T.);
#1627=EDGE_CURVE('',#1271,#1272,#723,.T.);
#1628=EDGE_CURVE('',#1273,#1271,#724,.T.);
#1629=EDGE_CURVE('',#1274,#1272,#725,.T.);
#1630=EDGE_CURVE('',#1273,#1274,#726,.T.);
#1631=EDGE_CURVE('',#1275,#1273,#727,.T.);
#1632=EDGE_CURVE('',#1276,#1274,#728,.T.);
#1633=EDGE_CURVE('',#1275,#1276,#729,.T.);
#1634=EDGE_CURVE('',#1277,#1275,#730,.T.);
#1635=EDGE_CURVE('',#1278,#1276,#731,.T.);
#1636=EDGE_CURVE('',#1277,#1278,#732,.T.);
#1637=EDGE_CURVE('',#1279,#1277,#733,.T.);
#1638=EDGE_CURVE('',#1280,#1278,#734,.T.);
#1639=EDGE_CURVE('',#1279,#1280,#735,.T.);
#1640=EDGE_CURVE('',#1281,#1279,#736,.T.);
#1641=EDGE_CURVE('',#1282,#1280,#737,.T.);
#1642=EDGE_CURVE('',#1281,#1282,#738,.T.);
#1643=EDGE_CURVE('',#1283,#1281,#739,.T.);
#1644=EDGE_CURVE('',#1284,#1282,#740,.T.);
#1645=EDGE_CURVE('',#1283,#1284,#741,.T.);
#1646=EDGE_CURVE('',#1285,#1283,#742,.T.);
#1647=EDGE_CURVE('',#1286,#1284,#743,.T.);
#1648=EDGE_CURVE('',#1285,#1286,#744,.T.);
#1649=EDGE_CURVE('',#1287,#1285,#745,.T.);
#1650=EDGE_CURVE('',#1288,#1286,#746,.T.);
#1651=EDGE_CURVE('',#1287,#1288,#747,.T.);
#1652=EDGE_CURVE('',#1289,#1287,#748,.T.);
#1653=EDGE_CURVE('',#1290,#1288,#749,.T.);
#1654=EDGE_CURVE('',#1289,#1290,#750,.T.);
#1655=EDGE_CURVE('',#1291,#1289,#751,.T.);
#1656=EDGE_CURVE('',#1292,#1290,#752,.T.);
#1657=EDGE_CURVE('',#1291,#1292,#753,.T.);
#1658=EDGE_CURVE('',#1291,#1293,#754,.T.);
#1659=EDGE_CURVE('',#1294,#1292,#755,.T.);
#1660=EDGE_CURVE('',#1293,#1294,#756,.T.);
#1661=EDGE_CURVE('',#1293,#1295,#757,.T.);
#1662=EDGE_CURVE('',#1296,#1294,#758,.T.);
#1663=EDGE_CURVE('',#1295,#1296,#759,.T.);
#1664=EDGE_CURVE('',#1295,#1297,#760,.T.);
#1665=EDGE_CURVE('',#1298,#1296,#761,.T.);
#1666=EDGE_CURVE('',#1297,#1298,#762,.T.);
#1667=EDGE_CURVE('',#1297,#1299,#763,.T.);
#1668=EDGE_CURVE('',#1300,#1298,#764,.T.);
#1669=EDGE_CURVE('',#1299,#1300,#765,.T.);
#1670=EDGE_CURVE('',#1301,#1299,#766,.T.);
#1671=EDGE_CURVE('',#1302,#1300,#767,.T.);
#1672=EDGE_CURVE('',#1301,#1302,#768,.T.);
#1673=EDGE_CURVE('',#1301,#1251,#769,.T.);
#1674=EDGE_CURVE('',#1253,#1302,#770,.T.);
#1675=ORIENTED_EDGE('',*,*,#1303,.F.);
#1676=ORIENTED_EDGE('',*,*,#1304,.F.);
#1677=ORIENTED_EDGE('',*,*,#1305,.F.);
#1678=ORIENTED_EDGE('',*,*,#1306,.T.);
#1679=ORIENTED_EDGE('',*,*,#1307,.F.);
#1680=ORIENTED_EDGE('',*,*,#1306,.F.);
#1681=ORIENTED_EDGE('',*,*,#1308,.F.);
#1682=ORIENTED_EDGE('',*,*,#1309,.T.);
#1683=ORIENTED_EDGE('',*,*,#1310,.F.);
#1684=ORIENTED_EDGE('',*,*,#1309,.F.);
#1685=ORIENTED_EDGE('',*,*,#1311,.F.);
#1686=ORIENTED_EDGE('',*,*,#1312,.T.);
#1687=ORIENTED_EDGE('',*,*,#1313,.F.);
#1688=ORIENTED_EDGE('',*,*,#1312,.F.);
#1689=ORIENTED_EDGE('',*,*,#1314,.F.);
#1690=ORIENTED_EDGE('',*,*,#1315,.T.);
#1691=ORIENTED_EDGE('',*,*,#1316,.F.);
#1692=ORIENTED_EDGE('',*,*,#1315,.F.);
#1693=ORIENTED_EDGE('',*,*,#1317,.F.);
#1694=ORIENTED_EDGE('',*,*,#1304,.T.);
#1695=ORIENTED_EDGE('',*,*,#1318,.F.);
#1696=ORIENTED_EDGE('',*,*,#1319,.F.);
#1697=ORIENTED_EDGE('',*,*,#1320,.F.);
#1698=ORIENTED_EDGE('',*,*,#1321,.T.);
#1699=ORIENTED_EDGE('',*,*,#1322,.F.);
#1700=ORIENTED_EDGE('',*,*,#1321,.F.);
#1701=ORIENTED_EDGE('',*,*,#1323,.F.);
#1702=ORIENTED_EDGE('',*,*,#1324,.T.);
#1703=ORIENTED_EDGE('',*,*,#1325,.F.);
#1704=ORIENTED_EDGE('',*,*,#1324,.F.);
#1705=ORIENTED_EDGE('',*,*,#1326,.F.);
#1706=ORIENTED_EDGE('',*,*,#1327,.T.);
#1707=ORIENTED_EDGE('',*,*,#1328,.F.);
#1708=ORIENTED_EDGE('',*,*,#1327,.F.);
#1709=ORIENTED_EDGE('',*,*,#1329,.F.);
#1710=ORIENTED_EDGE('',*,*,#1330,.T.);
#1711=ORIENTED_EDGE('',*,*,#1331,.F.);
#1712=ORIENTED_EDGE('',*,*,#1330,.F.);
#1713=ORIENTED_EDGE('',*,*,#1332,.F.);
#1714=ORIENTED_EDGE('',*,*,#1319,.T.);
#1715=ORIENTED_EDGE('',*,*,#1333,.F.);
#1716=ORIENTED_EDGE('',*,*,#1334,.F.);
#1717=ORIENTED_EDGE('',*,*,#1335,.F.);
#1718=ORIENTED_EDGE('',*,*,#1336,.T.);
#1719=ORIENTED_EDGE('',*,*,#1337,.F.);
#1720=ORIENTED_EDGE('',*,*,#1336,.F.);
#1721=ORIENTED_EDGE('',*,*,#1338,.F.);
#1722=ORIENTED_EDGE('',*,*,#1339,.T.);
#1723=ORIENTED_EDGE('',*,*,#1340,.F.);
#1724=ORIENTED_EDGE('',*,*,#1339,.F.);
#1725=ORIENTED_EDGE('',*,*,#1341,.F.);
#1726=ORIENTED_EDGE('',*,*,#1342,.T.);
#1727=ORIENTED_EDGE('',*,*,#1343,.F.);
#1728=ORIENTED_EDGE('',*,*,#1342,.F.);
#1729=ORIENTED_EDGE('',*,*,#1344,.F.);
#1730=ORIENTED_EDGE('',*,*,#1345,.T.);
#1731=ORIENTED_EDGE('',*,*,#1346,.F.);
#1732=ORIENTED_EDGE('',*,*,#1345,.F.);
#1733=ORIENTED_EDGE('',*,*,#1347,.F.);
#1734=ORIENTED_EDGE('',*,*,#1334,.T.);
#1735=ORIENTED_EDGE('',*,*,#1348,.F.);
#1736=ORIENTED_EDGE('',*,*,#1349,.F.);
#1737=ORIENTED_EDGE('',*,*,#1350,.F.);
#1738=ORIENTED_EDGE('',*,*,#1351,.T.);
#1739=ORIENTED_EDGE('',*,*,#1352,.F.);
#1740=ORIENTED_EDGE('',*,*,#1351,.F.);
#1741=ORIENTED_EDGE('',*,*,#1353,.F.);
#1742=ORIENTED_EDGE('',*,*,#1354,.T.);
#1743=ORIENTED_EDGE('',*,*,#1355,.F.);
#1744=ORIENTED_EDGE('',*,*,#1354,.F.);
#1745=ORIENTED_EDGE('',*,*,#1356,.F.);
#1746=ORIENTED_EDGE('',*,*,#1357,.T.);
#1747=ORIENTED_EDGE('',*,*,#1358,.F.);
#1748=ORIENTED_EDGE('',*,*,#1357,.F.);
#1749=ORIENTED_EDGE('',*,*,#1359,.F.);
#1750=ORIENTED_EDGE('',*,*,#1360,.T.);
#1751=ORIENTED_EDGE('',*,*,#1361,.F.);
#1752=ORIENTED_EDGE('',*,*,#1360,.F.);
#1753=ORIENTED_EDGE('',*,*,#1362,.F.);
#1754=ORIENTED_EDGE('',*,*,#1349,.T.);
#1755=ORIENTED_EDGE('',*,*,#1363,.F.);
#1756=ORIENTED_EDGE('',*,*,#1364,.F.);
#1757=ORIENTED_EDGE('',*,*,#1365,.F.);
#1758=ORIENTED_EDGE('',*,*,#1366,.T.);
#1759=ORIENTED_EDGE('',*,*,#1367,.F.);
#1760=ORIENTED_EDGE('',*,*,#1366,.F.);
#1761=ORIENTED_EDGE('',*,*,#1368,.F.);
#1762=ORIENTED_EDGE('',*,*,#1369,.T.);
#1763=ORIENTED_EDGE('',*,*,#1370,.F.);
#1764=ORIENTED_EDGE('',*,*,#1369,.F.);
#1765=ORIENTED_EDGE('',*,*,#1371,.F.);
#1766=ORIENTED_EDGE('',*,*,#1372,.T.);
#1767=ORIENTED_EDGE('',*,*,#1373,.F.);
#1768=ORIENTED_EDGE('',*,*,#1372,.F.);
#1769=ORIENTED_EDGE('',*,*,#1374,.F.);
#1770=ORIENTED_EDGE('',*,*,#1375,.T.);
#1771=ORIENTED_EDGE('',*,*,#1376,.F.);
#1772=ORIENTED_EDGE('',*,*,#1375,.F.);
#1773=ORIENTED_EDGE('',*,*,#1377,.F.);
#1774=ORIENTED_EDGE('',*,*,#1364,.T.);
#1775=ORIENTED_EDGE('',*,*,#1378,.F.);
#1776=ORIENTED_EDGE('',*,*,#1379,.F.);
#1777=ORIENTED_EDGE('',*,*,#1380,.F.);
#1778=ORIENTED_EDGE('',*,*,#1381,.T.);
#1779=ORIENTED_EDGE('',*,*,#1382,.F.);
#1780=ORIENTED_EDGE('',*,*,#1381,.F.);
#1781=ORIENTED_EDGE('',*,*,#1383,.F.);
#1782=ORIENTED_EDGE('',*,*,#1384,.T.);
#1783=ORIENTED_EDGE('',*,*,#1385,.F.);
#1784=ORIENTED_EDGE('',*,*,#1384,.F.);
#1785=ORIENTED_EDGE('',*,*,#1386,.F.);
#1786=ORIENTED_EDGE('',*,*,#1387,.T.);
#1787=ORIENTED_EDGE('',*,*,#1388,.F.);
#1788=ORIENTED_EDGE('',*,*,#1387,.F.);
#1789=ORIENTED_EDGE('',*,*,#1389,.F.);
#1790=ORIENTED_EDGE('',*,*,#1390,.T.);
#1791=ORIENTED_EDGE('',*,*,#1391,.F.);
#1792=ORIENTED_EDGE('',*,*,#1390,.F.);
#1793=ORIENTED_EDGE('',*,*,#1392,.F.);
#1794=ORIENTED_EDGE('',*,*,#1379,.T.);
#1795=ORIENTED_EDGE('',*,*,#1393,.F.);
#1796=ORIENTED_EDGE('',*,*,#1394,.F.);
#1797=ORIENTED_EDGE('',*,*,#1395,.F.);
#1798=ORIENTED_EDGE('',*,*,#1396,.T.);
#1799=ORIENTED_EDGE('',*,*,#1397,.F.);
#1800=ORIENTED_EDGE('',*,*,#1396,.F.);
#1801=ORIENTED_EDGE('',*,*,#1398,.F.);
#1802=ORIENTED_EDGE('',*,*,#1399,.T.);
#1803=ORIENTED_EDGE('',*,*,#1400,.F.);
#1804=ORIENTED_EDGE('',*,*,#1399,.F.);
#1805=ORIENTED_EDGE('',*,*,#1401,.F.);
#1806=ORIENTED_EDGE('',*,*,#1402,.T.);
#1807=ORIENTED_EDGE('',*,*,#1403,.F.);
#1808=ORIENTED_EDGE('',*,*,#1402,.F.);
#1809=ORIENTED_EDGE('',*,*,#1404,.F.);
#1810=ORIENTED_EDGE('',*,*,#1405,.T.);
#1811=ORIENTED_EDGE('',*,*,#1406,.F.);
#1812=ORIENTED_EDGE('',*,*,#1405,.F.);
#1813=ORIENTED_EDGE('',*,*,#1407,.F.);
#1814=ORIENTED_EDGE('',*,*,#1394,.T.);
#1815=ORIENTED_EDGE('',*,*,#1408,.F.);
#1816=ORIENTED_EDGE('',*,*,#1409,.F.);
#1817=ORIENTED_EDGE('',*,*,#1410,.F.);
#1818=ORIENTED_EDGE('',*,*,#1411,.T.);
#1819=ORIENTED_EDGE('',*,*,#1412,.F.);
#1820=ORIENTED_EDGE('',*,*,#1411,.F.);
#1821=ORIENTED_EDGE('',*,*,#1413,.F.);
#1822=ORIENTED_EDGE('',*,*,#1414,.T.);
#1823=ORIENTED_EDGE('',*,*,#1415,.F.);
#1824=ORIENTED_EDGE('',*,*,#1414,.F.);
#1825=ORIENTED_EDGE('',*,*,#1416,.F.);
#1826=ORIENTED_EDGE('',*,*,#1417,.T.);
#1827=ORIENTED_EDGE('',*,*,#1418,.F.);
#1828=ORIENTED_EDGE('',*,*,#1417,.F.);
#1829=ORIENTED_EDGE('',*,*,#1419,.F.);
#1830=ORIENTED_EDGE('',*,*,#1420,.T.);
#1831=ORIENTED_EDGE('',*,*,#1421,.F.);
#1832=ORIENTED_EDGE('',*,*,#1420,.F.);
#1833=ORIENTED_EDGE('',*,*,#1422,.F.);
#1834=ORIENTED_EDGE('',*,*,#1409,.T.);
#1835=ORIENTED_EDGE('',*,*,#1423,.F.);
#1836=ORIENTED_EDGE('',*,*,#1424,.F.);
#1837=ORIENTED_EDGE('',*,*,#1425,.F.);
#1838=ORIENTED_EDGE('',*,*,#1426,.T.);
#1839=ORIENTED_EDGE('',*,*,#1427,.F.);
#1840=ORIENTED_EDGE('',*,*,#1426,.F.);
#1841=ORIENTED_EDGE('',*,*,#1428,.F.);
#1842=ORIENTED_EDGE('',*,*,#1429,.T.);
#1843=ORIENTED_EDGE('',*,*,#1430,.F.);
#1844=ORIENTED_EDGE('',*,*,#1429,.F.);
#1845=ORIENTED_EDGE('',*,*,#1431,.F.);
#1846=ORIENTED_EDGE('',*,*,#1432,.T.);
#1847=ORIENTED_EDGE('',*,*,#1433,.F.);
#1848=ORIENTED_EDGE('',*,*,#1432,.F.);
#1849=ORIENTED_EDGE('',*,*,#1434,.F.);
#1850=ORIENTED_EDGE('',*,*,#1435,.T.);
#1851=ORIENTED_EDGE('',*,*,#1436,.F.);
#1852=ORIENTED_EDGE('',*,*,#1435,.F.);
#1853=ORIENTED_EDGE('',*,*,#1437,.F.);
#1854=ORIENTED_EDGE('',*,*,#1424,.T.);
#1855=ORIENTED_EDGE('',*,*,#1438,.F.);
#1856=ORIENTED_EDGE('',*,*,#1439,.F.);
#1857=ORIENTED_EDGE('',*,*,#1440,.F.);
#1858=ORIENTED_EDGE('',*,*,#1441,.T.);
#1859=ORIENTED_EDGE('',*,*,#1442,.F.);
#1860=ORIENTED_EDGE('',*,*,#1441,.F.);
#1861=ORIENTED_EDGE('',*,*,#1443,.F.);
#1862=ORIENTED_EDGE('',*,*,#1444,.T.);
#1863=ORIENTED_EDGE('',*,*,#1445,.F.);
#1864=ORIENTED_EDGE('',*,*,#1444,.F.);
#1865=ORIENTED_EDGE('',*,*,#1446,.F.);
#1866=ORIENTED_EDGE('',*,*,#1447,.T.);
#1867=ORIENTED_EDGE('',*,*,#1448,.F.);
#1868=ORIENTED_EDGE('',*,*,#1447,.F.);
#1869=ORIENTED_EDGE('',*,*,#1449,.F.);
#1870=ORIENTED_EDGE('',*,*,#1450,.T.);
#1871=ORIENTED_EDGE('',*,*,#1451,.F.);
#1872=ORIENTED_EDGE('',*,*,#1450,.F.);
#1873=ORIENTED_EDGE('',*,*,#1452,.F.);
#1874=ORIENTED_EDGE('',*,*,#1439,.T.);
#1875=ORIENTED_EDGE('',*,*,#1453,.F.);
#1876=ORIENTED_EDGE('',*,*,#1454,.F.);
#1877=ORIENTED_EDGE('',*,*,#1455,.F.);
#1878=ORIENTED_EDGE('',*,*,#1456,.T.);
#1879=ORIENTED_EDGE('',*,*,#1457,.F.);
#1880=ORIENTED_EDGE('',*,*,#1456,.F.);
#1881=ORIENTED_EDGE('',*,*,#1458,.F.);
#1882=ORIENTED_EDGE('',*,*,#1459,.T.);
#1883=ORIENTED_EDGE('',*,*,#1460,.F.);
#1884=ORIENTED_EDGE('',*,*,#1459,.F.);
#1885=ORIENTED_EDGE('',*,*,#1461,.F.);
#1886=ORIENTED_EDGE('',*,*,#1462,.T.);
#1887=ORIENTED_EDGE('',*,*,#1463,.F.);
#1888=ORIENTED_EDGE('',*,*,#1462,.F.);
#1889=ORIENTED_EDGE('',*,*,#1464,.F.);
#1890=ORIENTED_EDGE('',*,*,#1454,.T.);
#1891=ORIENTED_EDGE('',*,*,#1465,.F.);
#1892=ORIENTED_EDGE('',*,*,#1466,.F.);
#1893=ORIENTED_EDGE('',*,*,#1467,.F.);
#1894=ORIENTED_EDGE('',*,*,#1468,.T.);
#1895=ORIENTED_EDGE('',*,*,#1469,.F.);
#1896=ORIENTED_EDGE('',*,*,#1468,.F.);
#1897=ORIENTED_EDGE('',*,*,#1470,.F.);
#1898=ORIENTED_EDGE('',*,*,#1471,.T.);
#1899=ORIENTED_EDGE('',*,*,#1472,.F.);
#1900=ORIENTED_EDGE('',*,*,#1471,.F.);
#1901=ORIENTED_EDGE('',*,*,#1473,.F.);
#1902=ORIENTED_EDGE('',*,*,#1474,.T.);
#1903=ORIENTED_EDGE('',*,*,#1475,.F.);
#1904=ORIENTED_EDGE('',*,*,#1474,.F.);
#1905=ORIENTED_EDGE('',*,*,#1476,.F.);
#1906=ORIENTED_EDGE('',*,*,#1466,.T.);
#1907=ORIENTED_EDGE('',*,*,#1477,.F.);
#1908=ORIENTED_EDGE('',*,*,#1478,.F.);
#1909=ORIENTED_EDGE('',*,*,#1479,.F.);
#1910=ORIENTED_EDGE('',*,*,#1480,.T.);
#1911=ORIENTED_EDGE('',*,*,#1481,.F.);
#1912=ORIENTED_EDGE('',*,*,#1480,.F.);
#1913=ORIENTED_EDGE('',*,*,#1482,.F.);
#1914=ORIENTED_EDGE('',*,*,#1483,.T.);
#1915=ORIENTED_EDGE('',*,*,#1484,.F.);
#1916=ORIENTED_EDGE('',*,*,#1483,.F.);
#1917=ORIENTED_EDGE('',*,*,#1485,.F.);
#1918=ORIENTED_EDGE('',*,*,#1486,.T.);
#1919=ORIENTED_EDGE('',*,*,#1487,.F.);
#1920=ORIENTED_EDGE('',*,*,#1486,.F.);
#1921=ORIENTED_EDGE('',*,*,#1488,.F.);
#1922=ORIENTED_EDGE('',*,*,#1478,.T.);
#1923=ORIENTED_EDGE('',*,*,#1489,.F.);
#1924=ORIENTED_EDGE('',*,*,#1490,.F.);
#1925=ORIENTED_EDGE('',*,*,#1491,.F.);
#1926=ORIENTED_EDGE('',*,*,#1492,.T.);
#1927=ORIENTED_EDGE('',*,*,#1493,.F.);
#1928=ORIENTED_EDGE('',*,*,#1492,.F.);
#1929=ORIENTED_EDGE('',*,*,#1494,.F.);
#1930=ORIENTED_EDGE('',*,*,#1495,.T.);
#1931=ORIENTED_EDGE('',*,*,#1496,.F.);
#1932=ORIENTED_EDGE('',*,*,#1495,.F.);
#1933=ORIENTED_EDGE('',*,*,#1497,.F.);
#1934=ORIENTED_EDGE('',*,*,#1498,.T.);
#1935=ORIENTED_EDGE('',*,*,#1499,.F.);
#1936=ORIENTED_EDGE('',*,*,#1498,.F.);
#1937=ORIENTED_EDGE('',*,*,#1500,.F.);
#1938=ORIENTED_EDGE('',*,*,#1490,.T.);
#1939=ORIENTED_EDGE('',*,*,#1501,.F.);
#1940=ORIENTED_EDGE('',*,*,#1502,.F.);
#1941=ORIENTED_EDGE('',*,*,#1503,.F.);
#1942=ORIENTED_EDGE('',*,*,#1504,.T.);
#1943=ORIENTED_EDGE('',*,*,#1505,.F.);
#1944=ORIENTED_EDGE('',*,*,#1504,.F.);
#1945=ORIENTED_EDGE('',*,*,#1506,.F.);
#1946=ORIENTED_EDGE('',*,*,#1507,.T.);
#1947=ORIENTED_EDGE('',*,*,#1508,.F.);
#1948=ORIENTED_EDGE('',*,*,#1507,.F.);
#1949=ORIENTED_EDGE('',*,*,#1509,.F.);
#1950=ORIENTED_EDGE('',*,*,#1510,.T.);
#1951=ORIENTED_EDGE('',*,*,#1511,.F.);
#1952=ORIENTED_EDGE('',*,*,#1510,.F.);
#1953=ORIENTED_EDGE('',*,*,#1512,.F.);
#1954=ORIENTED_EDGE('',*,*,#1502,.T.);
#1955=ORIENTED_EDGE('',*,*,#1513,.F.);
#1956=ORIENTED_EDGE('',*,*,#1514,.F.);
#1957=ORIENTED_EDGE('',*,*,#1515,.F.);
#1958=ORIENTED_EDGE('',*,*,#1516,.T.);
#1959=ORIENTED_EDGE('',*,*,#1517,.F.);
#1960=ORIENTED_EDGE('',*,*,#1516,.F.);
#1961=ORIENTED_EDGE('',*,*,#1518,.F.);
#1962=ORIENTED_EDGE('',*,*,#1519,.T.);
#1963=ORIENTED_EDGE('',*,*,#1520,.F.);
#1964=ORIENTED_EDGE('',*,*,#1519,.F.);
#1965=ORIENTED_EDGE('',*,*,#1521,.F.);
#1966=ORIENTED_EDGE('',*,*,#1522,.T.);
#1967=ORIENTED_EDGE('',*,*,#1523,.F.);
#1968=ORIENTED_EDGE('',*,*,#1522,.F.);
#1969=ORIENTED_EDGE('',*,*,#1524,.F.);
#1970=ORIENTED_EDGE('',*,*,#1514,.T.);
#1971=ORIENTED_EDGE('',*,*,#1525,.F.);
#1972=ORIENTED_EDGE('',*,*,#1526,.F.);
#1973=ORIENTED_EDGE('',*,*,#1527,.F.);
#1974=ORIENTED_EDGE('',*,*,#1528,.T.);
#1975=ORIENTED_EDGE('',*,*,#1529,.F.);
#1976=ORIENTED_EDGE('',*,*,#1528,.F.);
#1977=ORIENTED_EDGE('',*,*,#1530,.F.);
#1978=ORIENTED_EDGE('',*,*,#1531,.T.);
#1979=ORIENTED_EDGE('',*,*,#1532,.F.);
#1980=ORIENTED_EDGE('',*,*,#1531,.F.);
#1981=ORIENTED_EDGE('',*,*,#1533,.F.);
#1982=ORIENTED_EDGE('',*,*,#1534,.T.);
#1983=ORIENTED_EDGE('',*,*,#1535,.F.);
#1984=ORIENTED_EDGE('',*,*,#1534,.F.);
#1985=ORIENTED_EDGE('',*,*,#1536,.F.);
#1986=ORIENTED_EDGE('',*,*,#1526,.T.);
#1987=ORIENTED_EDGE('',*,*,#1537,.F.);
#1988=ORIENTED_EDGE('',*,*,#1538,.F.);
#1989=ORIENTED_EDGE('',*,*,#1539,.F.);
#1990=ORIENTED_EDGE('',*,*,#1540,.T.);
#1991=ORIENTED_EDGE('',*,*,#1541,.F.);
#1992=ORIENTED_EDGE('',*,*,#1540,.F.);
#1993=ORIENTED_EDGE('',*,*,#1542,.F.);
#1994=ORIENTED_EDGE('',*,*,#1543,.T.);
#1995=ORIENTED_EDGE('',*,*,#1544,.F.);
#1996=ORIENTED_EDGE('',*,*,#1543,.F.);
#1997=ORIENTED_EDGE('',*,*,#1545,.F.);
#1998=ORIENTED_EDGE('',*,*,#1546,.T.);
#1999=ORIENTED_EDGE('',*,*,#1547,.F.);
#2000=ORIENTED_EDGE('',*,*,#1546,.F.);
#2001=ORIENTED_EDGE('',*,*,#1548,.F.);
#2002=ORIENTED_EDGE('',*,*,#1538,.T.);
#2003=ORIENTED_EDGE('',*,*,#1549,.F.);
#2004=ORIENTED_EDGE('',*,*,#1550,.F.);
#2005=ORIENTED_EDGE('',*,*,#1551,.F.);
#2006=ORIENTED_EDGE('',*,*,#1552,.T.);
#2007=ORIENTED_EDGE('',*,*,#1553,.F.);
#2008=ORIENTED_EDGE('',*,*,#1552,.F.);
#2009=ORIENTED_EDGE('',*,*,#1554,.F.);
#2010=ORIENTED_EDGE('',*,*,#1555,.T.);
#2011=ORIENTED_EDGE('',*,*,#1556,.F.);
#2012=ORIENTED_EDGE('',*,*,#1555,.F.);
#2013=ORIENTED_EDGE('',*,*,#1557,.F.);
#2014=ORIENTED_EDGE('',*,*,#1558,.T.);
#2015=ORIENTED_EDGE('',*,*,#1559,.F.);
#2016=ORIENTED_EDGE('',*,*,#1558,.F.);
#2017=ORIENTED_EDGE('',*,*,#1560,.F.);
#2018=ORIENTED_EDGE('',*,*,#1550,.T.);
#2019=ORIENTED_EDGE('',*,*,#1561,.F.);
#2020=ORIENTED_EDGE('',*,*,#1562,.F.);
#2021=ORIENTED_EDGE('',*,*,#1563,.F.);
#2022=ORIENTED_EDGE('',*,*,#1564,.T.);
#2023=ORIENTED_EDGE('',*,*,#1565,.F.);
#2024=ORIENTED_EDGE('',*,*,#1564,.F.);
#2025=ORIENTED_EDGE('',*,*,#1566,.F.);
#2026=ORIENTED_EDGE('',*,*,#1567,.T.);
#2027=ORIENTED_EDGE('',*,*,#1568,.F.);
#2028=ORIENTED_EDGE('',*,*,#1567,.F.);
#2029=ORIENTED_EDGE('',*,*,#1569,.F.);
#2030=ORIENTED_EDGE('',*,*,#1570,.T.);
#2031=ORIENTED_EDGE('',*,*,#1571,.F.);
#2032=ORIENTED_EDGE('',*,*,#1570,.F.);
#2033=ORIENTED_EDGE('',*,*,#1572,.F.);
#2034=ORIENTED_EDGE('',*,*,#1562,.T.);
#2035=ORIENTED_EDGE('',*,*,#1573,.F.);
#2036=ORIENTED_EDGE('',*,*,#1574,.F.);
#2037=ORIENTED_EDGE('',*,*,#1575,.F.);
#2038=ORIENTED_EDGE('',*,*,#1576,.T.);
#2039=ORIENTED_EDGE('',*,*,#1577,.F.);
#2040=ORIENTED_EDGE('',*,*,#1576,.F.);
#2041=ORIENTED_EDGE('',*,*,#1578,.F.);
#2042=ORIENTED_EDGE('',*,*,#1579,.T.);
#2043=ORIENTED_EDGE('',*,*,#1580,.F.);
#2044=ORIENTED_EDGE('',*,*,#1579,.F.);
#2045=ORIENTED_EDGE('',*,*,#1581,.F.);
#2046=ORIENTED_EDGE('',*,*,#1582,.T.);
#2047=ORIENTED_EDGE('',*,*,#1583,.F.);
#2048=ORIENTED_EDGE('',*,*,#1582,.F.);
#2049=ORIENTED_EDGE('',*,*,#1584,.F.);
#2050=ORIENTED_EDGE('',*,*,#1574,.T.);
#2051=ORIENTED_EDGE('',*,*,#1585,.F.);
#2052=ORIENTED_EDGE('',*,*,#1586,.F.);
#2053=ORIENTED_EDGE('',*,*,#1587,.F.);
#2054=ORIENTED_EDGE('',*,*,#1588,.T.);
#2055=ORIENTED_EDGE('',*,*,#1589,.F.);
#2056=ORIENTED_EDGE('',*,*,#1588,.F.);
#2057=ORIENTED_EDGE('',*,*,#1590,.F.);
#2058=ORIENTED_EDGE('',*,*,#1591,.T.);
#2059=ORIENTED_EDGE('',*,*,#1592,.F.);
#2060=ORIENTED_EDGE('',*,*,#1591,.F.);
#2061=ORIENTED_EDGE('',*,*,#1593,.F.);
#2062=ORIENTED_EDGE('',*,*,#1594,.T.);
#2063=ORIENTED_EDGE('',*,*,#1595,.F.);
#2064=ORIENTED_EDGE('',*,*,#1594,.F.);
#2065=ORIENTED_EDGE('',*,*,#1596,.F.);
#2066=ORIENTED_EDGE('',*,*,#1586,.T.);
#2067=ORIENTED_EDGE('',*,*,#1597,.F.);
#2068=ORIENTED_EDGE('',*,*,#1598,.T.);
#2069=ORIENTED_EDGE('',*,*,#1599,.F.);
#2070=ORIENTED_EDGE('',*,*,#1600,.F.);
#2071=ORIENTED_EDGE('',*,*,#1601,.F.);
#2072=ORIENTED_EDGE('',*,*,#1600,.T.);
#2073=ORIENTED_EDGE('',*,*,#1602,.F.);
#2074=ORIENTED_EDGE('',*,*,#1603,.F.);
#2075=ORIENTED_EDGE('',*,*,#1604,.F.);
#2076=ORIENTED_EDGE('',*,*,#1603,.T.);
#2077=ORIENTED_EDGE('',*,*,#1605,.F.);
#2078=ORIENTED_EDGE('',*,*,#1606,.F.);
#2079=ORIENTED_EDGE('',*,*,#1607,.F.);
#2080=ORIENTED_EDGE('',*,*,#1606,.T.);
#2081=ORIENTED_EDGE('',*,*,#1608,.F.);
#2082=ORIENTED_EDGE('',*,*,#1609,.F.);
#2083=ORIENTED_EDGE('',*,*,#1610,.F.);
#2084=ORIENTED_EDGE('',*,*,#1609,.T.);
#2085=ORIENTED_EDGE('',*,*,#1611,.F.);
#2086=ORIENTED_EDGE('',*,*,#1612,.F.);
#2087=ORIENTED_EDGE('',*,*,#1613,.F.);
#2088=ORIENTED_EDGE('',*,*,#1612,.T.);
#2089=ORIENTED_EDGE('',*,*,#1614,.F.);
#2090=ORIENTED_EDGE('',*,*,#1615,.F.);
#2091=ORIENTED_EDGE('',*,*,#1616,.F.);
#2092=ORIENTED_EDGE('',*,*,#1615,.T.);
#2093=ORIENTED_EDGE('',*,*,#1617,.F.);
#2094=ORIENTED_EDGE('',*,*,#1618,.F.);
#2095=ORIENTED_EDGE('',*,*,#1619,.F.);
#2096=ORIENTED_EDGE('',*,*,#1618,.T.);
#2097=ORIENTED_EDGE('',*,*,#1620,.F.);
#2098=ORIENTED_EDGE('',*,*,#1621,.F.);
#2099=ORIENTED_EDGE('',*,*,#1622,.F.);
#2100=ORIENTED_EDGE('',*,*,#1621,.T.);
#2101=ORIENTED_EDGE('',*,*,#1623,.F.);
#2102=ORIENTED_EDGE('',*,*,#1624,.F.);
#2103=ORIENTED_EDGE('',*,*,#1625,.T.);
#2104=ORIENTED_EDGE('',*,*,#1624,.T.);
#2105=ORIENTED_EDGE('',*,*,#1626,.F.);
#2106=ORIENTED_EDGE('',*,*,#1627,.F.);
#2107=ORIENTED_EDGE('',*,*,#1628,.T.);
#2108=ORIENTED_EDGE('',*,*,#1627,.T.);
#2109=ORIENTED_EDGE('',*,*,#1629,.F.);
#2110=ORIENTED_EDGE('',*,*,#1630,.F.);
#2111=ORIENTED_EDGE('',*,*,#1631,.T.);
#2112=ORIENTED_EDGE('',*,*,#1630,.T.);
#2113=ORIENTED_EDGE('',*,*,#1632,.F.);
#2114=ORIENTED_EDGE('',*,*,#1633,.F.);
#2115=ORIENTED_EDGE('',*,*,#1634,.T.);
#2116=ORIENTED_EDGE('',*,*,#1633,.T.);
#2117=ORIENTED_EDGE('',*,*,#1635,.F.);
#2118=ORIENTED_EDGE('',*,*,#1636,.F.);
#2119=ORIENTED_EDGE('',*,*,#1637,.T.);
#2120=ORIENTED_EDGE('',*,*,#1636,.T.);
#2121=ORIENTED_EDGE('',*,*,#1638,.F.);
#2122=ORIENTED_EDGE('',*,*,#1639,.F.);
#2123=ORIENTED_EDGE('',*,*,#1640,.T.);
#2124=ORIENTED_EDGE('',*,*,#1639,.T.);
#2125=ORIENTED_EDGE('',*,*,#1641,.F.);
#2126=ORIENTED_EDGE('',*,*,#1642,.F.);
#2127=ORIENTED_EDGE('',*,*,#1643,.T.);
#2128=ORIENTED_EDGE('',*,*,#1642,.T.);
#2129=ORIENTED_EDGE('',*,*,#1644,.F.);
#2130=ORIENTED_EDGE('',*,*,#1645,.F.);
#2131=ORIENTED_EDGE('',*,*,#1646,.T.);
#2132=ORIENTED_EDGE('',*,*,#1645,.T.);
#2133=ORIENTED_EDGE('',*,*,#1647,.F.);
#2134=ORIENTED_EDGE('',*,*,#1648,.F.);
#2135=ORIENTED_EDGE('',*,*,#1649,.T.);
#2136=ORIENTED_EDGE('',*,*,#1648,.T.);
#2137=ORIENTED_EDGE('',*,*,#1650,.F.);
#2138=ORIENTED_EDGE('',*,*,#1651,.F.);
#2139=ORIENTED_EDGE('',*,*,#1652,.T.);
#2140=ORIENTED_EDGE('',*,*,#1651,.T.);
#2141=ORIENTED_EDGE('',*,*,#1653,.F.);
#2142=ORIENTED_EDGE('',*,*,#1654,.F.);
#2143=ORIENTED_EDGE('',*,*,#1655,.T.);
#2144=ORIENTED_EDGE('',*,*,#1654,.T.);
#2145=ORIENTED_EDGE('',*,*,#1656,.F.);
#2146=ORIENTED_EDGE('',*,*,#1657,.F.);
#2147=ORIENTED_EDGE('',*,*,#1658,.F.);
#2148=ORIENTED_EDGE('',*,*,#1657,.T.);
#2149=ORIENTED_EDGE('',*,*,#1659,.F.);
#2150=ORIENTED_EDGE('',*,*,#1660,.F.);
#2151=ORIENTED_EDGE('',*,*,#1661,.F.);
#2152=ORIENTED_EDGE('',*,*,#1660,.T.);
#2153=ORIENTED_EDGE('',*,*,#1662,.F.);
#2154=ORIENTED_EDGE('',*,*,#1663,.F.);
#2155=ORIENTED_EDGE('',*,*,#1664,.F.);
#2156=ORIENTED_EDGE('',*,*,#1663,.T.);
#2157=ORIENTED_EDGE('',*,*,#1665,.F.);
#2158=ORIENTED_EDGE('',*,*,#1666,.F.);
#2159=ORIENTED_EDGE('',*,*,#1667,.F.);
#2160=ORIENTED_EDGE('',*,*,#1666,.T.);
#2161=ORIENTED_EDGE('',*,*,#1668,.F.);
#2162=ORIENTED_EDGE('',*,*,#1669,.F.);
#2163=ORIENTED_EDGE('',*,*,#1670,.T.);
#2164=ORIENTED_EDGE('',*,*,#1669,.T.);
#2165=ORIENTED_EDGE('',*,*,#1671,.F.);
#2166=ORIENTED_EDGE('',*,*,#1672,.F.);
#2167=ORIENTED_EDGE('',*,*,#1673,.F.);
#2168=ORIENTED_EDGE('',*,*,#1672,.T.);
#2169=ORIENTED_EDGE('',*,*,#1674,.F.);
#2170=ORIENTED_EDGE('',*,*,#1598,.F.);
#2171=ORIENTED_EDGE('',*,*,#1674,.T.);
#2172=ORIENTED_EDGE('',*,*,#1671,.T.);
#2173=ORIENTED_EDGE('',*,*,#1668,.T.);
#2174=ORIENTED_EDGE('',*,*,#1665,.T.);
#2175=ORIENTED_EDGE('',*,*,#1662,.T.);
#2176=ORIENTED_EDGE('',*,*,#1659,.T.);
#2177=ORIENTED_EDGE('',*,*,#1656,.T.);
#2178=ORIENTED_EDGE('',*,*,#1653,.T.);
#2179=ORIENTED_EDGE('',*,*,#1650,.T.);
#2180=ORIENTED_EDGE('',*,*,#1647,.T.);
#2181=ORIENTED_EDGE('',*,*,#1644,.T.);
#2182=ORIENTED_EDGE('',*,*,#1641,.T.);
#2183=ORIENTED_EDGE('',*,*,#1638,.T.);
#2184=ORIENTED_EDGE('',*,*,#1635,.T.);
#2185=ORIENTED_EDGE('',*,*,#1632,.T.);
#2186=ORIENTED_EDGE('',*,*,#1629,.T.);
#2187=ORIENTED_EDGE('',*,*,#1626,.T.);
#2188=ORIENTED_EDGE('',*,*,#1623,.T.);
#2189=ORIENTED_EDGE('',*,*,#1620,.T.);
#2190=ORIENTED_EDGE('',*,*,#1617,.T.);
#2191=ORIENTED_EDGE('',*,*,#1614,.T.);
#2192=ORIENTED_EDGE('',*,*,#1611,.T.);
#2193=ORIENTED_EDGE('',*,*,#1608,.T.);
#2194=ORIENTED_EDGE('',*,*,#1605,.T.);
#2195=ORIENTED_EDGE('',*,*,#1602,.T.);
#2196=ORIENTED_EDGE('',*,*,#1599,.T.);
#2197=ORIENTED_EDGE('',*,*,#1440,.T.);
#2198=ORIENTED_EDGE('',*,*,#1452,.T.);
#2199=ORIENTED_EDGE('',*,*,#1449,.T.);
#2200=ORIENTED_EDGE('',*,*,#1446,.T.);
#2201=ORIENTED_EDGE('',*,*,#1443,.T.);
#2202=ORIENTED_EDGE('',*,*,#1587,.T.);
#2203=ORIENTED_EDGE('',*,*,#1596,.T.);
#2204=ORIENTED_EDGE('',*,*,#1593,.T.);
#2205=ORIENTED_EDGE('',*,*,#1590,.T.);
#2206=ORIENTED_EDGE('',*,*,#1575,.T.);
#2207=ORIENTED_EDGE('',*,*,#1584,.T.);
#2208=ORIENTED_EDGE('',*,*,#1581,.T.);
#2209=ORIENTED_EDGE('',*,*,#1578,.T.);
#2210=ORIENTED_EDGE('',*,*,#1563,.T.);
#2211=ORIENTED_EDGE('',*,*,#1572,.T.);
#2212=ORIENTED_EDGE('',*,*,#1569,.T.);
#2213=ORIENTED_EDGE('',*,*,#1566,.T.);
#2214=ORIENTED_EDGE('',*,*,#1551,.T.);
#2215=ORIENTED_EDGE('',*,*,#1560,.T.);
#2216=ORIENTED_EDGE('',*,*,#1557,.T.);
#2217=ORIENTED_EDGE('',*,*,#1554,.T.);
#2218=ORIENTED_EDGE('',*,*,#1539,.T.);
#2219=ORIENTED_EDGE('',*,*,#1548,.T.);
#2220=ORIENTED_EDGE('',*,*,#1545,.T.);
#2221=ORIENTED_EDGE('',*,*,#1542,.T.);
#2222=ORIENTED_EDGE('',*,*,#1527,.T.);
#2223=ORIENTED_EDGE('',*,*,#1536,.T.);
#2224=ORIENTED_EDGE('',*,*,#1533,.T.);
#2225=ORIENTED_EDGE('',*,*,#1530,.T.);
#2226=ORIENTED_EDGE('',*,*,#1515,.T.);
#2227=ORIENTED_EDGE('',*,*,#1524,.T.);
#2228=ORIENTED_EDGE('',*,*,#1521,.T.);
#2229=ORIENTED_EDGE('',*,*,#1518,.T.);
#2230=ORIENTED_EDGE('',*,*,#1503,.T.);
#2231=ORIENTED_EDGE('',*,*,#1512,.T.);
#2232=ORIENTED_EDGE('',*,*,#1509,.T.);
#2233=ORIENTED_EDGE('',*,*,#1506,.T.);
#2234=ORIENTED_EDGE('',*,*,#1491,.T.);
#2235=ORIENTED_EDGE('',*,*,#1500,.T.);
#2236=ORIENTED_EDGE('',*,*,#1497,.T.);
#2237=ORIENTED_EDGE('',*,*,#1494,.T.);
#2238=ORIENTED_EDGE('',*,*,#1479,.T.);
#2239=ORIENTED_EDGE('',*,*,#1488,.T.);
#2240=ORIENTED_EDGE('',*,*,#1485,.T.);
#2241=ORIENTED_EDGE('',*,*,#1482,.T.);
#2242=ORIENTED_EDGE('',*,*,#1467,.T.);
#2243=ORIENTED_EDGE('',*,*,#1476,.T.);
#2244=ORIENTED_EDGE('',*,*,#1473,.T.);
#2245=ORIENTED_EDGE('',*,*,#1470,.T.);
#2246=ORIENTED_EDGE('',*,*,#1455,.T.);
#2247=ORIENTED_EDGE('',*,*,#1464,.T.);
#2248=ORIENTED_EDGE('',*,*,#1461,.T.);
#2249=ORIENTED_EDGE('',*,*,#1458,.T.);
#2250=ORIENTED_EDGE('',*,*,#1425,.T.);
#2251=ORIENTED_EDGE('',*,*,#1437,.T.);
#2252=ORIENTED_EDGE('',*,*,#1434,.T.);
#2253=ORIENTED_EDGE('',*,*,#1431,.T.);
#2254=ORIENTED_EDGE('',*,*,#1428,.T.);
#2255=ORIENTED_EDGE('',*,*,#1410,.T.);
#2256=ORIENTED_EDGE('',*,*,#1422,.T.);
#2257=ORIENTED_EDGE('',*,*,#1419,.T.);
#2258=ORIENTED_EDGE('',*,*,#1416,.T.);
#2259=ORIENTED_EDGE('',*,*,#1413,.T.);
#2260=ORIENTED_EDGE('',*,*,#1395,.T.);
#2261=ORIENTED_EDGE('',*,*,#1407,.T.);
#2262=ORIENTED_EDGE('',*,*,#1404,.T.);
#2263=ORIENTED_EDGE('',*,*,#1401,.T.);
#2264=ORIENTED_EDGE('',*,*,#1398,.T.);
#2265=ORIENTED_EDGE('',*,*,#1380,.T.);
#2266=ORIENTED_EDGE('',*,*,#1392,.T.);
#2267=ORIENTED_EDGE('',*,*,#1389,.T.);
#2268=ORIENTED_EDGE('',*,*,#1386,.T.);
#2269=ORIENTED_EDGE('',*,*,#1383,.T.);
#2270=ORIENTED_EDGE('',*,*,#1365,.T.);
#2271=ORIENTED_EDGE('',*,*,#1377,.T.);
#2272=ORIENTED_EDGE('',*,*,#1374,.T.);
#2273=ORIENTED_EDGE('',*,*,#1371,.T.);
#2274=ORIENTED_EDGE('',*,*,#1368,.T.);
#2275=ORIENTED_EDGE('',*,*,#1350,.T.);
#2276=ORIENTED_EDGE('',*,*,#1362,.T.);
#2277=ORIENTED_EDGE('',*,*,#1359,.T.);
#2278=ORIENTED_EDGE('',*,*,#1356,.T.);
#2279=ORIENTED_EDGE('',*,*,#1353,.T.);
#2280=ORIENTED_EDGE('',*,*,#1335,.T.);
#2281=ORIENTED_EDGE('',*,*,#1347,.T.);
#2282=ORIENTED_EDGE('',*,*,#1344,.T.);
#2283=ORIENTED_EDGE('',*,*,#1341,.T.);
#2284=ORIENTED_EDGE('',*,*,#1338,.T.);
#2285=ORIENTED_EDGE('',*,*,#1320,.T.);
#2286=ORIENTED_EDGE('',*,*,#1332,.T.);
#2287=ORIENTED_EDGE('',*,*,#1329,.T.);
#2288=ORIENTED_EDGE('',*,*,#1326,.T.);
#2289=ORIENTED_EDGE('',*,*,#1323,.T.);
#2290=ORIENTED_EDGE('',*,*,#1305,.T.);
#2291=ORIENTED_EDGE('',*,*,#1317,.T.);
#2292=ORIENTED_EDGE('',*,*,#1314,.T.);
#2293=ORIENTED_EDGE('',*,*,#1311,.T.);
#2294=ORIENTED_EDGE('',*,*,#1308,.T.);
#2295=ORIENTED_EDGE('',*,*,#1673,.T.);
#2296=ORIENTED_EDGE('',*,*,#1597,.T.);
#2297=ORIENTED_EDGE('',*,*,#1601,.T.);
#2298=ORIENTED_EDGE('',*,*,#1604,.T.);
#2299=ORIENTED_EDGE('',*,*,#1607,.T.);
#2300=ORIENTED_EDGE('',*,*,#1610,.T.);
#2301=ORIENTED_EDGE('',*,*,#1613,.T.);
#2302=ORIENTED_EDGE('',*,*,#1616,.T.);
#2303=ORIENTED_EDGE('',*,*,#1619,.T.);
#2304=ORIENTED_EDGE('',*,*,#1622,.T.);
#2305=ORIENTED_EDGE('',*,*,#1625,.F.);
#2306=ORIENTED_EDGE('',*,*,#1628,.F.);
#2307=ORIENTED_EDGE('',*,*,#1631,.F.);
#2308=ORIENTED_EDGE('',*,*,#1634,.F.);
#2309=ORIENTED_EDGE('',*,*,#1637,.F.);
#2310=ORIENTED_EDGE('',*,*,#1640,.F.);
#2311=ORIENTED_EDGE('',*,*,#1643,.F.);
#2312=ORIENTED_EDGE('',*,*,#1646,.F.);
#2313=ORIENTED_EDGE('',*,*,#1649,.F.);
#2314=ORIENTED_EDGE('',*,*,#1652,.F.);
#2315=ORIENTED_EDGE('',*,*,#1655,.F.);
#2316=ORIENTED_EDGE('',*,*,#1658,.T.);
#2317=ORIENTED_EDGE('',*,*,#1661,.T.);
#2318=ORIENTED_EDGE('',*,*,#1664,.T.);
#2319=ORIENTED_EDGE('',*,*,#1667,.T.);
#2320=ORIENTED_EDGE('',*,*,#1670,.F.);
#2321=ORIENTED_EDGE('',*,*,#1438,.T.);
#2322=ORIENTED_EDGE('',*,*,#1442,.T.);
#2323=ORIENTED_EDGE('',*,*,#1445,.T.);
#2324=ORIENTED_EDGE('',*,*,#1448,.T.);
#2325=ORIENTED_EDGE('',*,*,#1451,.T.);
#2326=ORIENTED_EDGE('',*,*,#1585,.T.);
#2327=ORIENTED_EDGE('',*,*,#1589,.T.);
#2328=ORIENTED_EDGE('',*,*,#1592,.T.);
#2329=ORIENTED_EDGE('',*,*,#1595,.T.);
#2330=ORIENTED_EDGE('',*,*,#1573,.T.);
#2331=ORIENTED_EDGE('',*,*,#1577,.T.);
#2332=ORIENTED_EDGE('',*,*,#1580,.T.);
#2333=ORIENTED_EDGE('',*,*,#1583,.T.);
#2334=ORIENTED_EDGE('',*,*,#1561,.T.);
#2335=ORIENTED_EDGE('',*,*,#1565,.T.);
#2336=ORIENTED_EDGE('',*,*,#1568,.T.);
#2337=ORIENTED_EDGE('',*,*,#1571,.T.);
#2338=ORIENTED_EDGE('',*,*,#1549,.T.);
#2339=ORIENTED_EDGE('',*,*,#1553,.T.);
#2340=ORIENTED_EDGE('',*,*,#1556,.T.);
#2341=ORIENTED_EDGE('',*,*,#1559,.T.);
#2342=ORIENTED_EDGE('',*,*,#1537,.T.);
#2343=ORIENTED_EDGE('',*,*,#1541,.T.);
#2344=ORIENTED_EDGE('',*,*,#1544,.T.);
#2345=ORIENTED_EDGE('',*,*,#1547,.T.);
#2346=ORIENTED_EDGE('',*,*,#1525,.T.);
#2347=ORIENTED_EDGE('',*,*,#1529,.T.);
#2348=ORIENTED_EDGE('',*,*,#1532,.T.);
#2349=ORIENTED_EDGE('',*,*,#1535,.T.);
#2350=ORIENTED_EDGE('',*,*,#1513,.T.);
#2351=ORIENTED_EDGE('',*,*,#1517,.T.);
#2352=ORIENTED_EDGE('',*,*,#1520,.T.);
#2353=ORIENTED_EDGE('',*,*,#1523,.T.);
#2354=ORIENTED_EDGE('',*,*,#1501,.T.);
#2355=ORIENTED_EDGE('',*,*,#1505,.T.);
#2356=ORIENTED_EDGE('',*,*,#1508,.T.);
#2357=ORIENTED_EDGE('',*,*,#1511,.T.);
#2358=ORIENTED_EDGE('',*,*,#1489,.T.);
#2359=ORIENTED_EDGE('',*,*,#1493,.T.);
#2360=ORIENTED_EDGE('',*,*,#1496,.T.);
#2361=ORIENTED_EDGE('',*,*,#1499,.T.);
#2362=ORIENTED_EDGE('',*,*,#1477,.T.);
#2363=ORIENTED_EDGE('',*,*,#1481,.T.);
#2364=ORIENTED_EDGE('',*,*,#1484,.T.);
#2365=ORIENTED_EDGE('',*,*,#1487,.T.);
#2366=ORIENTED_EDGE('',*,*,#1465,.T.);
#2367=ORIENTED_EDGE('',*,*,#1469,.T.);
#2368=ORIENTED_EDGE('',*,*,#1472,.T.);
#2369=ORIENTED_EDGE('',*,*,#1475,.T.);
#2370=ORIENTED_EDGE('',*,*,#1453,.T.);
#2371=ORIENTED_EDGE('',*,*,#1457,.T.);
#2372=ORIENTED_EDGE('',*,*,#1460,.T.);
#2373=ORIENTED_EDGE('',*,*,#1463,.T.);
#2374=ORIENTED_EDGE('',*,*,#1423,.T.);
#2375=ORIENTED_EDGE('',*,*,#1427,.T.);
#2376=ORIENTED_EDGE('',*,*,#1430,.T.);
#2377=ORIENTED_EDGE('',*,*,#1433,.T.);
#2378=ORIENTED_EDGE('',*,*,#1436,.T.);
#2379=ORIENTED_EDGE('',*,*,#1408,.T.);
#2380=ORIENTED_EDGE('',*,*,#1412,.T.);
#2381=ORIENTED_EDGE('',*,*,#1415,.T.);
#2382=ORIENTED_EDGE('',*,*,#1418,.T.);
#2383=ORIENTED_EDGE('',*,*,#1421,.T.);
#2384=ORIENTED_EDGE('',*,*,#1393,.T.);
#2385=ORIENTED_EDGE('',*,*,#1397,.T.);
#2386=ORIENTED_EDGE('',*,*,#1400,.T.);
#2387=ORIENTED_EDGE('',*,*,#1403,.T.);
#2388=ORIENTED_EDGE('',*,*,#1406,.T.);
#2389=ORIENTED_EDGE('',*,*,#1378,.T.);
#2390=ORIENTED_EDGE('',*,*,#1382,.T.);
#2391=ORIENTED_EDGE('',*,*,#1385,.T.);
#2392=ORIENTED_EDGE('',*,*,#1388,.T.);
#2393=ORIENTED_EDGE('',*,*,#1391,.T.);
#2394=ORIENTED_EDGE('',*,*,#1363,.T.);
#2395=ORIENTED_EDGE('',*,*,#1367,.T.);
#2396=ORIENTED_EDGE('',*,*,#1370,.T.);
#2397=ORIENTED_EDGE('',*,*,#1373,.T.);
#2398=ORIENTED_EDGE('',*,*,#1376,.T.);
#2399=ORIENTED_EDGE('',*,*,#1348,.T.);
#2400=ORIENTED_EDGE('',*,*,#1352,.T.);
#2401=ORIENTED_EDGE('',*,*,#1355,.T.);
#2402=ORIENTED_EDGE('',*,*,#1358,.T.);
#2403=ORIENTED_EDGE('',*,*,#1361,.T.);
#2404=ORIENTED_EDGE('',*,*,#1333,.T.);
#2405=ORIENTED_EDGE('',*,*,#1337,.T.);
#2406=ORIENTED_EDGE('',*,*,#1340,.T.);
#2407=ORIENTED_EDGE('',*,*,#1343,.T.);
#2408=ORIENTED_EDGE('',*,*,#1346,.T.);
#2409=ORIENTED_EDGE('',*,*,#1318,.T.);
#2410=ORIENTED_EDGE('',*,*,#1322,.T.);
#2411=ORIENTED_EDGE('',*,*,#1325,.T.);
#2412=ORIENTED_EDGE('',*,*,#1328,.T.);
#2413=ORIENTED_EDGE('',*,*,#1331,.T.);
#2414=ORIENTED_EDGE('',*,*,#1303,.T.);
#2415=ORIENTED_EDGE('',*,*,#1307,.T.);
#2416=ORIENTED_EDGE('',*,*,#1310,.T.);
#2417=ORIENTED_EDGE('',*,*,#1313,.T.);
#2418=ORIENTED_EDGE('',*,*,#1316,.T.);
#2419=PLANE('',#2641);
#2420=PLANE('',#2645);
#2421=PLANE('',#2649);
#2422=PLANE('',#2650);
#2423=PLANE('',#2654);
#2424=PLANE('',#2658);
#2425=PLANE('',#2659);
#2426=PLANE('',#2663);
#2427=PLANE('',#2667);
#2428=PLANE('',#2668);
#2429=PLANE('',#2672);
#2430=PLANE('',#2676);
#2431=PLANE('',#2677);
#2432=PLANE('',#2681);
#2433=PLANE('',#2685);
#2434=PLANE('',#2686);
#2435=PLANE('',#2690);
#2436=PLANE('',#2694);
#2437=PLANE('',#2695);
#2438=PLANE('',#2699);
#2439=PLANE('',#2703);
#2440=PLANE('',#2704);
#2441=PLANE('',#2708);
#2442=PLANE('',#2712);
#2443=PLANE('',#2713);
#2444=PLANE('',#2717);
#2445=PLANE('',#2721);
#2446=PLANE('',#2722);
#2447=PLANE('',#2726);
#2448=PLANE('',#2730);
#2449=PLANE('',#2731);
#2450=PLANE('',#2735);
#2451=PLANE('',#2739);
#2452=PLANE('',#2743);
#2453=PLANE('',#2747);
#2454=PLANE('',#2751);
#2455=PLANE('',#2755);
#2456=PLANE('',#2759);
#2457=PLANE('',#2763);
#2458=PLANE('',#2767);
#2459=PLANE('',#2771);
#2460=PLANE('',#2775);
#2461=PLANE('',#2779);
#2462=PLANE('',#2783);
#2463=PLANE('',#2787);
#2464=PLANE('',#2791);
#2465=PLANE('',#2795);
#2466=PLANE('',#2799);
#2467=PLANE('',#2803);
#2468=PLANE('',#2807);
#2469=PLANE('',#2811);
#2470=PLANE('',#2815);
#2471=PLANE('',#2819);
#2472=PLANE('',#2823);
#2473=PLANE('',#2827);
#2474=PLANE('',#2828);
#2475=PLANE('',#2829);
#2476=PLANE('',#2830);
#2477=PLANE('',#2831);
#2478=PLANE('',#2832);
#2479=PLANE('',#2833);
#2480=PLANE('',#2834);
#2481=PLANE('',#2835);
#2482=PLANE('',#2836);
#2483=PLANE('',#2837);
#2484=PLANE('',#2838);
#2485=PLANE('',#2839);
#2486=PLANE('',#2840);
#2487=PLANE('',#2841);
#2488=PLANE('',#2842);
#2489=PLANE('',#2843);
#2490=PLANE('',#2844);
#2491=PLANE('',#2845);
#2492=PLANE('',#2846);
#2493=PLANE('',#2847);
#2494=PLANE('',#2848);
#2495=PLANE('',#2849);
#2496=PLANE('',#2850);
#2497=PLANE('',#2851);
#2498=PLANE('',#2852);
#2499=PLANE('',#2853);
#2500=PLANE('',#2854);
#2501=ADVANCED_FACE('',(#191),#2419,.F.);
#2502=ADVANCED_FACE('',(#192),#147,.F.);
#2503=ADVANCED_FACE('',(#193),#2420,.F.);
#2504=ADVANCED_FACE('',(#194),#148,.F.);
#2505=ADVANCED_FACE('',(#195),#2421,.F.);
#2506=ADVANCED_FACE('',(#196),#2422,.F.);
#2507=ADVANCED_FACE('',(#197),#149,.F.);
#2508=ADVANCED_FACE('',(#198),#2423,.F.);
#2509=ADVANCED_FACE('',(#199),#150,.F.);
#2510=ADVANCED_FACE('',(#200),#2424,.F.);
#2511=ADVANCED_FACE('',(#201),#2425,.F.);
#2512=ADVANCED_FACE('',(#202),#151,.F.);
#2513=ADVANCED_FACE('',(#203),#2426,.F.);
#2514=ADVANCED_FACE('',(#204),#152,.F.);
#2515=ADVANCED_FACE('',(#205),#2427,.F.);
#2516=ADVANCED_FACE('',(#206),#2428,.F.);
#2517=ADVANCED_FACE('',(#207),#153,.F.);
#2518=ADVANCED_FACE('',(#208),#2429,.F.);
#2519=ADVANCED_FACE('',(#209),#154,.F.);
#2520=ADVANCED_FACE('',(#210),#2430,.F.);
#2521=ADVANCED_FACE('',(#211),#2431,.F.);
#2522=ADVANCED_FACE('',(#212),#155,.F.);
#2523=ADVANCED_FACE('',(#213),#2432,.F.);
#2524=ADVANCED_FACE('',(#214),#156,.F.);
#2525=ADVANCED_FACE('',(#215),#2433,.F.);
#2526=ADVANCED_FACE('',(#216),#2434,.F.);
#2527=ADVANCED_FACE('',(#217),#157,.F.);
#2528=ADVANCED_FACE('',(#218),#2435,.F.);
#2529=ADVANCED_FACE('',(#219),#158,.F.);
#2530=ADVANCED_FACE('',(#220),#2436,.F.);
#2531=ADVANCED_FACE('',(#221),#2437,.F.);
#2532=ADVANCED_FACE('',(#222),#159,.F.);
#2533=ADVANCED_FACE('',(#223),#2438,.F.);
#2534=ADVANCED_FACE('',(#224),#160,.F.);
#2535=ADVANCED_FACE('',(#225),#2439,.F.);
#2536=ADVANCED_FACE('',(#226),#2440,.F.);
#2537=ADVANCED_FACE('',(#227),#161,.F.);
#2538=ADVANCED_FACE('',(#228),#2441,.F.);
#2539=ADVANCED_FACE('',(#229),#162,.F.);
#2540=ADVANCED_FACE('',(#230),#2442,.F.);
#2541=ADVANCED_FACE('',(#231),#2443,.F.);
#2542=ADVANCED_FACE('',(#232),#163,.F.);
#2543=ADVANCED_FACE('',(#233),#2444,.F.);
#2544=ADVANCED_FACE('',(#234),#164,.F.);
#2545=ADVANCED_FACE('',(#235),#2445,.F.);
#2546=ADVANCED_FACE('',(#236),#2446,.F.);
#2547=ADVANCED_FACE('',(#237),#165,.F.);
#2548=ADVANCED_FACE('',(#238),#2447,.F.);
#2549=ADVANCED_FACE('',(#239),#166,.F.);
#2550=ADVANCED_FACE('',(#240),#2448,.F.);
#2551=ADVANCED_FACE('',(#241),#2449,.F.);
#2552=ADVANCED_FACE('',(#242),#167,.F.);
#2553=ADVANCED_FACE('',(#243),#2450,.F.);
#2554=ADVANCED_FACE('',(#244),#168,.F.);
#2555=ADVANCED_FACE('',(#245),#2451,.F.);
#2556=ADVANCED_FACE('',(#246),#169,.F.);
#2557=ADVANCED_FACE('',(#247),#2452,.F.);
#2558=ADVANCED_FACE('',(#248),#170,.F.);
#2559=ADVANCED_FACE('',(#249),#2453,.F.);
#2560=ADVANCED_FACE('',(#250),#171,.F.);
#2561=ADVANCED_FACE('',(#251),#2454,.F.);
#2562=ADVANCED_FACE('',(#252),#172,.F.);
#2563=ADVANCED_FACE('',(#253),#2455,.F.);
#2564=ADVANCED_FACE('',(#254),#173,.F.);
#2565=ADVANCED_FACE('',(#255),#2456,.F.);
#2566=ADVANCED_FACE('',(#256),#174,.F.);
#2567=ADVANCED_FACE('',(#257),#2457,.F.);
#2568=ADVANCED_FACE('',(#258),#175,.F.);
#2569=ADVANCED_FACE('',(#259),#2458,.F.);
#2570=ADVANCED_FACE('',(#260),#176,.F.);
#2571=ADVANCED_FACE('',(#261),#2459,.F.);
#2572=ADVANCED_FACE('',(#262),#177,.F.);
#2573=ADVANCED_FACE('',(#263),#2460,.F.);
#2574=ADVANCED_FACE('',(#264),#178,.F.);
#2575=ADVANCED_FACE('',(#265),#2461,.F.);
#2576=ADVANCED_FACE('',(#266),#179,.F.);
#2577=ADVANCED_FACE('',(#267),#2462,.F.);
#2578=ADVANCED_FACE('',(#268),#180,.F.);
#2579=ADVANCED_FACE('',(#269),#2463,.F.);
#2580=ADVANCED_FACE('',(#270),#181,.F.);
#2581=ADVANCED_FACE('',(#271),#2464,.F.);
#2582=ADVANCED_FACE('',(#272),#182,.F.);
#2583=ADVANCED_FACE('',(#273),#2465,.F.);
#2584=ADVANCED_FACE('',(#274),#183,.F.);
#2585=ADVANCED_FACE('',(#275),#2466,.F.);
#2586=ADVANCED_FACE('',(#276),#184,.F.);
#2587=ADVANCED_FACE('',(#277),#2467,.F.);
#2588=ADVANCED_FACE('',(#278),#185,.F.);
#2589=ADVANCED_FACE('',(#279),#2468,.F.);
#2590=ADVANCED_FACE('',(#280),#186,.F.);
#2591=ADVANCED_FACE('',(#281),#2469,.F.);
#2592=ADVANCED_FACE('',(#282),#187,.F.);
#2593=ADVANCED_FACE('',(#283),#2470,.F.);
#2594=ADVANCED_FACE('',(#284),#188,.F.);
#2595=ADVANCED_FACE('',(#285),#2471,.F.);
#2596=ADVANCED_FACE('',(#286),#189,.F.);
#2597=ADVANCED_FACE('',(#287),#2472,.F.);
#2598=ADVANCED_FACE('',(#288),#190,.F.);
#2599=ADVANCED_FACE('',(#289),#2473,.T.);
#2600=ADVANCED_FACE('',(#290),#2474,.T.);
#2601=ADVANCED_FACE('',(#291),#2475,.T.);
#2602=ADVANCED_FACE('',(#292),#2476,.T.);
#2603=ADVANCED_FACE('',(#293),#2477,.T.);
#2604=ADVANCED_FACE('',(#294),#2478,.T.);
#2605=ADVANCED_FACE('',(#295),#2479,.T.);
#2606=ADVANCED_FACE('',(#296),#2480,.T.);
#2607=ADVANCED_FACE('',(#297),#2481,.T.);
#2608=ADVANCED_FACE('',(#298),#2482,.T.);
#2609=ADVANCED_FACE('',(#299),#2483,.T.);
#2610=ADVANCED_FACE('',(#300),#2484,.T.);
#2611=ADVANCED_FACE('',(#301),#2485,.T.);
#2612=ADVANCED_FACE('',(#302),#2486,.T.);
#2613=ADVANCED_FACE('',(#303),#2487,.T.);
#2614=ADVANCED_FACE('',(#304),#2488,.T.);
#2615=ADVANCED_FACE('',(#305),#2489,.T.);
#2616=ADVANCED_FACE('',(#306),#2490,.T.);
#2617=ADVANCED_FACE('',(#307),#2491,.T.);
#2618=ADVANCED_FACE('',(#308),#2492,.T.);
#2619=ADVANCED_FACE('',(#309),#2493,.T.);
#2620=ADVANCED_FACE('',(#310),#2494,.T.);
#2621=ADVANCED_FACE('',(#311),#2495,.T.);
#2622=ADVANCED_FACE('',(#312),#2496,.T.);
#2623=ADVANCED_FACE('',(#313),#2497,.T.);
#2624=ADVANCED_FACE('',(#314),#2498,.T.);
#2625=ADVANCED_FACE('',(#315,#15,#16,#17,#18,#19,#20,#21,#22,#23,#24,#25,
#26,#27,#28,#29,#30,#31,#32,#33,#34,#35,#36),#2499,.T.);
#2626=ADVANCED_FACE('',(#316,#37,#38,#39,#40,#41,#42,#43,#44,#45,#46,#47,
#48,#49,#50,#51,#52,#53,#54,#55,#56,#57,#58),#2500,.F.);
#2627=CLOSED_SHELL('',(#2501,#2502,#2503,#2504,#2505,#2506,#2507,#2508,
#2509,#2510,#2511,#2512,#2513,#2514,#2515,#2516,#2517,#2518,#2519,#2520,
#2521,#2522,#2523,#2524,#2525,#2526,#2527,#2528,#2529,#2530,#2531,#2532,
#2533,#2534,#2535,#2536,#2537,#2538,#2539,#2540,#2541,#2542,#2543,#2544,
#2545,#2546,#2547,#2548,#2549,#2550,#2551,#2552,#2553,#2554,#2555,#2556,
#2557,#2558,#2559,#2560,#2561,#2562,#2563,#2564,#2565,#2566,#2567,#2568,
#2569,#2570,#2571,#2572,#2573,#2574,#2575,#2576,#2577,#2578,#2579,#2580,
#2581,#2582,#2583,#2584,#2585,#2586,#2587,#2588,#2589,#2590,#2591,#2592,
#2593,#2594,#2595,#2596,#2597,#2598,#2599,#2600,#2601,#2602,#2603,#2604,
#2605,#2606,#2607,#2608,#2609,#2610,#2611,#2612,#2613,#2614,#2615,#2616,
#2617,#2618,#2619,#2620,#2621,#2622,#2623,#2624,#2625,#2626));
#2628=DERIVED_UNIT_ELEMENT(#2630,1.);
#2629=DERIVED_UNIT_ELEMENT(#4321,-3.);
#2630=(
MASS_UNIT()
NAMED_UNIT(*)
SI_UNIT(.KILO.,.GRAM.)
);
#2631=DERIVED_UNIT((#2628,#2629));
#2632=MEASURE_REPRESENTATION_ITEM('density measure',
POSITIVE_RATIO_MEASURE(7850.),#2631);
#2633=PROPERTY_DEFINITION_REPRESENTATION(#2638,#2635);
#2634=PROPERTY_DEFINITION_REPRESENTATION(#2639,#2636);
#2635=REPRESENTATION('material name',(#2637),#4318);
#2636=REPRESENTATION('density',(#2632),#4318);
#2637=DESCRIPTIVE_REPRESENTATION_ITEM('Steel','Steel');
#2638=PROPERTY_DEFINITION('material property','material name',#4328);
#2639=PROPERTY_DEFINITION('material property','density of part',#4328);
#2640=AXIS2_PLACEMENT_3D('',#3569,#2855,#2856);
#2641=AXIS2_PLACEMENT_3D('',#3570,#2857,#2858);
#2642=AXIS2_PLACEMENT_3D('',#3579,#2863,#2864);
#2643=AXIS2_PLACEMENT_3D('',#3581,#2865,#2866);
#2644=AXIS2_PLACEMENT_3D('',#3583,#2867,#2868);
#2645=AXIS2_PLACEMENT_3D('',#3585,#2870,#2871);
#2646=AXIS2_PLACEMENT_3D('',#3591,#2875,#2876);
#2647=AXIS2_PLACEMENT_3D('',#3593,#2877,#2878);
#2648=AXIS2_PLACEMENT_3D('',#3595,#2879,#2880);
#2649=AXIS2_PLACEMENT_3D('',#3597,#2882,#2883);
#2650=AXIS2_PLACEMENT_3D('',#3600,#2886,#2887);
#2651=AXIS2_PLACEMENT_3D('',#3609,#2892,#2893);
#2652=AXIS2_PLACEMENT_3D('',#3611,#2894,#2895);
#2653=AXIS2_PLACEMENT_3D('',#3613,#2896,#2897);
#2654=AXIS2_PLACEMENT_3D('',#3615,#2899,#2900);
#2655=AXIS2_PLACEMENT_3D('',#3621,#2904,#2905);
#2656=AXIS2_PLACEMENT_3D('',#3623,#2906,#2907);
#2657=AXIS2_PLACEMENT_3D('',#3625,#2908,#2909);
#2658=AXIS2_PLACEMENT_3D('',#3627,#2911,#2912);
#2659=AXIS2_PLACEMENT_3D('',#3630,#2915,#2916);
#2660=AXIS2_PLACEMENT_3D('',#3639,#2921,#2922);
#2661=AXIS2_PLACEMENT_3D('',#3641,#2923,#2924);
#2662=AXIS2_PLACEMENT_3D('',#3643,#2925,#2926);
#2663=AXIS2_PLACEMENT_3D('',#3645,#2928,#2929);
#2664=AXIS2_PLACEMENT_3D('',#3651,#2933,#2934);
#2665=AXIS2_PLACEMENT_3D('',#3653,#2935,#2936);
#2666=AXIS2_PLACEMENT_3D('',#3655,#2937,#2938);
#2667=AXIS2_PLACEMENT_3D('',#3657,#2940,#2941);
#2668=AXIS2_PLACEMENT_3D('',#3660,#2944,#2945);
#2669=AXIS2_PLACEMENT_3D('',#3669,#2950,#2951);
#2670=AXIS2_PLACEMENT_3D('',#3671,#2952,#2953);
#2671=AXIS2_PLACEMENT_3D('',#3673,#2954,#2955);
#2672=AXIS2_PLACEMENT_3D('',#3675,#2957,#2958);
#2673=AXIS2_PLACEMENT_3D('',#3681,#2962,#2963);
#2674=AXIS2_PLACEMENT_3D('',#3683,#2964,#2965);
#2675=AXIS2_PLACEMENT_3D('',#3685,#2966,#2967);
#2676=AXIS2_PLACEMENT_3D('',#3687,#2969,#2970);
#2677=AXIS2_PLACEMENT_3D('',#3690,#2973,#2974);
#2678=AXIS2_PLACEMENT_3D('',#3699,#2979,#2980);
#2679=AXIS2_PLACEMENT_3D('',#3701,#2981,#2982);
#2680=AXIS2_PLACEMENT_3D('',#3703,#2983,#2984);
#2681=AXIS2_PLACEMENT_3D('',#3705,#2986,#2987);
#2682=AXIS2_PLACEMENT_3D('',#3711,#2991,#2992);
#2683=AXIS2_PLACEMENT_3D('',#3713,#2993,#2994);
#2684=AXIS2_PLACEMENT_3D('',#3715,#2995,#2996);
#2685=AXIS2_PLACEMENT_3D('',#3717,#2998,#2999);
#2686=AXIS2_PLACEMENT_3D('',#3720,#3002,#3003);
#2687=AXIS2_PLACEMENT_3D('',#3729,#3008,#3009);
#2688=AXIS2_PLACEMENT_3D('',#3731,#3010,#3011);
#2689=AXIS2_PLACEMENT_3D('',#3733,#3012,#3013);
#2690=AXIS2_PLACEMENT_3D('',#3735,#3015,#3016);
#2691=AXIS2_PLACEMENT_3D('',#3741,#3020,#3021);
#2692=AXIS2_PLACEMENT_3D('',#3743,#3022,#3023);
#2693=AXIS2_PLACEMENT_3D('',#3745,#3024,#3025);
#2694=AXIS2_PLACEMENT_3D('',#3747,#3027,#3028);
#2695=AXIS2_PLACEMENT_3D('',#3750,#3031,#3032);
#2696=AXIS2_PLACEMENT_3D('',#3759,#3037,#3038);
#2697=AXIS2_PLACEMENT_3D('',#3761,#3039,#3040);
#2698=AXIS2_PLACEMENT_3D('',#3763,#3041,#3042);
#2699=AXIS2_PLACEMENT_3D('',#3765,#3044,#3045);
#2700=AXIS2_PLACEMENT_3D('',#3771,#3049,#3050);
#2701=AXIS2_PLACEMENT_3D('',#3773,#3051,#3052);
#2702=AXIS2_PLACEMENT_3D('',#3775,#3053,#3054);
#2703=AXIS2_PLACEMENT_3D('',#3777,#3056,#3057);
#2704=AXIS2_PLACEMENT_3D('',#3780,#3060,#3061);
#2705=AXIS2_PLACEMENT_3D('',#3789,#3066,#3067);
#2706=AXIS2_PLACEMENT_3D('',#3791,#3068,#3069);
#2707=AXIS2_PLACEMENT_3D('',#3793,#3070,#3071);
#2708=AXIS2_PLACEMENT_3D('',#3795,#3073,#3074);
#2709=AXIS2_PLACEMENT_3D('',#3801,#3078,#3079);
#2710=AXIS2_PLACEMENT_3D('',#3803,#3080,#3081);
#2711=AXIS2_PLACEMENT_3D('',#3805,#3082,#3083);
#2712=AXIS2_PLACEMENT_3D('',#3807,#3085,#3086);
#2713=AXIS2_PLACEMENT_3D('',#3810,#3089,#3090);
#2714=AXIS2_PLACEMENT_3D('',#3819,#3095,#3096);
#2715=AXIS2_PLACEMENT_3D('',#3821,#3097,#3098);
#2716=AXIS2_PLACEMENT_3D('',#3823,#3099,#3100);
#2717=AXIS2_PLACEMENT_3D('',#3825,#3102,#3103);
#2718=AXIS2_PLACEMENT_3D('',#3831,#3107,#3108);
#2719=AXIS2_PLACEMENT_3D('',#3833,#3109,#3110);
#2720=AXIS2_PLACEMENT_3D('',#3835,#3111,#3112);
#2721=AXIS2_PLACEMENT_3D('',#3837,#3114,#3115);
#2722=AXIS2_PLACEMENT_3D('',#3840,#3118,#3119);
#2723=AXIS2_PLACEMENT_3D('',#3849,#3124,#3125);
#2724=AXIS2_PLACEMENT_3D('',#3851,#3126,#3127);
#2725=AXIS2_PLACEMENT_3D('',#3853,#3128,#3129);
#2726=AXIS2_PLACEMENT_3D('',#3855,#3131,#3132);
#2727=AXIS2_PLACEMENT_3D('',#3861,#3136,#3137);
#2728=AXIS2_PLACEMENT_3D('',#3863,#3138,#3139);
#2729=AXIS2_PLACEMENT_3D('',#3865,#3140,#3141);
#2730=AXIS2_PLACEMENT_3D('',#3867,#3143,#3144);
#2731=AXIS2_PLACEMENT_3D('',#3870,#3147,#3148);
#2732=AXIS2_PLACEMENT_3D('',#3879,#3153,#3154);
#2733=AXIS2_PLACEMENT_3D('',#3881,#3155,#3156);
#2734=AXIS2_PLACEMENT_3D('',#3883,#3157,#3158);
#2735=AXIS2_PLACEMENT_3D('',#3885,#3160,#3161);
#2736=AXIS2_PLACEMENT_3D('',#3891,#3165,#3166);
#2737=AXIS2_PLACEMENT_3D('',#3892,#3167,#3168);
#2738=AXIS2_PLACEMENT_3D('',#3893,#3169,#3170);
#2739=AXIS2_PLACEMENT_3D('',#3894,#3171,#3172);
#2740=AXIS2_PLACEMENT_3D('',#3903,#3177,#3178);
#2741=AXIS2_PLACEMENT_3D('',#3905,#3179,#3180);
#2742=AXIS2_PLACEMENT_3D('',#3907,#3181,#3182);
#2743=AXIS2_PLACEMENT_3D('',#3909,#3184,#3185);
#2744=AXIS2_PLACEMENT_3D('',#3915,#3189,#3190);
#2745=AXIS2_PLACEMENT_3D('',#3916,#3191,#3192);
#2746=AXIS2_PLACEMENT_3D('',#3917,#3193,#3194);
#2747=AXIS2_PLACEMENT_3D('',#3918,#3195,#3196);
#2748=AXIS2_PLACEMENT_3D('',#3927,#3201,#3202);
#2749=AXIS2_PLACEMENT_3D('',#3929,#3203,#3204);
#2750=AXIS2_PLACEMENT_3D('',#3931,#3205,#3206);
#2751=AXIS2_PLACEMENT_3D('',#3933,#3208,#3209);
#2752=AXIS2_PLACEMENT_3D('',#3939,#3213,#3214);
#2753=AXIS2_PLACEMENT_3D('',#3940,#3215,#3216);
#2754=AXIS2_PLACEMENT_3D('',#3941,#3217,#3218);
#2755=AXIS2_PLACEMENT_3D('',#3942,#3219,#3220);
#2756=AXIS2_PLACEMENT_3D('',#3951,#3225,#3226);
#2757=AXIS2_PLACEMENT_3D('',#3953,#3227,#3228);
#2758=AXIS2_PLACEMENT_3D('',#3955,#3229,#3230);
#2759=AXIS2_PLACEMENT_3D('',#3957,#3232,#3233);
#2760=AXIS2_PLACEMENT_3D('',#3963,#3237,#3238);
#2761=AXIS2_PLACEMENT_3D('',#3964,#3239,#3240);
#2762=AXIS2_PLACEMENT_3D('',#3965,#3241,#3242);
#2763=AXIS2_PLACEMENT_3D('',#3966,#3243,#3244);
#2764=AXIS2_PLACEMENT_3D('',#3975,#3249,#3250);
#2765=AXIS2_PLACEMENT_3D('',#3977,#3251,#3252);
#2766=AXIS2_PLACEMENT_3D('',#3979,#3253,#3254);
#2767=AXIS2_PLACEMENT_3D('',#3981,#3256,#3257);
#2768=AXIS2_PLACEMENT_3D('',#3987,#3261,#3262);
#2769=AXIS2_PLACEMENT_3D('',#3988,#3263,#3264);
#2770=AXIS2_PLACEMENT_3D('',#3989,#3265,#3266);
#2771=AXIS2_PLACEMENT_3D('',#3990,#3267,#3268);
#2772=AXIS2_PLACEMENT_3D('',#3999,#3273,#3274);
#2773=AXIS2_PLACEMENT_3D('',#4001,#3275,#3276);
#2774=AXIS2_PLACEMENT_3D('',#4003,#3277,#3278);
#2775=AXIS2_PLACEMENT_3D('',#4005,#3280,#3281);
#2776=AXIS2_PLACEMENT_3D('',#4011,#3285,#3286);
#2777=AXIS2_PLACEMENT_3D('',#4012,#3287,#3288);
#2778=AXIS2_PLACEMENT_3D('',#4013,#3289,#3290);
#2779=AXIS2_PLACEMENT_3D('',#4014,#3291,#3292);
#2780=AXIS2_PLACEMENT_3D('',#4023,#3297,#3298);
#2781=AXIS2_PLACEMENT_3D('',#4025,#3299,#3300);
#2782=AXIS2_PLACEMENT_3D('',#4027,#3301,#3302);
#2783=AXIS2_PLACEMENT_3D('',#4029,#3304,#3305);
#2784=AXIS2_PLACEMENT_3D('',#4035,#3309,#3310);
#2785=AXIS2_PLACEMENT_3D('',#4036,#3311,#3312);
#2786=AXIS2_PLACEMENT_3D('',#4037,#3313,#3314);
#2787=AXIS2_PLACEMENT_3D('',#4038,#3315,#3316);
#2788=AXIS2_PLACEMENT_3D('',#4047,#3321,#3322);
#2789=AXIS2_PLACEMENT_3D('',#4049,#3323,#3324);
#2790=AXIS2_PLACEMENT_3D('',#4051,#3325,#3326);
#2791=AXIS2_PLACEMENT_3D('',#4053,#3328,#3329);
#2792=AXIS2_PLACEMENT_3D('',#4059,#3333,#3334);
#2793=AXIS2_PLACEMENT_3D('',#4060,#3335,#3336);
#2794=AXIS2_PLACEMENT_3D('',#4061,#3337,#3338);
#2795=AXIS2_PLACEMENT_3D('',#4062,#3339,#3340);
#2796=AXIS2_PLACEMENT_3D('',#4071,#3345,#3346);
#2797=AXIS2_PLACEMENT_3D('',#4073,#3347,#3348);
#2798=AXIS2_PLACEMENT_3D('',#4075,#3349,#3350);
#2799=AXIS2_PLACEMENT_3D('',#4077,#3352,#3353);
#2800=AXIS2_PLACEMENT_3D('',#4083,#3357,#3358);
#2801=AXIS2_PLACEMENT_3D('',#4084,#3359,#3360);
#2802=AXIS2_PLACEMENT_3D('',#4085,#3361,#3362);
#2803=AXIS2_PLACEMENT_3D('',#4086,#3363,#3364);
#2804=AXIS2_PLACEMENT_3D('',#4095,#3369,#3370);
#2805=AXIS2_PLACEMENT_3D('',#4097,#3371,#3372);
#2806=AXIS2_PLACEMENT_3D('',#4099,#3373,#3374);
#2807=AXIS2_PLACEMENT_3D('',#4101,#3376,#3377);
#2808=AXIS2_PLACEMENT_3D('',#4107,#3381,#3382);
#2809=AXIS2_PLACEMENT_3D('',#4108,#3383,#3384);
#2810=AXIS2_PLACEMENT_3D('',#4109,#3385,#3386);
#2811=AXIS2_PLACEMENT_3D('',#4110,#3387,#3388);
#2812=AXIS2_PLACEMENT_3D('',#4119,#3393,#3394);
#2813=AXIS2_PLACEMENT_3D('',#4121,#3395,#3396);
#2814=AXIS2_PLACEMENT_3D('',#4123,#3397,#3398);
#2815=AXIS2_PLACEMENT_3D('',#4125,#3400,#3401);
#2816=AXIS2_PLACEMENT_3D('',#4131,#3405,#3406);
#2817=AXIS2_PLACEMENT_3D('',#4132,#3407,#3408);
#2818=AXIS2_PLACEMENT_3D('',#4133,#3409,#3410);
#2819=AXIS2_PLACEMENT_3D('',#4134,#3411,#3412);
#2820=AXIS2_PLACEMENT_3D('',#4143,#3417,#3418);
#2821=AXIS2_PLACEMENT_3D('',#4145,#3419,#3420);
#2822=AXIS2_PLACEMENT_3D('',#4147,#3421,#3422);
#2823=AXIS2_PLACEMENT_3D('',#4149,#3424,#3425);
#2824=AXIS2_PLACEMENT_3D('',#4155,#3429,#3430);
#2825=AXIS2_PLACEMENT_3D('',#4156,#3431,#3432);
#2826=AXIS2_PLACEMENT_3D('',#4157,#3433,#3434);
#2827=AXIS2_PLACEMENT_3D('',#4158,#3435,#3436);
#2828=AXIS2_PLACEMENT_3D('',#4167,#3441,#3442);
#2829=AXIS2_PLACEMENT_3D('',#4173,#3446,#3447);
#2830=AXIS2_PLACEMENT_3D('',#4179,#3451,#3452);
#2831=AXIS2_PLACEMENT_3D('',#4185,#3456,#3457);
#2832=AXIS2_PLACEMENT_3D('',#4191,#3461,#3462);
#2833=AXIS2_PLACEMENT_3D('',#4197,#3466,#3467);
#2834=AXIS2_PLACEMENT_3D('',#4203,#3471,#3472);
#2835=AXIS2_PLACEMENT_3D('',#4209,#3476,#3477);
#2836=AXIS2_PLACEMENT_3D('',#4215,#3481,#3482);
#2837=AXIS2_PLACEMENT_3D('',#4221,#3486,#3487);
#2838=AXIS2_PLACEMENT_3D('',#4227,#3491,#3492);
#2839=AXIS2_PLACEMENT_3D('',#4233,#3496,#3497);
#2840=AXIS2_PLACEMENT_3D('',#4239,#3501,#3502);
#2841=AXIS2_PLACEMENT_3D('',#4245,#3506,#3507);
#2842=AXIS2_PLACEMENT_3D('',#4251,#3511,#3512);
#2843=AXIS2_PLACEMENT_3D('',#4257,#3516,#3517);
#2844=AXIS2_PLACEMENT_3D('',#4263,#3521,#3522);
#2845=AXIS2_PLACEMENT_3D('',#4269,#3526,#3527);
#2846=AXIS2_PLACEMENT_3D('',#4275,#3531,#3532);
#2847=AXIS2_PLACEMENT_3D('',#4281,#3536,#3537);
#2848=AXIS2_PLACEMENT_3D('',#4287,#3541,#3542);
#2849=AXIS2_PLACEMENT_3D('',#4293,#3546,#3547);
#2850=AXIS2_PLACEMENT_3D('',#4299,#3551,#3552);
#2851=AXIS2_PLACEMENT_3D('',#4305,#3556,#3557);
#2852=AXIS2_PLACEMENT_3D('',#4311,#3561,#3562);
#2853=AXIS2_PLACEMENT_3D('',#4314,#3565,#3566);
#2854=AXIS2_PLACEMENT_3D('',#4315,#3567,#3568);
#2855=DIRECTION('axis',(0.,0.,1.));
#2856=DIRECTION('refdir',(1.,0.,0.));
#2857=DIRECTION('center_axis',(0.,-1.,0.));
#2858=DIRECTION('ref_axis',(-1.,0.,0.));
#2859=DIRECTION('',(1.,0.,0.));
#2860=DIRECTION('',(0.,0.,-1.));
#2861=DIRECTION('',(-1.,0.,0.));
#2862=DIRECTION('',(0.,0.,-1.));
#2863=DIRECTION('center_axis',(0.,0.,-1.));
#2864=DIRECTION('ref_axis',(0.999949414452288,-0.0100582571316362,0.));
#2865=DIRECTION('center_axis',(0.,0.,1.));
#2866=DIRECTION('ref_axis',(-0.0106762540613186,-0.999943007175518,0.));
#2867=DIRECTION('center_axis',(0.,0.,-1.));
#2868=DIRECTION('ref_axis',(-0.0106762540613186,-0.999943007175518,0.));
#2869=DIRECTION('',(0.,0.,-1.));
#2870=DIRECTION('center_axis',(5.06074802819299E-16,1.,0.));
#2871=DIRECTION('ref_axis',(1.,-5.06074802819299E-16,0.));
#2872=DIRECTION('',(-1.,5.06074802819299E-16,0.));
#2873=DIRECTION('',(1.,-5.06074802819299E-16,0.));
#2874=DIRECTION('',(0.,0.,-1.));
#2875=DIRECTION('center_axis',(0.,0.,-1.));
#2876=DIRECTION('ref_axis',(-0.999948883481518,-0.0101109061940447,0.));
#2877=DIRECTION('center_axis',(0.,0.,1.));
#2878=DIRECTION('ref_axis',(0.0714740849049315,0.997442457080609,0.));
#2879=DIRECTION('center_axis',(0.,0.,-1.));
#2880=DIRECTION('ref_axis',(0.0714740849049315,0.997442457080609,0.));
#2881=DIRECTION('',(0.,0.,-1.));
#2882=DIRECTION('center_axis',(-1.,0.,0.));
#2883=DIRECTION('ref_axis',(0.,1.,0.));
#2884=DIRECTION('',(0.,-1.,0.));
#2885=DIRECTION('',(0.,1.,0.));
#2886=DIRECTION('center_axis',(0.,-1.,0.));
#2887=DIRECTION('ref_axis',(-1.,0.,0.));
#2888=DIRECTION('',(1.,0.,0.));
#2889=DIRECTION('',(0.,0.,-1.));
#2890=DIRECTION('',(-1.,0.,0.));
#2891=DIRECTION('',(0.,0.,-1.));
#2892=DIRECTION('center_axis',(0.,0.,-1.));
#2893=DIRECTION('ref_axis',(0.999949414452288,-0.0100582571316362,0.));
#2894=DIRECTION('center_axis',(0.,0.,1.));
#2895=DIRECTION('ref_axis',(-0.0106762540613186,-0.999943007175518,0.));
#2896=DIRECTION('center_axis',(0.,0.,-1.));
#2897=DIRECTION('ref_axis',(-0.0106762540613186,-0.999943007175518,0.));
#2898=DIRECTION('',(0.,0.,-1.));
#2899=DIRECTION('center_axis',(5.06074802819299E-16,1.,0.));
#2900=DIRECTION('ref_axis',(1.,-5.06074802819299E-16,0.));
#2901=DIRECTION('',(-1.,5.06074802819299E-16,0.));
#2902=DIRECTION('',(1.,-5.06074802819299E-16,0.));
#2903=DIRECTION('',(0.,0.,-1.));
#2904=DIRECTION('center_axis',(0.,0.,-1.));
#2905=DIRECTION('ref_axis',(-0.999948883481518,-0.0101109061940447,0.));
#2906=DIRECTION('center_axis',(0.,0.,1.));
#2907=DIRECTION('ref_axis',(0.0714740849049315,0.997442457080609,0.));
#2908=DIRECTION('center_axis',(0.,0.,-1.));
#2909=DIRECTION('ref_axis',(0.0714740849049315,0.997442457080609,0.));
#2910=DIRECTION('',(0.,0.,-1.));
#2911=DIRECTION('center_axis',(-1.,0.,0.));
#2912=DIRECTION('ref_axis',(0.,1.,0.));
#2913=DIRECTION('',(0.,-1.,0.));
#2914=DIRECTION('',(0.,1.,0.));
#2915=DIRECTION('center_axis',(0.,-1.,0.));
#2916=DIRECTION('ref_axis',(-1.,0.,0.));
#2917=DIRECTION('',(1.,0.,0.));
#2918=DIRECTION('',(0.,0.,-1.));
#2919=DIRECTION('',(-1.,0.,0.));
#2920=DIRECTION('',(0.,0.,-1.));
#2921=DIRECTION('center_axis',(0.,0.,-1.));
#2922=DIRECTION('ref_axis',(0.999949414452288,-0.0100582571316362,0.));
#2923=DIRECTION('center_axis',(0.,0.,1.));
#2924=DIRECTION('ref_axis',(-0.0106762540613186,-0.999943007175518,0.));
#2925=DIRECTION('center_axis',(0.,0.,-1.));
#2926=DIRECTION('ref_axis',(-0.0106762540613186,-0.999943007175518,0.));
#2927=DIRECTION('',(0.,0.,-1.));
#2928=DIRECTION('center_axis',(5.06074802819299E-16,1.,0.));
#2929=DIRECTION('ref_axis',(1.,-5.06074802819299E-16,0.));
#2930=DIRECTION('',(-1.,5.06074802819299E-16,0.));
#2931=DIRECTION('',(1.,-5.06074802819299E-16,0.));
#2932=DIRECTION('',(0.,0.,-1.));
#2933=DIRECTION('center_axis',(0.,0.,-1.));
#2934=DIRECTION('ref_axis',(-0.999948883481518,-0.0101109061940447,0.));
#2935=DIRECTION('center_axis',(0.,0.,1.));
#2936=DIRECTION('ref_axis',(0.0714740849049315,0.997442457080609,0.));
#2937=DIRECTION('center_axis',(0.,0.,-1.));
#2938=DIRECTION('ref_axis',(0.0714740849049315,0.997442457080609,0.));
#2939=DIRECTION('',(0.,0.,-1.));
#2940=DIRECTION('center_axis',(-1.,0.,0.));
#2941=DIRECTION('ref_axis',(0.,1.,0.));
#2942=DIRECTION('',(0.,-1.,0.));
#2943=DIRECTION('',(0.,1.,0.));
#2944=DIRECTION('center_axis',(0.,-1.,0.));
#2945=DIRECTION('ref_axis',(-1.,0.,0.));
#2946=DIRECTION('',(1.,0.,0.));
#2947=DIRECTION('',(0.,0.,-1.));
#2948=DIRECTION('',(-1.,0.,0.));
#2949=DIRECTION('',(0.,0.,-1.));
#2950=DIRECTION('center_axis',(0.,0.,-1.));
#2951=DIRECTION('ref_axis',(0.999949414452288,-0.0100582571316362,0.));
#2952=DIRECTION('center_axis',(0.,0.,1.));
#2953=DIRECTION('ref_axis',(-0.0106762540613186,-0.999943007175518,0.));
#2954=DIRECTION('center_axis',(0.,0.,-1.));
#2955=DIRECTION('ref_axis',(-0.0106762540613186,-0.999943007175518,0.));
#2956=DIRECTION('',(0.,0.,-1.));
#2957=DIRECTION('center_axis',(5.06074802819299E-16,1.,0.));
#2958=DIRECTION('ref_axis',(1.,-5.06074802819299E-16,0.));
#2959=DIRECTION('',(-1.,5.06074802819299E-16,0.));
#2960=DIRECTION('',(1.,-5.06074802819299E-16,0.));
#2961=DIRECTION('',(0.,0.,-1.));
#2962=DIRECTION('center_axis',(0.,0.,-1.));
#2963=DIRECTION('ref_axis',(-0.999948883481518,-0.0101109061940447,0.));
#2964=DIRECTION('center_axis',(0.,0.,1.));
#2965=DIRECTION('ref_axis',(0.0714740849049315,0.997442457080609,0.));
#2966=DIRECTION('center_axis',(0.,0.,-1.));
#2967=DIRECTION('ref_axis',(0.0714740849049315,0.997442457080609,0.));
#2968=DIRECTION('',(0.,0.,-1.));
#2969=DIRECTION('center_axis',(-1.,0.,0.));
#2970=DIRECTION('ref_axis',(0.,1.,0.));
#2971=DIRECTION('',(0.,-1.,0.));
#2972=DIRECTION('',(0.,1.,0.));
#2973=DIRECTION('center_axis',(0.,-1.,0.));
#2974=DIRECTION('ref_axis',(-1.,0.,0.));
#2975=DIRECTION('',(1.,0.,0.));
#2976=DIRECTION('',(0.,0.,-1.));
#2977=DIRECTION('',(-1.,0.,0.));
#2978=DIRECTION('',(0.,0.,-1.));
#2979=DIRECTION('center_axis',(0.,0.,-1.));
#2980=DIRECTION('ref_axis',(0.999949414452288,-0.0100582571316362,0.));
#2981=DIRECTION('center_axis',(0.,0.,1.));
#2982=DIRECTION('ref_axis',(-0.0106762540613186,-0.999943007175518,0.));
#2983=DIRECTION('center_axis',(0.,0.,-1.));
#2984=DIRECTION('ref_axis',(-0.0106762540613186,-0.999943007175518,0.));
#2985=DIRECTION('',(0.,0.,-1.));
#2986=DIRECTION('center_axis',(5.06074802819299E-16,1.,0.));
#2987=DIRECTION('ref_axis',(1.,-5.06074802819299E-16,0.));
#2988=DIRECTION('',(-1.,5.06074802819299E-16,0.));
#2989=DIRECTION('',(1.,-5.06074802819299E-16,0.));
#2990=DIRECTION('',(0.,0.,-1.));
#2991=DIRECTION('center_axis',(0.,0.,-1.));
#2992=DIRECTION('ref_axis',(-0.999948883481518,-0.0101109061940447,0.));
#2993=DIRECTION('center_axis',(0.,0.,1.));
#2994=DIRECTION('ref_axis',(0.0714740849049315,0.997442457080609,0.));
#2995=DIRECTION('center_axis',(0.,0.,-1.));
#2996=DIRECTION('ref_axis',(0.0714740849049315,0.997442457080609,0.));
#2997=DIRECTION('',(0.,0.,-1.));
#2998=DIRECTION('center_axis',(-1.,0.,0.));
#2999=DIRECTION('ref_axis',(0.,1.,0.));
#3000=DIRECTION('',(0.,-1.,0.));
#3001=DIRECTION('',(0.,1.,0.));
#3002=DIRECTION('center_axis',(0.,-1.,0.));
#3003=DIRECTION('ref_axis',(-1.,0.,0.));
#3004=DIRECTION('',(1.,0.,0.));
#3005=DIRECTION('',(0.,0.,-1.));
#3006=DIRECTION('',(-1.,0.,0.));
#3007=DIRECTION('',(0.,0.,-1.));
#3008=DIRECTION('center_axis',(0.,0.,-1.));
#3009=DIRECTION('ref_axis',(0.999949414452288,-0.0100582571316362,0.));
#3010=DIRECTION('center_axis',(0.,0.,1.));
#3011=DIRECTION('ref_axis',(-0.0106762540613186,-0.999943007175518,0.));
#3012=DIRECTION('center_axis',(0.,0.,-1.));
#3013=DIRECTION('ref_axis',(-0.0106762540613186,-0.999943007175518,0.));
#3014=DIRECTION('',(0.,0.,-1.));
#3015=DIRECTION('center_axis',(5.06074802819299E-16,1.,0.));
#3016=DIRECTION('ref_axis',(1.,-5.06074802819299E-16,0.));
#3017=DIRECTION('',(-1.,5.06074802819299E-16,0.));
#3018=DIRECTION('',(1.,-5.06074802819299E-16,0.));
#3019=DIRECTION('',(0.,0.,-1.));
#3020=DIRECTION('center_axis',(0.,0.,-1.));
#3021=DIRECTION('ref_axis',(-0.999948883481518,-0.0101109061940447,0.));
#3022=DIRECTION('center_axis',(0.,0.,1.));
#3023=DIRECTION('ref_axis',(0.0714740849049315,0.997442457080609,0.));
#3024=DIRECTION('center_axis',(0.,0.,-1.));
#3025=DIRECTION('ref_axis',(0.0714740849049315,0.997442457080609,0.));
#3026=DIRECTION('',(0.,0.,-1.));
#3027=DIRECTION('center_axis',(-1.,0.,0.));
#3028=DIRECTION('ref_axis',(0.,1.,0.));
#3029=DIRECTION('',(0.,-1.,0.));
#3030=DIRECTION('',(0.,1.,0.));
#3031=DIRECTION('center_axis',(0.,-1.,0.));
#3032=DIRECTION('ref_axis',(-1.,0.,0.));
#3033=DIRECTION('',(1.,0.,0.));
#3034=DIRECTION('',(0.,0.,-1.));
#3035=DIRECTION('',(-1.,0.,0.));
#3036=DIRECTION('',(0.,0.,-1.));
#3037=DIRECTION('center_axis',(0.,0.,-1.));
#3038=DIRECTION('ref_axis',(0.999949414452288,-0.0100582571316362,0.));
#3039=DIRECTION('center_axis',(0.,0.,1.));
#3040=DIRECTION('ref_axis',(-0.0106762540613186,-0.999943007175518,0.));
#3041=DIRECTION('center_axis',(0.,0.,-1.));
#3042=DIRECTION('ref_axis',(-0.0106762540613186,-0.999943007175518,0.));
#3043=DIRECTION('',(0.,0.,-1.));
#3044=DIRECTION('center_axis',(5.06074802819299E-16,1.,0.));
#3045=DIRECTION('ref_axis',(1.,-5.06074802819299E-16,0.));
#3046=DIRECTION('',(-1.,5.06074802819299E-16,0.));
#3047=DIRECTION('',(1.,-5.06074802819299E-16,0.));
#3048=DIRECTION('',(0.,0.,-1.));
#3049=DIRECTION('center_axis',(0.,0.,-1.));
#3050=DIRECTION('ref_axis',(-0.999948883481518,-0.0101109061940447,0.));
#3051=DIRECTION('center_axis',(0.,0.,1.));
#3052=DIRECTION('ref_axis',(0.0714740849049315,0.997442457080609,0.));
#3053=DIRECTION('center_axis',(0.,0.,-1.));
#3054=DIRECTION('ref_axis',(0.0714740849049315,0.997442457080609,0.));
#3055=DIRECTION('',(0.,0.,-1.));
#3056=DIRECTION('center_axis',(-1.,0.,0.));
#3057=DIRECTION('ref_axis',(0.,1.,0.));
#3058=DIRECTION('',(0.,-1.,0.));
#3059=DIRECTION('',(0.,1.,0.));
#3060=DIRECTION('center_axis',(0.,-1.,0.));
#3061=DIRECTION('ref_axis',(-1.,0.,0.));
#3062=DIRECTION('',(1.,0.,0.));
#3063=DIRECTION('',(0.,0.,-1.));
#3064=DIRECTION('',(-1.,0.,0.));
#3065=DIRECTION('',(0.,0.,-1.));
#3066=DIRECTION('center_axis',(0.,0.,-1.));
#3067=DIRECTION('ref_axis',(0.999949414452288,-0.0100582571316362,0.));
#3068=DIRECTION('center_axis',(0.,0.,1.));
#3069=DIRECTION('ref_axis',(-0.0106762540613186,-0.999943007175518,0.));
#3070=DIRECTION('center_axis',(0.,0.,-1.));
#3071=DIRECTION('ref_axis',(-0.0106762540613186,-0.999943007175518,0.));
#3072=DIRECTION('',(0.,0.,-1.));
#3073=DIRECTION('center_axis',(5.06074802819299E-16,1.,0.));
#3074=DIRECTION('ref_axis',(1.,-5.06074802819299E-16,0.));
#3075=DIRECTION('',(-1.,5.06074802819299E-16,0.));
#3076=DIRECTION('',(1.,-5.06074802819299E-16,0.));
#3077=DIRECTION('',(0.,0.,-1.));
#3078=DIRECTION('center_axis',(0.,0.,-1.));
#3079=DIRECTION('ref_axis',(-0.999948883481518,-0.0101109061940447,0.));
#3080=DIRECTION('center_axis',(0.,0.,1.));
#3081=DIRECTION('ref_axis',(0.0714740849049315,0.997442457080609,0.));
#3082=DIRECTION('center_axis',(0.,0.,-1.));
#3083=DIRECTION('ref_axis',(0.0714740849049315,0.997442457080609,0.));
#3084=DIRECTION('',(0.,0.,-1.));
#3085=DIRECTION('center_axis',(-1.,0.,0.));
#3086=DIRECTION('ref_axis',(0.,1.,0.));
#3087=DIRECTION('',(0.,-1.,0.));
#3088=DIRECTION('',(0.,1.,0.));
#3089=DIRECTION('center_axis',(0.,-1.,0.));
#3090=DIRECTION('ref_axis',(-1.,0.,0.));
#3091=DIRECTION('',(1.,0.,0.));
#3092=DIRECTION('',(0.,0.,-1.));
#3093=DIRECTION('',(-1.,0.,0.));
#3094=DIRECTION('',(0.,0.,-1.));
#3095=DIRECTION('center_axis',(0.,0.,-1.));
#3096=DIRECTION('ref_axis',(0.999949414452288,-0.0100582571316362,0.));
#3097=DIRECTION('center_axis',(0.,0.,1.));
#3098=DIRECTION('ref_axis',(-0.0106762540613186,-0.999943007175518,0.));
#3099=DIRECTION('center_axis',(0.,0.,-1.));
#3100=DIRECTION('ref_axis',(-0.0106762540613186,-0.999943007175518,0.));
#3101=DIRECTION('',(0.,0.,-1.));
#3102=DIRECTION('center_axis',(5.06074802819299E-16,1.,0.));
#3103=DIRECTION('ref_axis',(1.,-5.06074802819299E-16,0.));
#3104=DIRECTION('',(-1.,5.06074802819299E-16,0.));
#3105=DIRECTION('',(1.,-5.06074802819299E-16,0.));
#3106=DIRECTION('',(0.,0.,-1.));
#3107=DIRECTION('center_axis',(0.,0.,-1.));
#3108=DIRECTION('ref_axis',(-0.999948883481518,-0.0101109061940447,0.));
#3109=DIRECTION('center_axis',(0.,0.,1.));
#3110=DIRECTION('ref_axis',(0.0714740849049315,0.997442457080609,0.));
#3111=DIRECTION('center_axis',(0.,0.,-1.));
#3112=DIRECTION('ref_axis',(0.0714740849049315,0.997442457080609,0.));
#3113=DIRECTION('',(0.,0.,-1.));
#3114=DIRECTION('center_axis',(-1.,0.,0.));
#3115=DIRECTION('ref_axis',(0.,1.,0.));
#3116=DIRECTION('',(0.,-1.,0.));
#3117=DIRECTION('',(0.,1.,0.));
#3118=DIRECTION('center_axis',(0.,-1.,0.));
#3119=DIRECTION('ref_axis',(-1.,0.,0.));
#3120=DIRECTION('',(1.,0.,0.));
#3121=DIRECTION('',(0.,0.,-1.));
#3122=DIRECTION('',(-1.,0.,0.));
#3123=DIRECTION('',(0.,0.,-1.));
#3124=DIRECTION('center_axis',(0.,0.,-1.));
#3125=DIRECTION('ref_axis',(0.999949414452288,-0.0100582571316362,0.));
#3126=DIRECTION('center_axis',(0.,0.,1.));
#3127=DIRECTION('ref_axis',(-0.0106762540613186,-0.999943007175518,0.));
#3128=DIRECTION('center_axis',(0.,0.,-1.));
#3129=DIRECTION('ref_axis',(-0.0106762540613186,-0.999943007175518,0.));
#3130=DIRECTION('',(0.,0.,-1.));
#3131=DIRECTION('center_axis',(5.06074802819299E-16,1.,0.));
#3132=DIRECTION('ref_axis',(1.,-5.06074802819299E-16,0.));
#3133=DIRECTION('',(-1.,5.06074802819299E-16,0.));
#3134=DIRECTION('',(1.,-5.06074802819299E-16,0.));
#3135=DIRECTION('',(0.,0.,-1.));
#3136=DIRECTION('center_axis',(0.,0.,-1.));
#3137=DIRECTION('ref_axis',(-0.999948883481518,-0.0101109061940447,0.));
#3138=DIRECTION('center_axis',(0.,0.,1.));
#3139=DIRECTION('ref_axis',(0.0714740849049315,0.997442457080609,0.));
#3140=DIRECTION('center_axis',(0.,0.,-1.));
#3141=DIRECTION('ref_axis',(0.0714740849049315,0.997442457080609,0.));
#3142=DIRECTION('',(0.,0.,-1.));
#3143=DIRECTION('center_axis',(-1.,0.,0.));
#3144=DIRECTION('ref_axis',(0.,1.,0.));
#3145=DIRECTION('',(0.,-1.,0.));
#3146=DIRECTION('',(0.,1.,0.));
#3147=DIRECTION('center_axis',(1.,0.,0.));
#3148=DIRECTION('ref_axis',(0.,-1.,0.));
#3149=DIRECTION('',(0.,1.,0.));
#3150=DIRECTION('',(0.,0.,-1.));
#3151=DIRECTION('',(0.,-1.,0.));
#3152=DIRECTION('',(0.,0.,-1.));
#3153=DIRECTION('center_axis',(0.,0.,-1.));
#3154=DIRECTION('ref_axis',(1.,0.,0.));
#3155=DIRECTION('center_axis',(0.,0.,1.));
#3156=DIRECTION('ref_axis',(1.,0.,0.));
#3157=DIRECTION('center_axis',(0.,0.,-1.));
#3158=DIRECTION('ref_axis',(1.,0.,0.));
#3159=DIRECTION('',(0.,0.,-1.));
#3160=DIRECTION('center_axis',(-1.,0.,0.));
#3161=DIRECTION('ref_axis',(0.,1.,0.));
#3162=DIRECTION('',(0.,-1.,0.));
#3163=DIRECTION('',(0.,1.,0.));
#3164=DIRECTION('',(0.,0.,-1.));
#3165=DIRECTION('center_axis',(0.,0.,-1.));
#3166=DIRECTION('ref_axis',(-1.,0.,0.));
#3167=DIRECTION('center_axis',(0.,0.,1.));
#3168=DIRECTION('ref_axis',(-1.,0.,0.));
#3169=DIRECTION('center_axis',(0.,0.,-1.));
#3170=DIRECTION('ref_axis',(-1.,0.,0.));
#3171=DIRECTION('center_axis',(1.,0.,0.));
#3172=DIRECTION('ref_axis',(0.,-1.,0.));
#3173=DIRECTION('',(0.,1.,0.));
#3174=DIRECTION('',(0.,0.,-1.));
#3175=DIRECTION('',(0.,-1.,0.));
#3176=DIRECTION('',(0.,0.,-1.));
#3177=DIRECTION('center_axis',(0.,0.,-1.));
#3178=DIRECTION('ref_axis',(1.,0.,0.));
#3179=DIRECTION('center_axis',(0.,0.,1.));
#3180=DIRECTION('ref_axis',(1.,0.,0.));
#3181=DIRECTION('center_axis',(0.,0.,-1.));
#3182=DIRECTION('ref_axis',(1.,0.,0.));
#3183=DIRECTION('',(0.,0.,-1.));
#3184=DIRECTION('center_axis',(-1.,0.,0.));
#3185=DIRECTION('ref_axis',(0.,1.,0.));
#3186=DIRECTION('',(0.,-1.,0.));
#3187=DIRECTION('',(0.,1.,0.));
#3188=DIRECTION('',(0.,0.,-1.));
#3189=DIRECTION('center_axis',(0.,0.,-1.));
#3190=DIRECTION('ref_axis',(-1.,0.,0.));
#3191=DIRECTION('center_axis',(0.,0.,1.));
#3192=DIRECTION('ref_axis',(-1.,0.,0.));
#3193=DIRECTION('center_axis',(0.,0.,-1.));
#3194=DIRECTION('ref_axis',(-1.,0.,0.));
#3195=DIRECTION('center_axis',(1.,0.,0.));
#3196=DIRECTION('ref_axis',(0.,-1.,0.));
#3197=DIRECTION('',(0.,1.,0.));
#3198=DIRECTION('',(0.,0.,-1.));
#3199=DIRECTION('',(0.,-1.,0.));
#3200=DIRECTION('',(0.,0.,-1.));
#3201=DIRECTION('center_axis',(0.,0.,-1.));
#3202=DIRECTION('ref_axis',(1.,0.,0.));
#3203=DIRECTION('center_axis',(0.,0.,1.));
#3204=DIRECTION('ref_axis',(1.,0.,0.));
#3205=DIRECTION('center_axis',(0.,0.,-1.));
#3206=DIRECTION('ref_axis',(1.,0.,0.));
#3207=DIRECTION('',(0.,0.,-1.));
#3208=DIRECTION('center_axis',(-1.,0.,0.));
#3209=DIRECTION('ref_axis',(0.,1.,0.));
#3210=DIRECTION('',(0.,-1.,0.));
#3211=DIRECTION('',(0.,1.,0.));
#3212=DIRECTION('',(0.,0.,-1.));
#3213=DIRECTION('center_axis',(0.,0.,-1.));
#3214=DIRECTION('ref_axis',(-1.,0.,0.));
#3215=DIRECTION('center_axis',(0.,0.,1.));
#3216=DIRECTION('ref_axis',(-1.,0.,0.));
#3217=DIRECTION('center_axis',(0.,0.,-1.));
#3218=DIRECTION('ref_axis',(-1.,0.,0.));
#3219=DIRECTION('center_axis',(1.,0.,0.));
#3220=DIRECTION('ref_axis',(0.,-1.,0.));
#3221=DIRECTION('',(0.,1.,0.));
#3222=DIRECTION('',(0.,0.,-1.));
#3223=DIRECTION('',(0.,-1.,0.));
#3224=DIRECTION('',(0.,0.,-1.));
#3225=DIRECTION('center_axis',(0.,0.,-1.));
#3226=DIRECTION('ref_axis',(1.,0.,0.));
#3227=DIRECTION('center_axis',(0.,0.,1.));
#3228=DIRECTION('ref_axis',(1.,0.,0.));
#3229=DIRECTION('center_axis',(0.,0.,-1.));
#3230=DIRECTION('ref_axis',(1.,0.,0.));
#3231=DIRECTION('',(0.,0.,-1.));
#3232=DIRECTION('center_axis',(-1.,0.,0.));
#3233=DIRECTION('ref_axis',(0.,1.,0.));
#3234=DIRECTION('',(0.,-1.,0.));
#3235=DIRECTION('',(0.,1.,0.));
#3236=DIRECTION('',(0.,0.,-1.));
#3237=DIRECTION('center_axis',(0.,0.,-1.));
#3238=DIRECTION('ref_axis',(-1.,0.,0.));
#3239=DIRECTION('center_axis',(0.,0.,1.));
#3240=DIRECTION('ref_axis',(-1.,0.,0.));
#3241=DIRECTION('center_axis',(0.,0.,-1.));
#3242=DIRECTION('ref_axis',(-1.,0.,0.));
#3243=DIRECTION('center_axis',(1.,0.,0.));
#3244=DIRECTION('ref_axis',(0.,-1.,0.));
#3245=DIRECTION('',(0.,1.,0.));
#3246=DIRECTION('',(0.,0.,-1.));
#3247=DIRECTION('',(0.,-1.,0.));
#3248=DIRECTION('',(0.,0.,-1.));
#3249=DIRECTION('center_axis',(0.,0.,-1.));
#3250=DIRECTION('ref_axis',(1.,0.,0.));
#3251=DIRECTION('center_axis',(0.,0.,1.));
#3252=DIRECTION('ref_axis',(1.,0.,0.));
#3253=DIRECTION('center_axis',(0.,0.,-1.));
#3254=DIRECTION('ref_axis',(1.,0.,0.));
#3255=DIRECTION('',(0.,0.,-1.));
#3256=DIRECTION('center_axis',(-1.,0.,0.));
#3257=DIRECTION('ref_axis',(0.,1.,0.));
#3258=DIRECTION('',(0.,-1.,0.));
#3259=DIRECTION('',(0.,1.,0.));
#3260=DIRECTION('',(0.,0.,-1.));
#3261=DIRECTION('center_axis',(0.,0.,-1.));
#3262=DIRECTION('ref_axis',(-1.,0.,0.));
#3263=DIRECTION('center_axis',(0.,0.,1.));
#3264=DIRECTION('ref_axis',(-1.,0.,0.));
#3265=DIRECTION('center_axis',(0.,0.,-1.));
#3266=DIRECTION('ref_axis',(-1.,0.,0.));
#3267=DIRECTION('center_axis',(1.,0.,0.));
#3268=DIRECTION('ref_axis',(0.,-1.,0.));
#3269=DIRECTION('',(0.,1.,0.));
#3270=DIRECTION('',(0.,0.,-1.));
#3271=DIRECTION('',(0.,-1.,0.));
#3272=DIRECTION('',(0.,0.,-1.));
#3273=DIRECTION('center_axis',(0.,0.,-1.));
#3274=DIRECTION('ref_axis',(1.,0.,0.));
#3275=DIRECTION('center_axis',(0.,0.,1.));
#3276=DIRECTION('ref_axis',(1.,0.,0.));
#3277=DIRECTION('center_axis',(0.,0.,-1.));
#3278=DIRECTION('ref_axis',(1.,0.,0.));
#3279=DIRECTION('',(0.,0.,-1.));
#3280=DIRECTION('center_axis',(-1.,0.,0.));
#3281=DIRECTION('ref_axis',(0.,1.,0.));
#3282=DIRECTION('',(0.,-1.,0.));
#3283=DIRECTION('',(0.,1.,0.));
#3284=DIRECTION('',(0.,0.,-1.));
#3285=DIRECTION('center_axis',(0.,0.,-1.));
#3286=DIRECTION('ref_axis',(-1.,0.,0.));
#3287=DIRECTION('center_axis',(0.,0.,1.));
#3288=DIRECTION('ref_axis',(-1.,0.,0.));
#3289=DIRECTION('center_axis',(0.,0.,-1.));
#3290=DIRECTION('ref_axis',(-1.,0.,0.));
#3291=DIRECTION('center_axis',(1.,0.,0.));
#3292=DIRECTION('ref_axis',(0.,-1.,0.));
#3293=DIRECTION('',(0.,1.,0.));
#3294=DIRECTION('',(0.,0.,-1.));
#3295=DIRECTION('',(0.,-1.,0.));
#3296=DIRECTION('',(0.,0.,-1.));
#3297=DIRECTION('center_axis',(0.,0.,-1.));
#3298=DIRECTION('ref_axis',(1.,0.,0.));
#3299=DIRECTION('center_axis',(0.,0.,1.));
#3300=DIRECTION('ref_axis',(1.,0.,0.));
#3301=DIRECTION('center_axis',(0.,0.,-1.));
#3302=DIRECTION('ref_axis',(1.,0.,0.));
#3303=DIRECTION('',(0.,0.,-1.));
#3304=DIRECTION('center_axis',(-1.,0.,0.));
#3305=DIRECTION('ref_axis',(0.,1.,0.));
#3306=DIRECTION('',(0.,-1.,0.));
#3307=DIRECTION('',(0.,1.,0.));
#3308=DIRECTION('',(0.,0.,-1.));
#3309=DIRECTION('center_axis',(0.,0.,-1.));
#3310=DIRECTION('ref_axis',(-1.,0.,0.));
#3311=DIRECTION('center_axis',(0.,0.,1.));
#3312=DIRECTION('ref_axis',(-1.,0.,0.));
#3313=DIRECTION('center_axis',(0.,0.,-1.));
#3314=DIRECTION('ref_axis',(-1.,0.,0.));
#3315=DIRECTION('center_axis',(1.,0.,0.));
#3316=DIRECTION('ref_axis',(0.,-1.,0.));
#3317=DIRECTION('',(0.,1.,0.));
#3318=DIRECTION('',(0.,0.,-1.));
#3319=DIRECTION('',(0.,-1.,0.));
#3320=DIRECTION('',(0.,0.,-1.));
#3321=DIRECTION('center_axis',(0.,0.,-1.));
#3322=DIRECTION('ref_axis',(1.,0.,0.));
#3323=DIRECTION('center_axis',(0.,0.,1.));
#3324=DIRECTION('ref_axis',(1.,0.,0.));
#3325=DIRECTION('center_axis',(0.,0.,-1.));
#3326=DIRECTION('ref_axis',(1.,0.,0.));
#3327=DIRECTION('',(0.,0.,-1.));
#3328=DIRECTION('center_axis',(-1.,0.,0.));
#3329=DIRECTION('ref_axis',(0.,1.,0.));
#3330=DIRECTION('',(0.,-1.,0.));
#3331=DIRECTION('',(0.,1.,0.));
#3332=DIRECTION('',(0.,0.,-1.));
#3333=DIRECTION('center_axis',(0.,0.,-1.));
#3334=DIRECTION('ref_axis',(-1.,0.,0.));
#3335=DIRECTION('center_axis',(0.,0.,1.));
#3336=DIRECTION('ref_axis',(-1.,0.,0.));
#3337=DIRECTION('center_axis',(0.,0.,-1.));
#3338=DIRECTION('ref_axis',(-1.,0.,0.));
#3339=DIRECTION('center_axis',(1.,0.,0.));
#3340=DIRECTION('ref_axis',(0.,-1.,0.));
#3341=DIRECTION('',(0.,1.,0.));
#3342=DIRECTION('',(0.,0.,-1.));
#3343=DIRECTION('',(0.,-1.,0.));
#3344=DIRECTION('',(0.,0.,-1.));
#3345=DIRECTION('center_axis',(0.,0.,-1.));
#3346=DIRECTION('ref_axis',(1.,0.,0.));
#3347=DIRECTION('center_axis',(0.,0.,1.));
#3348=DIRECTION('ref_axis',(1.,0.,0.));
#3349=DIRECTION('center_axis',(0.,0.,-1.));
#3350=DIRECTION('ref_axis',(1.,0.,0.));
#3351=DIRECTION('',(0.,0.,-1.));
#3352=DIRECTION('center_axis',(-1.,0.,0.));
#3353=DIRECTION('ref_axis',(0.,1.,0.));
#3354=DIRECTION('',(0.,-1.,0.));
#3355=DIRECTION('',(0.,1.,0.));
#3356=DIRECTION('',(0.,0.,-1.));
#3357=DIRECTION('center_axis',(0.,0.,-1.));
#3358=DIRECTION('ref_axis',(-1.,0.,0.));
#3359=DIRECTION('center_axis',(0.,0.,1.));
#3360=DIRECTION('ref_axis',(-1.,0.,0.));
#3361=DIRECTION('center_axis',(0.,0.,-1.));
#3362=DIRECTION('ref_axis',(-1.,0.,0.));
#3363=DIRECTION('center_axis',(1.,0.,0.));
#3364=DIRECTION('ref_axis',(0.,-1.,0.));
#3365=DIRECTION('',(0.,1.,0.));
#3366=DIRECTION('',(0.,0.,-1.));
#3367=DIRECTION('',(0.,-1.,0.));
#3368=DIRECTION('',(0.,0.,-1.));
#3369=DIRECTION('center_axis',(0.,0.,-1.));
#3370=DIRECTION('ref_axis',(1.,0.,0.));
#3371=DIRECTION('center_axis',(0.,0.,1.));
#3372=DIRECTION('ref_axis',(1.,0.,0.));
#3373=DIRECTION('center_axis',(0.,0.,-1.));
#3374=DIRECTION('ref_axis',(1.,0.,0.));
#3375=DIRECTION('',(0.,0.,-1.));
#3376=DIRECTION('center_axis',(-1.,0.,0.));
#3377=DIRECTION('ref_axis',(0.,1.,0.));
#3378=DIRECTION('',(0.,-1.,0.));
#3379=DIRECTION('',(0.,1.,0.));
#3380=DIRECTION('',(0.,0.,-1.));
#3381=DIRECTION('center_axis',(0.,0.,-1.));
#3382=DIRECTION('ref_axis',(-1.,0.,0.));
#3383=DIRECTION('center_axis',(0.,0.,1.));
#3384=DIRECTION('ref_axis',(-1.,0.,0.));
#3385=DIRECTION('center_axis',(0.,0.,-1.));
#3386=DIRECTION('ref_axis',(-1.,0.,0.));
#3387=DIRECTION('center_axis',(1.,0.,0.));
#3388=DIRECTION('ref_axis',(0.,-1.,0.));
#3389=DIRECTION('',(0.,1.,0.));
#3390=DIRECTION('',(0.,0.,-1.));
#3391=DIRECTION('',(0.,-1.,0.));
#3392=DIRECTION('',(0.,0.,-1.));
#3393=DIRECTION('center_axis',(0.,0.,-1.));
#3394=DIRECTION('ref_axis',(1.,0.,0.));
#3395=DIRECTION('center_axis',(0.,0.,1.));
#3396=DIRECTION('ref_axis',(1.,0.,0.));
#3397=DIRECTION('center_axis',(0.,0.,-1.));
#3398=DIRECTION('ref_axis',(1.,0.,0.));
#3399=DIRECTION('',(0.,0.,-1.));
#3400=DIRECTION('center_axis',(-1.,0.,0.));
#3401=DIRECTION('ref_axis',(0.,1.,0.));
#3402=DIRECTION('',(0.,-1.,0.));
#3403=DIRECTION('',(0.,1.,0.));
#3404=DIRECTION('',(0.,0.,-1.));
#3405=DIRECTION('center_axis',(0.,0.,-1.));
#3406=DIRECTION('ref_axis',(-1.,0.,0.));
#3407=DIRECTION('center_axis',(0.,0.,1.));
#3408=DIRECTION('ref_axis',(-1.,0.,0.));
#3409=DIRECTION('center_axis',(0.,0.,-1.));
#3410=DIRECTION('ref_axis',(-1.,0.,0.));
#3411=DIRECTION('center_axis',(1.,0.,0.));
#3412=DIRECTION('ref_axis',(0.,-1.,0.));
#3413=DIRECTION('',(0.,1.,0.));
#3414=DIRECTION('',(0.,0.,-1.));
#3415=DIRECTION('',(0.,-1.,0.));
#3416=DIRECTION('',(0.,0.,-1.));
#3417=DIRECTION('center_axis',(0.,0.,-1.));
#3418=DIRECTION('ref_axis',(1.,0.,0.));
#3419=DIRECTION('center_axis',(0.,0.,1.));
#3420=DIRECTION('ref_axis',(1.,0.,0.));
#3421=DIRECTION('center_axis',(0.,0.,-1.));
#3422=DIRECTION('ref_axis',(1.,0.,0.));
#3423=DIRECTION('',(0.,0.,-1.));
#3424=DIRECTION('center_axis',(-1.,0.,0.));
#3425=DIRECTION('ref_axis',(0.,1.,0.));
#3426=DIRECTION('',(0.,-1.,0.));
#3427=DIRECTION('',(0.,1.,0.));
#3428=DIRECTION('',(0.,0.,-1.));
#3429=DIRECTION('center_axis',(0.,0.,-1.));
#3430=DIRECTION('ref_axis',(-1.,0.,0.));
#3431=DIRECTION('center_axis',(0.,0.,1.));
#3432=DIRECTION('ref_axis',(-1.,0.,0.));
#3433=DIRECTION('center_axis',(0.,0.,-1.));
#3434=DIRECTION('ref_axis',(-1.,0.,0.));
#3435=DIRECTION('center_axis',(-5.27380608319719E-13,1.,0.));
#3436=DIRECTION('ref_axis',(-1.,-5.27380608319719E-13,0.));
#3437=DIRECTION('',(1.,5.27380608319719E-13,0.));
#3438=DIRECTION('',(0.,0.,1.));
#3439=DIRECTION('',(-1.,-5.27380608319719E-13,0.));
#3440=DIRECTION('',(0.,0.,1.));
#3441=DIRECTION('center_axis',(1.,5.27577981301922E-13,0.));
#3442=DIRECTION('ref_axis',(-5.27577981301922E-13,1.,0.));
#3443=DIRECTION('',(5.27577981301922E-13,-1.,0.));
#3444=DIRECTION('',(-5.27577981301922E-13,1.,0.));
#3445=DIRECTION('',(0.,0.,1.));
#3446=DIRECTION('center_axis',(0.707106781185954,0.707106781187141,0.));
#3447=DIRECTION('ref_axis',(-0.707106781187141,0.707106781185954,0.));
#3448=DIRECTION('',(0.707106781187141,-0.707106781185954,0.));
#3449=DIRECTION('',(-0.707106781187141,0.707106781185954,0.));
#3450=DIRECTION('',(0.,0.,1.));
#3451=DIRECTION('center_axis',(-5.26118297973776E-13,1.,0.));
#3452=DIRECTION('ref_axis',(-1.,-5.26118297973776E-13,0.));
#3453=DIRECTION('',(1.,5.26118297973776E-13,0.));
#3454=DIRECTION('',(-1.,-5.26118297973776E-13,0.));
#3455=DIRECTION('',(0.,0.,1.));
#3456=DIRECTION('center_axis',(-0.707106781187651,0.707106781185444,0.));
#3457=DIRECTION('ref_axis',(-0.707106781185444,-0.707106781187651,0.));
#3458=DIRECTION('',(0.707106781185444,0.707106781187651,0.));
#3459=DIRECTION('',(-0.707106781185444,-0.707106781187651,0.));
#3460=DIRECTION('',(0.,0.,1.));
#3461=DIRECTION('center_axis',(-1.,-2.70006239588862E-13,0.));
#3462=DIRECTION('ref_axis',(2.70006239588862E-13,-1.,0.));
#3463=DIRECTION('',(-2.70006239588862E-13,1.,0.));
#3464=DIRECTION('',(2.70006239588862E-13,-1.,0.));
#3465=DIRECTION('',(0.,0.,1.));
#3466=DIRECTION('center_axis',(-2.48689957516035E-13,1.,0.));
#3467=DIRECTION('ref_axis',(-1.,-2.48689957516035E-13,0.));
#3468=DIRECTION('',(1.,2.48689957516035E-13,0.));
#3469=DIRECTION('',(-1.,-2.48689957516035E-13,0.));
#3470=DIRECTION('',(0.,0.,1.));
#3471=DIRECTION('center_axis',(1.,2.70006239588863E-13,0.));
#3472=DIRECTION('ref_axis',(-2.70006239588863E-13,1.,0.));
#3473=DIRECTION('',(2.70006239588863E-13,-1.,0.));
#3474=DIRECTION('',(-2.70006239588863E-13,1.,0.));
#3475=DIRECTION('',(0.,0.,1.));
#3476=DIRECTION('center_axis',(0.500000000000022,0.866025403784426,0.));
#3477=DIRECTION('ref_axis',(-0.866025403784426,0.500000000000022,0.));
#3478=DIRECTION('',(0.866025403784426,-0.500000000000022,0.));
#3479=DIRECTION('',(-0.866025403784426,0.500000000000022,0.));
#3480=DIRECTION('',(0.,0.,1.));
#3481=DIRECTION('center_axis',(2.66453525910038E-14,1.,0.));
#3482=DIRECTION('ref_axis',(-1.,2.66453525910038E-14,0.));
#3483=DIRECTION('',(-1.,2.66453525910038E-14,0.));
#3484=DIRECTION('',(-1.,2.66453525910038E-14,0.));
#3485=DIRECTION('',(0.,0.,1.));
#3486=DIRECTION('center_axis',(1.,-2.61364503613171E-13,0.));
#3487=DIRECTION('ref_axis',(2.61364503613171E-13,1.,0.));
#3488=DIRECTION('',(2.61364503613171E-13,1.,0.));
#3489=DIRECTION('',(2.61364503613171E-13,1.,0.));
#3490=DIRECTION('',(0.,0.,1.));
#3491=DIRECTION('center_axis',(2.06723527185082E-13,-1.,0.));
#3492=DIRECTION('ref_axis',(1.,2.06723527185082E-13,0.));
#3493=DIRECTION('',(1.,2.06723527185082E-13,0.));
#3494=DIRECTION('',(1.,2.06723527185082E-13,0.));
#3495=DIRECTION('',(0.,0.,1.));
#3496=DIRECTION('center_axis',(0.499999999999893,-0.8660254037845,0.));
#3497=DIRECTION('ref_axis',(0.8660254037845,0.499999999999893,0.));
#3498=DIRECTION('',(0.8660254037845,0.499999999999893,0.));
#3499=DIRECTION('',(0.8660254037845,0.499999999999893,0.));
#3500=DIRECTION('',(0.,0.,1.));
#3501=DIRECTION('center_axis',(1.,1.35713662530191E-12,0.));
#3502=DIRECTION('ref_axis',(-1.35713662530191E-12,1.,0.));
#3503=DIRECTION('',(-1.35713662530191E-12,1.,0.));
#3504=DIRECTION('',(-1.35713662530191E-12,1.,0.));
#3505=DIRECTION('',(0.,0.,1.));
#3506=DIRECTION('center_axis',(5.54248005515648E-14,-1.,0.));
#3507=DIRECTION('ref_axis',(1.,5.54248005515648E-14,0.));
#3508=DIRECTION('',(1.,5.54248005515648E-14,0.));
#3509=DIRECTION('',(1.,5.54248005515648E-14,0.));
#3510=DIRECTION('',(0.,0.,1.));
#3511=DIRECTION('center_axis',(-1.,2.60532336445394E-14,0.));
#3512=DIRECTION('ref_axis',(-2.60532336445394E-14,-1.,0.));
#3513=DIRECTION('',(-2.60532336445394E-14,-1.,0.));
#3514=DIRECTION('',(-2.60532336445394E-14,-1.,0.));
#3515=DIRECTION('',(0.,0.,1.));
#3516=DIRECTION('center_axis',(-0.707106781199097,-0.707106781173998,0.));
#3517=DIRECTION('ref_axis',(0.707106781173998,-0.707106781199097,0.));
#3518=DIRECTION('',(0.707106781173998,-0.707106781199097,0.));
#3519=DIRECTION('',(0.707106781173998,-0.707106781199097,0.));
#3520=DIRECTION('',(0.,0.,1.));
#3521=DIRECTION('center_axis',(3.51530448454345E-14,-1.,0.));
#3522=DIRECTION('ref_axis',(1.,3.51530448454345E-14,0.));
#3523=DIRECTION('',(1.,3.51530448454345E-14,0.));
#3524=DIRECTION('',(1.,3.51530448454345E-14,0.));
#3525=DIRECTION('',(0.,0.,1.));
#3526=DIRECTION('center_axis',(0.7071067811972,-0.707106781175895,0.));
#3527=DIRECTION('ref_axis',(0.707106781175895,0.7071067811972,0.));
#3528=DIRECTION('',(0.707106781175895,0.7071067811972,0.));
#3529=DIRECTION('',(0.707106781175895,0.7071067811972,0.));
#3530=DIRECTION('',(0.,0.,1.));
#3531=DIRECTION('center_axis',(1.,2.05465274423981E-13,0.));
#3532=DIRECTION('ref_axis',(-2.05465274423981E-13,1.,0.));
#3533=DIRECTION('',(-2.05465274423981E-13,1.,0.));
#3534=DIRECTION('',(-2.05465274423981E-13,1.,0.));
#3535=DIRECTION('',(0.,0.,1.));
#3536=DIRECTION('center_axis',(-4.19433006844846E-13,-1.,0.));
#3537=DIRECTION('ref_axis',(1.,-4.19433006844846E-13,0.));
#3538=DIRECTION('',(-1.,4.19433006844846E-13,0.));
#3539=DIRECTION('',(1.,-4.19433006844846E-13,0.));
#3540=DIRECTION('',(0.,0.,1.));
#3541=DIRECTION('center_axis',(-1.,1.98359847066379E-14,0.));
#3542=DIRECTION('ref_axis',(-1.98359847066379E-14,-1.,0.));
#3543=DIRECTION('',(1.98359847066379E-14,1.,0.));
#3544=DIRECTION('',(-1.98359847066379E-14,-1.,0.));
#3545=DIRECTION('',(0.,0.,1.));
#3546=DIRECTION('center_axis',(-0.499999999999492,-0.866025403784732,0.));
#3547=DIRECTION('ref_axis',(0.866025403784732,-0.499999999999492,0.));
#3548=DIRECTION('',(-0.866025403784732,0.499999999999492,0.));
#3549=DIRECTION('',(0.866025403784732,-0.499999999999492,0.));
#3550=DIRECTION('',(0.,0.,1.));
#3551=DIRECTION('center_axis',(-1.,4.43714134503873E-14,0.));
#3552=DIRECTION('ref_axis',(-4.43714134503873E-14,-1.,0.));
#3553=DIRECTION('',(4.43714134503873E-14,1.,0.));
#3554=DIRECTION('',(-4.43714134503873E-14,-1.,0.));
#3555=DIRECTION('',(0.,0.,1.));
#3556=DIRECTION('center_axis',(-0.499999999999987,0.866025403784446,0.));
#3557=DIRECTION('ref_axis',(-0.866025403784446,-0.499999999999987,0.));
#3558=DIRECTION('',(-0.866025403784446,-0.499999999999987,0.));
#3559=DIRECTION('',(-0.866025403784446,-0.499999999999987,0.));
#3560=DIRECTION('',(0.,0.,1.));
#3561=DIRECTION('center_axis',(-1.,0.,0.));
#3562=DIRECTION('ref_axis',(0.,-1.,0.));
#3563=DIRECTION('',(0.,1.,0.));
#3564=DIRECTION('',(0.,-1.,0.));
#3565=DIRECTION('center_axis',(0.,0.,1.));
#3566=DIRECTION('ref_axis',(1.,0.,0.));
#3567=DIRECTION('center_axis',(0.,0.,1.));
#3568=DIRECTION('ref_axis',(1.,0.,0.));
#3569=CARTESIAN_POINT('',(0.,0.,0.));
#3570=CARTESIAN_POINT('Origin',(95.1604633386395,59.3987238071451,5.));
#3571=CARTESIAN_POINT('',(25.1604633386395,59.3987238071451,0.));
#3572=CARTESIAN_POINT('',(95.1604633386395,59.3987238071451,0.));
#3573=CARTESIAN_POINT('',(122.400918559644,59.3987238071451,0.));
#3574=CARTESIAN_POINT('',(25.1604633386395,59.3987238071451,5.));
#3575=CARTESIAN_POINT('',(25.1604633386395,59.3987238071451,5.));
#3576=CARTESIAN_POINT('',(95.1604633386395,59.3987238071451,5.));
#3577=CARTESIAN_POINT('',(122.400918559644,59.3987238071451,5.));
#3578=CARTESIAN_POINT('',(95.1604633386395,59.3987238071451,5.));
#3579=CARTESIAN_POINT('Origin',(95.2138446089461,64.3984388430232,5.));
#3580=CARTESIAN_POINT('',(95.2610458907465,69.3982160419592,0.));
#3581=CARTESIAN_POINT('Origin',(95.2138446089461,64.3984388430232,0.));
#3582=CARTESIAN_POINT('',(95.2610458907465,69.3982160419592,5.));
#3583=CARTESIAN_POINT('Origin',(95.2138446089461,64.3984388430232,5.));
#3584=CARTESIAN_POINT('',(95.2610458907465,69.3982160419592,5.));
#3585=CARTESIAN_POINT('Origin',(25.0596910908495,69.3982160419576,5.));
#3586=CARTESIAN_POINT('',(25.0596910908495,69.3982160419576,0.));
#3587=CARTESIAN_POINT('',(87.3505324357491,69.3982160419576,0.));
#3588=CARTESIAN_POINT('',(25.0596910908495,69.3982160419576,5.));
#3589=CARTESIAN_POINT('',(87.3505324357491,69.3982160419576,5.));
#3590=CARTESIAN_POINT('',(25.0596910908495,69.3982160419576,5.));
#3591=CARTESIAN_POINT('Origin',(24.7023206663249,64.4110037565547,5.));
#3592=CARTESIAN_POINT('',(25.1604633386394,59.4320374690805,0.));
#3593=CARTESIAN_POINT('Origin',(24.7023206663249,64.4110037565547,0.));
#3594=CARTESIAN_POINT('',(25.1604633386394,59.4320374690805,5.));
#3595=CARTESIAN_POINT('Origin',(24.7023206663249,64.4110037565547,5.));
#3596=CARTESIAN_POINT('',(25.1604633386394,59.4320374690805,5.));
#3597=CARTESIAN_POINT('Origin',(25.1604633386395,59.3987238071451,5.));
#3598=CARTESIAN_POINT('',(25.1604633386395,95.4302363640698,0.));
#3599=CARTESIAN_POINT('',(25.1604633386395,95.4302363640698,5.));
#3600=CARTESIAN_POINT('Origin',(95.1604633386401,73.8431682515895,5.));
#3601=CARTESIAN_POINT('',(25.1604633386401,73.8431682515895,0.));
#3602=CARTESIAN_POINT('',(95.1604633386401,73.8431682515895,0.));
#3603=CARTESIAN_POINT('',(122.400918559644,73.8431682515895,0.));
#3604=CARTESIAN_POINT('',(25.1604633386401,73.8431682515895,5.));
#3605=CARTESIAN_POINT('',(25.1604633386401,73.8431682515895,5.));
#3606=CARTESIAN_POINT('',(95.1604633386401,73.8431682515895,5.));
#3607=CARTESIAN_POINT('',(122.400918559644,73.8431682515895,5.));
#3608=CARTESIAN_POINT('',(95.1604633386401,73.8431682515895,5.));
#3609=CARTESIAN_POINT('Origin',(95.2138446089467,78.8428832874676,5.));
#3610=CARTESIAN_POINT('',(95.2610458907471,83.8426604864037,0.));
#3611=CARTESIAN_POINT('Origin',(95.2138446089467,78.8428832874676,0.));
#3612=CARTESIAN_POINT('',(95.2610458907471,83.8426604864037,5.));
#3613=CARTESIAN_POINT('Origin',(95.2138446089467,78.8428832874676,5.));
#3614=CARTESIAN_POINT('',(95.2610458907471,83.8426604864037,5.));
#3615=CARTESIAN_POINT('Origin',(25.0596910908502,83.8426604864021,5.));
#3616=CARTESIAN_POINT('',(25.0596910908502,83.8426604864021,0.));
#3617=CARTESIAN_POINT('',(87.3505324357494,83.8426604864021,0.));
#3618=CARTESIAN_POINT('',(25.0596910908502,83.8426604864021,5.));
#3619=CARTESIAN_POINT('',(87.3505324357494,83.8426604864021,5.));
#3620=CARTESIAN_POINT('',(25.0596910908502,83.8426604864021,5.));
#3621=CARTESIAN_POINT('Origin',(24.7023206663255,78.8554482009991,5.));
#3622=CARTESIAN_POINT('',(25.1604633386401,73.876481913525,0.));
#3623=CARTESIAN_POINT('Origin',(24.7023206663255,78.8554482009991,0.));
#3624=CARTESIAN_POINT('',(25.1604633386401,73.876481913525,5.));
#3625=CARTESIAN_POINT('Origin',(24.7023206663255,78.8554482009991,5.));
#3626=CARTESIAN_POINT('',(25.1604633386401,73.876481913525,5.));
#3627=CARTESIAN_POINT('Origin',(25.1604633386401,73.8431682515895,5.));
#3628=CARTESIAN_POINT('',(25.1604633386401,102.652458586292,0.));
#3629=CARTESIAN_POINT('',(25.1604633386401,102.652458586292,5.));
#3630=CARTESIAN_POINT('Origin',(95.1604633386408,88.287612696034,5.));
#3631=CARTESIAN_POINT('',(25.1604633386407,88.287612696034,0.));
#3632=CARTESIAN_POINT('',(95.1604633386408,88.287612696034,0.));
#3633=CARTESIAN_POINT('',(122.400918559645,88.287612696034,0.));
#3634=CARTESIAN_POINT('',(25.1604633386407,88.287612696034,5.));
#3635=CARTESIAN_POINT('',(25.1604633386407,88.287612696034,5.));
#3636=CARTESIAN_POINT('',(95.1604633386408,88.287612696034,5.));
#3637=CARTESIAN_POINT('',(122.400918559645,88.287612696034,5.));
#3638=CARTESIAN_POINT('',(95.1604633386408,88.287612696034,5.));
#3639=CARTESIAN_POINT('Origin',(95.2138446089474,93.2873277319121,5.));
#3640=CARTESIAN_POINT('',(95.2610458907478,98.2871049308481,0.));
#3641=CARTESIAN_POINT('Origin',(95.2138446089474,93.2873277319121,0.));
#3642=CARTESIAN_POINT('',(95.2610458907478,98.2871049308481,5.));
#3643=CARTESIAN_POINT('Origin',(95.2138446089474,93.2873277319121,5.));
#3644=CARTESIAN_POINT('',(95.2610458907478,98.2871049308481,5.));
#3645=CARTESIAN_POINT('Origin',(25.0596910908508,98.2871049308465,5.));
#3646=CARTESIAN_POINT('',(25.0596910908508,98.2871049308465,0.));
#3647=CARTESIAN_POINT('',(87.3505324357497,98.2871049308465,0.));
#3648=CARTESIAN_POINT('',(25.0596910908508,98.2871049308465,5.));
#3649=CARTESIAN_POINT('',(87.3505324357497,98.2871049308465,5.));
#3650=CARTESIAN_POINT('',(25.0596910908508,98.2871049308465,5.));
#3651=CARTESIAN_POINT('Origin',(24.7023206663261,93.2998926454435,5.));
#3652=CARTESIAN_POINT('',(25.1604633386407,88.3209263579694,0.));
#3653=CARTESIAN_POINT('Origin',(24.7023206663261,93.2998926454435,0.));
#3654=CARTESIAN_POINT('',(25.1604633386407,88.3209263579694,5.));
#3655=CARTESIAN_POINT('Origin',(24.7023206663261,93.2998926454435,5.));
#3656=CARTESIAN_POINT('',(25.1604633386407,88.3209263579694,5.));
#3657=CARTESIAN_POINT('Origin',(25.1604633386407,88.287612696034,5.));
#3658=CARTESIAN_POINT('',(25.1604633386407,109.874680808514,0.));
#3659=CARTESIAN_POINT('',(25.1604633386407,109.874680808514,5.));
#3660=CARTESIAN_POINT('Origin',(95.1604633386414,102.732057140478,5.));
#3661=CARTESIAN_POINT('',(25.1604633386414,102.732057140478,0.));
#3662=CARTESIAN_POINT('',(95.1604633386414,102.732057140478,0.));
#3663=CARTESIAN_POINT('',(122.400918559645,102.732057140478,0.));
#3664=CARTESIAN_POINT('',(25.1604633386414,102.732057140478,5.));
#3665=CARTESIAN_POINT('',(25.1604633386414,102.732057140478,5.));
#3666=CARTESIAN_POINT('',(95.1604633386414,102.732057140478,5.));
#3667=CARTESIAN_POINT('',(122.400918559645,102.732057140478,5.));
#3668=CARTESIAN_POINT('',(95.1604633386414,102.732057140478,5.));
#3669=CARTESIAN_POINT('Origin',(95.213844608948,107.731772176357,5.));
#3670=CARTESIAN_POINT('',(95.2610458907484,112.731549375293,0.));
#3671=CARTESIAN_POINT('Origin',(95.213844608948,107.731772176357,0.));
#3672=CARTESIAN_POINT('',(95.2610458907484,112.731549375293,5.));
#3673=CARTESIAN_POINT('Origin',(95.213844608948,107.731772176357,5.));
#3674=CARTESIAN_POINT('',(95.2610458907484,112.731549375293,5.));
#3675=CARTESIAN_POINT('Origin',(25.0596910908514,112.731549375291,5.));
#3676=CARTESIAN_POINT('',(25.0596910908514,112.731549375291,0.));
#3677=CARTESIAN_POINT('',(87.35053243575,112.731549375291,0.));
#3678=CARTESIAN_POINT('',(25.0596910908514,112.731549375291,5.));
#3679=CARTESIAN_POINT('',(87.35053243575,112.731549375291,5.));
#3680=CARTESIAN_POINT('',(25.0596910908514,112.731549375291,5.));
#3681=CARTESIAN_POINT('Origin',(24.7023206663268,107.744337089888,5.));
#3682=CARTESIAN_POINT('',(25.1604633386414,102.765370802414,0.));
#3683=CARTESIAN_POINT('Origin',(24.7023206663268,107.744337089888,0.));
#3684=CARTESIAN_POINT('',(25.1604633386414,102.765370802414,5.));
#3685=CARTESIAN_POINT('Origin',(24.7023206663268,107.744337089888,5.));
#3686=CARTESIAN_POINT('',(25.1604633386414,102.765370802414,5.));
#3687=CARTESIAN_POINT('Origin',(25.1604633386414,102.732057140478,5.));
#3688=CARTESIAN_POINT('',(25.1604633386414,117.096903030736,0.));
#3689=CARTESIAN_POINT('',(25.1604633386414,117.096903030736,5.));
#3690=CARTESIAN_POINT('Origin',(95.160463338642,117.176501584923,5.));
#3691=CARTESIAN_POINT('',(25.160463338642,117.176501584923,0.));
#3692=CARTESIAN_POINT('',(95.160463338642,117.176501584923,0.));
#3693=CARTESIAN_POINT('',(122.400918559645,117.176501584923,0.));
#3694=CARTESIAN_POINT('',(25.160463338642,117.176501584923,5.));
#3695=CARTESIAN_POINT('',(25.160463338642,117.176501584923,5.));
#3696=CARTESIAN_POINT('',(95.160463338642,117.176501584923,5.));
#3697=CARTESIAN_POINT('',(122.400918559645,117.176501584923,5.));
#3698=CARTESIAN_POINT('',(95.160463338642,117.176501584923,5.));
#3699=CARTESIAN_POINT('Origin',(95.2138446089486,122.176216620801,5.));
#3700=CARTESIAN_POINT('',(95.2610458907491,127.175993819737,0.));
#3701=CARTESIAN_POINT('Origin',(95.2138446089486,122.176216620801,0.));
#3702=CARTESIAN_POINT('',(95.2610458907491,127.175993819737,5.));
#3703=CARTESIAN_POINT('Origin',(95.2138446089486,122.176216620801,5.));
#3704=CARTESIAN_POINT('',(95.2610458907491,127.175993819737,5.));
#3705=CARTESIAN_POINT('Origin',(25.0596910908521,127.175993819735,5.));
#3706=CARTESIAN_POINT('',(25.0596910908521,127.175993819735,0.));
#3707=CARTESIAN_POINT('',(87.3505324357504,127.175993819735,0.));
#3708=CARTESIAN_POINT('',(25.0596910908521,127.175993819735,5.));
#3709=CARTESIAN_POINT('',(87.3505324357504,127.175993819735,5.));
#3710=CARTESIAN_POINT('',(25.0596910908521,127.175993819735,5.));
#3711=CARTESIAN_POINT('Origin',(24.7023206663274,122.188781534332,5.));
#3712=CARTESIAN_POINT('',(25.160463338642,117.209815246858,0.));
#3713=CARTESIAN_POINT('Origin',(24.7023206663274,122.188781534332,0.));
#3714=CARTESIAN_POINT('',(25.160463338642,117.209815246858,5.));
#3715=CARTESIAN_POINT('Origin',(24.7023206663274,122.188781534332,5.));
#3716=CARTESIAN_POINT('',(25.160463338642,117.209815246858,5.));
#3717=CARTESIAN_POINT('Origin',(25.160463338642,117.176501584923,5.));
#3718=CARTESIAN_POINT('',(25.160463338642,124.319125252959,0.));
#3719=CARTESIAN_POINT('',(25.160463338642,124.319125252959,5.));
#3720=CARTESIAN_POINT('Origin',(95.1604633386427,131.620946029367,5.));
#3721=CARTESIAN_POINT('',(25.1604633386427,131.620946029367,0.));
#3722=CARTESIAN_POINT('',(95.1604633386427,131.620946029367,0.));
#3723=CARTESIAN_POINT('',(122.400918559646,131.620946029367,0.));
#3724=CARTESIAN_POINT('',(25.1604633386427,131.620946029367,5.));
#3725=CARTESIAN_POINT('',(25.1604633386427,131.620946029367,5.));
#3726=CARTESIAN_POINT('',(95.1604633386427,131.620946029367,5.));
#3727=CARTESIAN_POINT('',(122.400918559646,131.620946029367,5.));
#3728=CARTESIAN_POINT('',(95.1604633386427,131.620946029367,5.));
#3729=CARTESIAN_POINT('Origin',(95.2138446089493,136.620661065245,5.));
#3730=CARTESIAN_POINT('',(95.2610458907497,141.620438264181,0.));
#3731=CARTESIAN_POINT('Origin',(95.2138446089493,136.620661065245,0.));
#3732=CARTESIAN_POINT('',(95.2610458907497,141.620438264181,5.));
#3733=CARTESIAN_POINT('Origin',(95.2138446089493,136.620661065245,5.));
#3734=CARTESIAN_POINT('',(95.2610458907497,141.620438264181,5.));
#3735=CARTESIAN_POINT('Origin',(25.0596910908527,141.62043826418,5.));
#3736=CARTESIAN_POINT('',(25.0596910908527,141.62043826418,0.));
#3737=CARTESIAN_POINT('',(87.3505324357507,141.62043826418,0.));
#3738=CARTESIAN_POINT('',(25.0596910908527,141.62043826418,5.));
#3739=CARTESIAN_POINT('',(87.3505324357507,141.62043826418,5.));
#3740=CARTESIAN_POINT('',(25.0596910908527,141.62043826418,5.));
#3741=CARTESIAN_POINT('Origin',(24.7023206663281,136.633225978777,5.));
#3742=CARTESIAN_POINT('',(25.1604633386426,131.654259691303,0.));
#3743=CARTESIAN_POINT('Origin',(24.7023206663281,136.633225978777,0.));
#3744=CARTESIAN_POINT('',(25.1604633386426,131.654259691303,5.));
#3745=CARTESIAN_POINT('Origin',(24.7023206663281,136.633225978777,5.));
#3746=CARTESIAN_POINT('',(25.1604633386426,131.654259691303,5.));
#3747=CARTESIAN_POINT('Origin',(25.1604633386427,131.620946029367,5.));
#3748=CARTESIAN_POINT('',(25.1604633386427,131.541347475181,0.));
#3749=CARTESIAN_POINT('',(25.1604633386427,131.541347475181,5.));
#3750=CARTESIAN_POINT('Origin',(95.1604633386433,146.065390473812,5.));
#3751=CARTESIAN_POINT('',(25.1604633386433,146.065390473812,0.));
#3752=CARTESIAN_POINT('',(95.1604633386433,146.065390473812,0.));
#3753=CARTESIAN_POINT('',(122.400918559646,146.065390473812,0.));
#3754=CARTESIAN_POINT('',(25.1604633386433,146.065390473812,5.));
#3755=CARTESIAN_POINT('',(25.1604633386433,146.065390473812,5.));
#3756=CARTESIAN_POINT('',(95.1604633386433,146.065390473812,5.));
#3757=CARTESIAN_POINT('',(122.400918559646,146.065390473812,5.));
#3758=CARTESIAN_POINT('',(95.1604633386433,146.065390473812,5.));
#3759=CARTESIAN_POINT('Origin',(95.2138446089499,151.06510550969,5.));
#3760=CARTESIAN_POINT('',(95.2610458907504,156.064882708626,0.));
#3761=CARTESIAN_POINT('Origin',(95.2138446089499,151.06510550969,0.));
#3762=CARTESIAN_POINT('',(95.2610458907504,156.064882708626,5.));
#3763=CARTESIAN_POINT('Origin',(95.2138446089499,151.06510550969,5.));
#3764=CARTESIAN_POINT('',(95.2610458907504,156.064882708626,5.));
#3765=CARTESIAN_POINT('Origin',(25.0596910908534,156.064882708624,5.));
#3766=CARTESIAN_POINT('',(25.0596910908534,156.064882708624,0.));
#3767=CARTESIAN_POINT('',(87.350532435751,156.064882708624,0.));
#3768=CARTESIAN_POINT('',(25.0596910908534,156.064882708624,5.));
#3769=CARTESIAN_POINT('',(87.350532435751,156.064882708624,5.));
#3770=CARTESIAN_POINT('',(25.0596910908534,156.064882708624,5.));
#3771=CARTESIAN_POINT('Origin',(24.7023206663287,151.077670423221,5.));
#3772=CARTESIAN_POINT('',(25.1604633386433,146.098704135747,0.));
#3773=CARTESIAN_POINT('Origin',(24.7023206663287,151.077670423221,0.));
#3774=CARTESIAN_POINT('',(25.1604633386433,146.098704135747,5.));
#3775=CARTESIAN_POINT('Origin',(24.7023206663287,151.077670423221,5.));
#3776=CARTESIAN_POINT('',(25.1604633386433,146.098704135747,5.));
#3777=CARTESIAN_POINT('Origin',(25.1604633386433,146.065390473812,5.));
#3778=CARTESIAN_POINT('',(25.1604633386433,138.763569697403,0.));
#3779=CARTESIAN_POINT('',(25.1604633386433,138.763569697403,5.));
#3780=CARTESIAN_POINT('Origin',(95.160463338644,160.509834918256,5.));
#3781=CARTESIAN_POINT('',(25.160463338644,160.509834918256,0.));
#3782=CARTESIAN_POINT('',(95.160463338644,160.509834918256,0.));
#3783=CARTESIAN_POINT('',(122.400918559646,160.509834918256,0.));
#3784=CARTESIAN_POINT('',(25.160463338644,160.509834918256,5.));
#3785=CARTESIAN_POINT('',(25.160463338644,160.509834918256,5.));
#3786=CARTESIAN_POINT('',(95.160463338644,160.509834918256,5.));
#3787=CARTESIAN_POINT('',(122.400918559646,160.509834918256,5.));
#3788=CARTESIAN_POINT('',(95.160463338644,160.509834918256,5.));
#3789=CARTESIAN_POINT('Origin',(95.2138446089506,165.509549954134,5.));
#3790=CARTESIAN_POINT('',(95.261045890751,170.50932715307,0.));
#3791=CARTESIAN_POINT('Origin',(95.2138446089506,165.509549954134,0.));
#3792=CARTESIAN_POINT('',(95.261045890751,170.50932715307,5.));
#3793=CARTESIAN_POINT('Origin',(95.2138446089506,165.509549954134,5.));
#3794=CARTESIAN_POINT('',(95.261045890751,170.50932715307,5.));
#3795=CARTESIAN_POINT('Origin',(25.059691090854,170.509327153069,5.));
#3796=CARTESIAN_POINT('',(25.059691090854,170.509327153069,0.));
#3797=CARTESIAN_POINT('',(87.3505324357513,170.509327153069,0.));
#3798=CARTESIAN_POINT('',(25.059691090854,170.509327153069,5.));
#3799=CARTESIAN_POINT('',(87.3505324357513,170.509327153069,5.));
#3800=CARTESIAN_POINT('',(25.059691090854,170.509327153069,5.));
#3801=CARTESIAN_POINT('Origin',(24.7023206663294,165.522114867666,5.));
#3802=CARTESIAN_POINT('',(25.1604633386439,160.543148580192,0.));
#3803=CARTESIAN_POINT('Origin',(24.7023206663294,165.522114867666,0.));
#3804=CARTESIAN_POINT('',(25.1604633386439,160.543148580192,5.));
#3805=CARTESIAN_POINT('Origin',(24.7023206663294,165.522114867666,5.));
#3806=CARTESIAN_POINT('',(25.1604633386439,160.543148580192,5.));
#3807=CARTESIAN_POINT('Origin',(25.160463338644,160.509834918256,5.));
#3808=CARTESIAN_POINT('',(25.1604633386439,145.985791919625,0.));
#3809=CARTESIAN_POINT('',(25.1604633386439,145.985791919625,5.));
#3810=CARTESIAN_POINT('Origin',(95.1604633386446,174.954279362701,5.));
#3811=CARTESIAN_POINT('',(25.1604633386446,174.954279362701,0.));
#3812=CARTESIAN_POINT('',(95.1604633386446,174.954279362701,0.));
#3813=CARTESIAN_POINT('',(122.400918559647,174.954279362701,0.));
#3814=CARTESIAN_POINT('',(25.1604633386446,174.954279362701,5.));
#3815=CARTESIAN_POINT('',(25.1604633386446,174.954279362701,5.));
#3816=CARTESIAN_POINT('',(95.1604633386446,174.954279362701,5.));
#3817=CARTESIAN_POINT('',(122.400918559647,174.954279362701,5.));
#3818=CARTESIAN_POINT('',(95.1604633386446,174.954279362701,5.));
#3819=CARTESIAN_POINT('Origin',(95.2138446089512,179.953994398579,5.));
#3820=CARTESIAN_POINT('',(95.2610458907516,184.953771597515,0.));
#3821=CARTESIAN_POINT('Origin',(95.2138446089512,179.953994398579,0.));
#3822=CARTESIAN_POINT('',(95.2610458907516,184.953771597515,5.));
#3823=CARTESIAN_POINT('Origin',(95.2138446089512,179.953994398579,5.));
#3824=CARTESIAN_POINT('',(95.2610458907516,184.953771597515,5.));
#3825=CARTESIAN_POINT('Origin',(25.0596910908546,184.953771597513,5.));
#3826=CARTESIAN_POINT('',(25.0596910908546,184.953771597513,0.));
#3827=CARTESIAN_POINT('',(87.3505324357517,184.953771597513,0.));
#3828=CARTESIAN_POINT('',(25.0596910908546,184.953771597513,5.));
#3829=CARTESIAN_POINT('',(87.3505324357517,184.953771597513,5.));
#3830=CARTESIAN_POINT('',(25.0596910908546,184.953771597513,5.));
#3831=CARTESIAN_POINT('Origin',(24.70232066633,179.96655931211,5.));
#3832=CARTESIAN_POINT('',(25.1604633386446,174.987593024636,0.));
#3833=CARTESIAN_POINT('Origin',(24.70232066633,179.96655931211,0.));
#3834=CARTESIAN_POINT('',(25.1604633386446,174.987593024636,5.));
#3835=CARTESIAN_POINT('Origin',(24.70232066633,179.96655931211,5.));
#3836=CARTESIAN_POINT('',(25.1604633386446,174.987593024636,5.));
#3837=CARTESIAN_POINT('Origin',(25.1604633386446,174.954279362701,5.));
#3838=CARTESIAN_POINT('',(25.1604633386446,153.208014141848,0.));
#3839=CARTESIAN_POINT('',(25.1604633386446,153.208014141848,5.));
#3840=CARTESIAN_POINT('Origin',(95.1604633386452,189.398723807145,5.));
#3841=CARTESIAN_POINT('',(25.1604633386452,189.398723807145,0.));
#3842=CARTESIAN_POINT('',(95.1604633386452,189.398723807145,0.));
#3843=CARTESIAN_POINT('',(122.400918559647,189.398723807145,0.));
#3844=CARTESIAN_POINT('',(25.1604633386452,189.398723807145,5.));
#3845=CARTESIAN_POINT('',(25.1604633386452,189.398723807145,5.));
#3846=CARTESIAN_POINT('',(95.1604633386452,189.398723807145,5.));
#3847=CARTESIAN_POINT('',(122.400918559647,189.398723807145,5.));
#3848=CARTESIAN_POINT('',(95.1604633386452,189.398723807145,5.));
#3849=CARTESIAN_POINT('Origin',(95.2138446089518,194.398438843023,5.));
#3850=CARTESIAN_POINT('',(95.2610458907523,199.398216041959,0.));
#3851=CARTESIAN_POINT('Origin',(95.2138446089518,194.398438843023,0.));
#3852=CARTESIAN_POINT('',(95.2610458907523,199.398216041959,5.));
#3853=CARTESIAN_POINT('Origin',(95.2138446089518,194.398438843023,5.));
#3854=CARTESIAN_POINT('',(95.2610458907523,199.398216041959,5.));
#3855=CARTESIAN_POINT('Origin',(25.0596910908553,199.398216041958,5.));
#3856=CARTESIAN_POINT('',(25.0596910908553,199.398216041958,0.));
#3857=CARTESIAN_POINT('',(87.350532435752,199.398216041958,0.));
#3858=CARTESIAN_POINT('',(25.0596910908553,199.398216041958,5.));
#3859=CARTESIAN_POINT('',(87.350532435752,199.398216041958,5.));
#3860=CARTESIAN_POINT('',(25.0596910908553,199.398216041958,5.));
#3861=CARTESIAN_POINT('Origin',(24.7023206663306,194.411003756555,5.));
#3862=CARTESIAN_POINT('',(25.1604633386452,189.432037469081,0.));
#3863=CARTESIAN_POINT('Origin',(24.7023206663306,194.411003756555,0.));
#3864=CARTESIAN_POINT('',(25.1604633386452,189.432037469081,5.));
#3865=CARTESIAN_POINT('Origin',(24.7023206663306,194.411003756555,5.));
#3866=CARTESIAN_POINT('',(25.1604633386452,189.432037469081,5.));
#3867=CARTESIAN_POINT('Origin',(25.1604633386452,189.398723807145,5.));
#3868=CARTESIAN_POINT('',(25.1604633386452,160.43023636407,0.));
#3869=CARTESIAN_POINT('',(25.1604633386452,160.43023636407,5.));
#3870=CARTESIAN_POINT('Origin',(290.,172.06835063887,5.));
#3871=CARTESIAN_POINT('',(290.,72.0683506388703,0.));
#3872=CARTESIAN_POINT('',(290.,172.06835063887,0.));
#3873=CARTESIAN_POINT('',(290.,151.765049779932,0.));
#3874=CARTESIAN_POINT('',(290.,72.0683506388703,5.));
#3875=CARTESIAN_POINT('',(290.,72.0683506388703,5.));
#3876=CARTESIAN_POINT('',(290.,172.06835063887,5.));
#3877=CARTESIAN_POINT('',(290.,151.765049779932,5.));
#3878=CARTESIAN_POINT('',(290.,172.06835063887,5.));
#3879=CARTESIAN_POINT('Origin',(285.,172.06835063887,5.));
#3880=CARTESIAN_POINT('',(280.,172.06835063887,0.));
#3881=CARTESIAN_POINT('Origin',(285.,172.06835063887,0.));
#3882=CARTESIAN_POINT('',(280.,172.06835063887,5.));
#3883=CARTESIAN_POINT('Origin',(285.,172.06835063887,5.));
#3884=CARTESIAN_POINT('',(280.,172.06835063887,5.));
#3885=CARTESIAN_POINT('Origin',(280.,72.0683506388703,5.));
#3886=CARTESIAN_POINT('',(280.,72.0683506388703,0.));
#3887=CARTESIAN_POINT('',(280.,101.765049779932,0.));
#3888=CARTESIAN_POINT('',(280.,72.0683506388703,5.));
#3889=CARTESIAN_POINT('',(280.,101.765049779932,5.));
#3890=CARTESIAN_POINT('',(280.,72.0683506388703,5.));
#3891=CARTESIAN_POINT('Origin',(285.,72.0683506388703,5.));
#3892=CARTESIAN_POINT('Origin',(285.,72.0683506388703,0.));
#3893=CARTESIAN_POINT('Origin',(285.,72.0683506388703,5.));
#3894=CARTESIAN_POINT('Origin',(276.363636363636,172.068350638871,5.));
#3895=CARTESIAN_POINT('',(276.363636363636,72.068350638871,0.));
#3896=CARTESIAN_POINT('',(276.363636363636,172.068350638871,0.));
#3897=CARTESIAN_POINT('',(276.363636363636,151.765049779933,0.));
#3898=CARTESIAN_POINT('',(276.363636363636,72.068350638871,5.));
#3899=CARTESIAN_POINT('',(276.363636363636,72.068350638871,5.));
#3900=CARTESIAN_POINT('',(276.363636363636,172.068350638871,5.));
#3901=CARTESIAN_POINT('',(276.363636363636,151.765049779933,5.));
#3902=CARTESIAN_POINT('',(276.363636363636,172.068350638871,5.));
#3903=CARTESIAN_POINT('Origin',(271.363636363636,172.068350638871,5.));
#3904=CARTESIAN_POINT('',(266.363636363636,172.068350638871,0.));
#3905=CARTESIAN_POINT('Origin',(271.363636363636,172.068350638871,0.));
#3906=CARTESIAN_POINT('',(266.363636363636,172.068350638871,5.));
#3907=CARTESIAN_POINT('Origin',(271.363636363636,172.068350638871,5.));
#3908=CARTESIAN_POINT('',(266.363636363636,172.068350638871,5.));
#3909=CARTESIAN_POINT('Origin',(266.363636363636,72.068350638871,5.));
#3910=CARTESIAN_POINT('',(266.363636363636,72.068350638871,0.));
#3911=CARTESIAN_POINT('',(266.363636363636,101.765049779933,0.));
#3912=CARTESIAN_POINT('',(266.363636363636,72.068350638871,5.));
#3913=CARTESIAN_POINT('',(266.363636363636,101.765049779933,5.));
#3914=CARTESIAN_POINT('',(266.363636363636,72.068350638871,5.));
#3915=CARTESIAN_POINT('Origin',(271.363636363636,72.068350638871,5.));
#3916=CARTESIAN_POINT('Origin',(271.363636363636,72.068350638871,0.));
#3917=CARTESIAN_POINT('Origin',(271.363636363636,72.068350638871,5.));
#3918=CARTESIAN_POINT('Origin',(262.727272727273,172.068350638872,5.));
#3919=CARTESIAN_POINT('',(262.727272727273,72.0683506388716,0.));
#3920=CARTESIAN_POINT('',(262.727272727273,172.068350638872,0.));
#3921=CARTESIAN_POINT('',(262.727272727273,151.765049779933,0.));
#3922=CARTESIAN_POINT('',(262.727272727273,72.0683506388716,5.));
#3923=CARTESIAN_POINT('',(262.727272727273,72.0683506388716,5.));
#3924=CARTESIAN_POINT('',(262.727272727273,172.068350638872,5.));
#3925=CARTESIAN_POINT('',(262.727272727273,151.765049779933,5.));
#3926=CARTESIAN_POINT('',(262.727272727273,172.068350638872,5.));
#3927=CARTESIAN_POINT('Origin',(257.727272727273,172.068350638872,5.));
#3928=CARTESIAN_POINT('',(252.727272727273,172.068350638872,0.));
#3929=CARTESIAN_POINT('Origin',(257.727272727273,172.068350638872,0.));
#3930=CARTESIAN_POINT('',(252.727272727273,172.068350638872,5.));
#3931=CARTESIAN_POINT('Origin',(257.727272727273,172.068350638872,5.));
#3932=CARTESIAN_POINT('',(252.727272727273,172.068350638872,5.));
#3933=CARTESIAN_POINT('Origin',(252.727272727273,72.0683506388716,5.));
#3934=CARTESIAN_POINT('',(252.727272727273,72.0683506388716,0.));
#3935=CARTESIAN_POINT('',(252.727272727273,101.765049779933,0.));
#3936=CARTESIAN_POINT('',(252.727272727273,72.0683506388716,5.));
#3937=CARTESIAN_POINT('',(252.727272727273,101.765049779933,5.));
#3938=CARTESIAN_POINT('',(252.727272727273,72.0683506388716,5.));
#3939=CARTESIAN_POINT('Origin',(257.727272727273,72.0683506388716,5.));
#3940=CARTESIAN_POINT('Origin',(257.727272727273,72.0683506388716,0.));
#3941=CARTESIAN_POINT('Origin',(257.727272727273,72.0683506388716,5.));
#3942=CARTESIAN_POINT('Origin',(249.090909090909,172.068350638872,5.));
#3943=CARTESIAN_POINT('',(249.090909090909,72.0683506388721,0.));
#3944=CARTESIAN_POINT('',(249.090909090909,172.068350638872,0.));
#3945=CARTESIAN_POINT('',(249.090909090909,151.765049779933,0.));
#3946=CARTESIAN_POINT('',(249.090909090909,72.0683506388721,5.));
#3947=CARTESIAN_POINT('',(249.090909090909,72.0683506388721,5.));
#3948=CARTESIAN_POINT('',(249.090909090909,172.068350638872,5.));
#3949=CARTESIAN_POINT('',(249.090909090909,151.765049779933,5.));
#3950=CARTESIAN_POINT('',(249.090909090909,172.068350638872,5.));
#3951=CARTESIAN_POINT('Origin',(244.090909090909,172.068350638872,5.));
#3952=CARTESIAN_POINT('',(239.090909090909,172.068350638872,0.));
#3953=CARTESIAN_POINT('Origin',(244.090909090909,172.068350638872,0.));
#3954=CARTESIAN_POINT('',(239.090909090909,172.068350638872,5.));
#3955=CARTESIAN_POINT('Origin',(244.090909090909,172.068350638872,5.));
#3956=CARTESIAN_POINT('',(239.090909090909,172.068350638872,5.));
#3957=CARTESIAN_POINT('Origin',(239.090909090909,72.0683506388721,5.));
#3958=CARTESIAN_POINT('',(239.090909090909,72.0683506388721,0.));
#3959=CARTESIAN_POINT('',(239.090909090909,101.765049779933,0.));
#3960=CARTESIAN_POINT('',(239.090909090909,72.0683506388721,5.));
#3961=CARTESIAN_POINT('',(239.090909090909,101.765049779933,5.));
#3962=CARTESIAN_POINT('',(239.090909090909,72.0683506388721,5.));
#3963=CARTESIAN_POINT('Origin',(244.090909090909,72.0683506388721,5.));
#3964=CARTESIAN_POINT('Origin',(244.090909090909,72.0683506388721,0.));
#3965=CARTESIAN_POINT('Origin',(244.090909090909,72.0683506388721,5.));
#3966=CARTESIAN_POINT('Origin',(235.454545454545,172.068350638873,5.));
#3967=CARTESIAN_POINT('',(235.454545454545,72.0683506388728,0.));
#3968=CARTESIAN_POINT('',(235.454545454545,172.068350638873,0.));
#3969=CARTESIAN_POINT('',(235.454545454545,151.765049779934,0.));
#3970=CARTESIAN_POINT('',(235.454545454545,72.0683506388728,5.));
#3971=CARTESIAN_POINT('',(235.454545454545,72.0683506388728,5.));
#3972=CARTESIAN_POINT('',(235.454545454545,172.068350638873,5.));
#3973=CARTESIAN_POINT('',(235.454545454545,151.765049779934,5.));
#3974=CARTESIAN_POINT('',(235.454545454545,172.068350638873,5.));
#3975=CARTESIAN_POINT('Origin',(230.454545454545,172.068350638873,5.));
#3976=CARTESIAN_POINT('',(225.454545454545,172.068350638873,0.));
#3977=CARTESIAN_POINT('Origin',(230.454545454545,172.068350638873,0.));
#3978=CARTESIAN_POINT('',(225.454545454545,172.068350638873,5.));
#3979=CARTESIAN_POINT('Origin',(230.454545454545,172.068350638873,5.));
#3980=CARTESIAN_POINT('',(225.454545454545,172.068350638873,5.));
#3981=CARTESIAN_POINT('Origin',(225.454545454545,72.0683506388728,5.));
#3982=CARTESIAN_POINT('',(225.454545454545,72.0683506388728,0.));
#3983=CARTESIAN_POINT('',(225.454545454545,101.765049779934,0.));
#3984=CARTESIAN_POINT('',(225.454545454545,72.0683506388728,5.));
#3985=CARTESIAN_POINT('',(225.454545454545,101.765049779934,5.));
#3986=CARTESIAN_POINT('',(225.454545454545,72.0683506388728,5.));
#3987=CARTESIAN_POINT('Origin',(230.454545454545,72.0683506388728,5.));
#3988=CARTESIAN_POINT('Origin',(230.454545454545,72.0683506388728,0.));
#3989=CARTESIAN_POINT('Origin',(230.454545454545,72.0683506388728,5.));
#3990=CARTESIAN_POINT('Origin',(221.818181818182,172.068350638873,5.));
#3991=CARTESIAN_POINT('',(221.818181818182,72.0683506388734,0.));
#3992=CARTESIAN_POINT('',(221.818181818182,172.068350638873,0.));
#3993=CARTESIAN_POINT('',(221.818181818182,151.765049779934,0.));
#3994=CARTESIAN_POINT('',(221.818181818182,72.0683506388734,5.));
#3995=CARTESIAN_POINT('',(221.818181818182,72.0683506388734,5.));
#3996=CARTESIAN_POINT('',(221.818181818182,172.068350638873,5.));
#3997=CARTESIAN_POINT('',(221.818181818182,151.765049779934,5.));
#3998=CARTESIAN_POINT('',(221.818181818182,172.068350638873,5.));
#3999=CARTESIAN_POINT('Origin',(216.818181818182,172.068350638873,5.));
#4000=CARTESIAN_POINT('',(211.818181818182,172.068350638873,0.));
#4001=CARTESIAN_POINT('Origin',(216.818181818182,172.068350638873,0.));
#4002=CARTESIAN_POINT('',(211.818181818182,172.068350638873,5.));
#4003=CARTESIAN_POINT('Origin',(216.818181818182,172.068350638873,5.));
#4004=CARTESIAN_POINT('',(211.818181818182,172.068350638873,5.));
#4005=CARTESIAN_POINT('Origin',(211.818181818182,72.0683506388734,5.));
#4006=CARTESIAN_POINT('',(211.818181818182,72.0683506388734,0.));
#4007=CARTESIAN_POINT('',(211.818181818182,101.765049779934,0.));
#4008=CARTESIAN_POINT('',(211.818181818182,72.0683506388734,5.));
#4009=CARTESIAN_POINT('',(211.818181818182,101.765049779934,5.));
#4010=CARTESIAN_POINT('',(211.818181818182,72.0683506388734,5.));
#4011=CARTESIAN_POINT('Origin',(216.818181818182,72.0683506388734,5.));
#4012=CARTESIAN_POINT('Origin',(216.818181818182,72.0683506388734,0.));
#4013=CARTESIAN_POINT('Origin',(216.818181818182,72.0683506388734,5.));
#4014=CARTESIAN_POINT('Origin',(208.181818181818,172.068350638874,5.));
#4015=CARTESIAN_POINT('',(208.181818181818,72.068350638874,0.));
#4016=CARTESIAN_POINT('',(208.181818181818,172.068350638874,0.));
#4017=CARTESIAN_POINT('',(208.181818181818,151.765049779934,0.));
#4018=CARTESIAN_POINT('',(208.181818181818,72.068350638874,5.));
#4019=CARTESIAN_POINT('',(208.181818181818,72.068350638874,5.));
#4020=CARTESIAN_POINT('',(208.181818181818,172.068350638874,5.));
#4021=CARTESIAN_POINT('',(208.181818181818,151.765049779934,5.));
#4022=CARTESIAN_POINT('',(208.181818181818,172.068350638874,5.));
#4023=CARTESIAN_POINT('Origin',(203.181818181818,172.068350638874,5.));
#4024=CARTESIAN_POINT('',(198.181818181818,172.068350638874,0.));
#4025=CARTESIAN_POINT('Origin',(203.181818181818,172.068350638874,0.));
#4026=CARTESIAN_POINT('',(198.181818181818,172.068350638874,5.));
#4027=CARTESIAN_POINT('Origin',(203.181818181818,172.068350638874,5.));
#4028=CARTESIAN_POINT('',(198.181818181818,172.068350638874,5.));
#4029=CARTESIAN_POINT('Origin',(198.181818181818,72.068350638874,5.));
#4030=CARTESIAN_POINT('',(198.181818181818,72.068350638874,0.));
#4031=CARTESIAN_POINT('',(198.181818181818,101.765049779934,0.));
#4032=CARTESIAN_POINT('',(198.181818181818,72.068350638874,5.));
#4033=CARTESIAN_POINT('',(198.181818181818,101.765049779934,5.));
#4034=CARTESIAN_POINT('',(198.181818181818,72.068350638874,5.));
#4035=CARTESIAN_POINT('Origin',(203.181818181818,72.068350638874,5.));
#4036=CARTESIAN_POINT('Origin',(203.181818181818,72.068350638874,0.));
#4037=CARTESIAN_POINT('Origin',(203.181818181818,72.068350638874,5.));
#4038=CARTESIAN_POINT('Origin',(194.545454545454,172.068350638875,5.));
#4039=CARTESIAN_POINT('',(194.545454545454,72.0683506388746,0.));
#4040=CARTESIAN_POINT('',(194.545454545454,172.068350638875,0.));
#4041=CARTESIAN_POINT('',(194.545454545454,151.765049779935,0.));
#4042=CARTESIAN_POINT('',(194.545454545454,72.0683506388746,5.));
#4043=CARTESIAN_POINT('',(194.545454545454,72.0683506388746,5.));
#4044=CARTESIAN_POINT('',(194.545454545454,172.068350638875,5.));
#4045=CARTESIAN_POINT('',(194.545454545454,151.765049779935,5.));
#4046=CARTESIAN_POINT('',(194.545454545454,172.068350638875,5.));
#4047=CARTESIAN_POINT('Origin',(189.545454545454,172.068350638875,5.));
#4048=CARTESIAN_POINT('',(184.545454545454,172.068350638875,0.));
#4049=CARTESIAN_POINT('Origin',(189.545454545454,172.068350638875,0.));
#4050=CARTESIAN_POINT('',(184.545454545454,172.068350638875,5.));
#4051=CARTESIAN_POINT('Origin',(189.545454545454,172.068350638875,5.));
#4052=CARTESIAN_POINT('',(184.545454545454,172.068350638875,5.));
#4053=CARTESIAN_POINT('Origin',(184.545454545454,72.0683506388746,5.));
#4054=CARTESIAN_POINT('',(184.545454545454,72.0683506388746,0.));
#4055=CARTESIAN_POINT('',(184.545454545454,101.765049779935,0.));
#4056=CARTESIAN_POINT('',(184.545454545454,72.0683506388746,5.));
#4057=CARTESIAN_POINT('',(184.545454545454,101.765049779935,5.));
#4058=CARTESIAN_POINT('',(184.545454545454,72.0683506388746,5.));
#4059=CARTESIAN_POINT('Origin',(189.545454545454,72.0683506388746,5.));
#4060=CARTESIAN_POINT('Origin',(189.545454545454,72.0683506388746,0.));
#4061=CARTESIAN_POINT('Origin',(189.545454545454,72.0683506388746,5.));
#4062=CARTESIAN_POINT('Origin',(180.909090909091,172.068350638875,5.));
#4063=CARTESIAN_POINT('',(180.909090909091,72.0683506388752,0.));
#4064=CARTESIAN_POINT('',(180.909090909091,172.068350638875,0.));
#4065=CARTESIAN_POINT('',(180.909090909091,151.765049779935,0.));
#4066=CARTESIAN_POINT('',(180.909090909091,72.0683506388752,5.));
#4067=CARTESIAN_POINT('',(180.909090909091,72.0683506388752,5.));
#4068=CARTESIAN_POINT('',(180.909090909091,172.068350638875,5.));
#4069=CARTESIAN_POINT('',(180.909090909091,151.765049779935,5.));
#4070=CARTESIAN_POINT('',(180.909090909091,172.068350638875,5.));
#4071=CARTESIAN_POINT('Origin',(175.909090909091,172.068350638875,5.));
#4072=CARTESIAN_POINT('',(170.909090909091,172.068350638875,0.));
#4073=CARTESIAN_POINT('Origin',(175.909090909091,172.068350638875,0.));
#4074=CARTESIAN_POINT('',(170.909090909091,172.068350638875,5.));
#4075=CARTESIAN_POINT('Origin',(175.909090909091,172.068350638875,5.));
#4076=CARTESIAN_POINT('',(170.909090909091,172.068350638875,5.));
#4077=CARTESIAN_POINT('Origin',(170.909090909091,72.0683506388752,5.));
#4078=CARTESIAN_POINT('',(170.909090909091,72.0683506388752,0.));
#4079=CARTESIAN_POINT('',(170.909090909091,101.765049779935,0.));
#4080=CARTESIAN_POINT('',(170.909090909091,72.0683506388752,5.));
#4081=CARTESIAN_POINT('',(170.909090909091,101.765049779935,5.));
#4082=CARTESIAN_POINT('',(170.909090909091,72.0683506388752,5.));
#4083=CARTESIAN_POINT('Origin',(175.909090909091,72.0683506388752,5.));
#4084=CARTESIAN_POINT('Origin',(175.909090909091,72.0683506388752,0.));
#4085=CARTESIAN_POINT('Origin',(175.909090909091,72.0683506388752,5.));
#4086=CARTESIAN_POINT('Origin',(167.272727272727,172.068350638876,5.));
#4087=CARTESIAN_POINT('',(167.272727272727,72.0683506388758,0.));
#4088=CARTESIAN_POINT('',(167.272727272727,172.068350638876,0.));
#4089=CARTESIAN_POINT('',(167.272727272727,151.765049779935,0.));
#4090=CARTESIAN_POINT('',(167.272727272727,72.0683506388758,5.));
#4091=CARTESIAN_POINT('',(167.272727272727,72.0683506388758,5.));
#4092=CARTESIAN_POINT('',(167.272727272727,172.068350638876,5.));
#4093=CARTESIAN_POINT('',(167.272727272727,151.765049779935,5.));
#4094=CARTESIAN_POINT('',(167.272727272727,172.068350638876,5.));
#4095=CARTESIAN_POINT('Origin',(162.272727272727,172.068350638876,5.));
#4096=CARTESIAN_POINT('',(157.272727272727,172.068350638876,0.));
#4097=CARTESIAN_POINT('Origin',(162.272727272727,172.068350638876,0.));
#4098=CARTESIAN_POINT('',(157.272727272727,172.068350638876,5.));
#4099=CARTESIAN_POINT('Origin',(162.272727272727,172.068350638876,5.));
#4100=CARTESIAN_POINT('',(157.272727272727,172.068350638876,5.));
#4101=CARTESIAN_POINT('Origin',(157.272727272727,72.0683506388758,5.));
#4102=CARTESIAN_POINT('',(157.272727272727,72.0683506388758,0.));
#4103=CARTESIAN_POINT('',(157.272727272727,101.765049779935,0.));
#4104=CARTESIAN_POINT('',(157.272727272727,72.0683506388758,5.));
#4105=CARTESIAN_POINT('',(157.272727272727,101.765049779935,5.));
#4106=CARTESIAN_POINT('',(157.272727272727,72.0683506388758,5.));
#4107=CARTESIAN_POINT('Origin',(162.272727272727,72.0683506388758,5.));
#4108=CARTESIAN_POINT('Origin',(162.272727272727,72.0683506388758,0.));
#4109=CARTESIAN_POINT('Origin',(162.272727272727,72.0683506388758,5.));
#4110=CARTESIAN_POINT('Origin',(153.636363636364,172.068350638876,5.));
#4111=CARTESIAN_POINT('',(153.636363636364,72.0683506388764,0.));
#4112=CARTESIAN_POINT('',(153.636363636364,172.068350638876,0.));
#4113=CARTESIAN_POINT('',(153.636363636364,151.765049779935,0.));
#4114=CARTESIAN_POINT('',(153.636363636364,72.0683506388764,5.));
#4115=CARTESIAN_POINT('',(153.636363636364,72.0683506388764,5.));
#4116=CARTESIAN_POINT('',(153.636363636364,172.068350638876,5.));
#4117=CARTESIAN_POINT('',(153.636363636364,151.765049779935,5.));
#4118=CARTESIAN_POINT('',(153.636363636364,172.068350638876,5.));
#4119=CARTESIAN_POINT('Origin',(148.636363636364,172.068350638876,5.));
#4120=CARTESIAN_POINT('',(143.636363636364,172.068350638876,0.));
#4121=CARTESIAN_POINT('Origin',(148.636363636364,172.068350638876,0.));
#4122=CARTESIAN_POINT('',(143.636363636364,172.068350638876,5.));
#4123=CARTESIAN_POINT('Origin',(148.636363636364,172.068350638876,5.));
#4124=CARTESIAN_POINT('',(143.636363636364,172.068350638876,5.));
#4125=CARTESIAN_POINT('Origin',(143.636363636364,72.0683506388764,5.));
#4126=CARTESIAN_POINT('',(143.636363636364,72.0683506388764,0.));
#4127=CARTESIAN_POINT('',(143.636363636364,101.765049779935,0.));
#4128=CARTESIAN_POINT('',(143.636363636364,72.0683506388764,5.));
#4129=CARTESIAN_POINT('',(143.636363636364,101.765049779935,5.));
#4130=CARTESIAN_POINT('',(143.636363636364,72.0683506388764,5.));
#4131=CARTESIAN_POINT('Origin',(148.636363636364,72.0683506388764,5.));
#4132=CARTESIAN_POINT('Origin',(148.636363636364,72.0683506388764,0.));
#4133=CARTESIAN_POINT('Origin',(148.636363636364,72.0683506388764,5.));
#4134=CARTESIAN_POINT('Origin',(140.,172.068350638877,5.));
#4135=CARTESIAN_POINT('',(140.,72.068350638877,0.));
#4136=CARTESIAN_POINT('',(140.,172.068350638877,0.));
#4137=CARTESIAN_POINT('',(140.,151.765049779936,0.));
#4138=CARTESIAN_POINT('',(140.,72.068350638877,5.));
#4139=CARTESIAN_POINT('',(140.,72.068350638877,5.));
#4140=CARTESIAN_POINT('',(140.,172.068350638877,5.));
#4141=CARTESIAN_POINT('',(140.,151.765049779936,5.));
#4142=CARTESIAN_POINT('',(140.,172.068350638877,5.));
#4143=CARTESIAN_POINT('Origin',(135.,172.068350638877,5.));
#4144=CARTESIAN_POINT('',(130.,172.068350638877,0.));
#4145=CARTESIAN_POINT('Origin',(135.,172.068350638877,0.));
#4146=CARTESIAN_POINT('',(130.,172.068350638877,5.));
#4147=CARTESIAN_POINT('Origin',(135.,172.068350638877,5.));
#4148=CARTESIAN_POINT('',(130.,172.068350638877,5.));
#4149=CARTESIAN_POINT('Origin',(130.,72.068350638877,5.));
#4150=CARTESIAN_POINT('',(130.,72.068350638877,0.));
#4151=CARTESIAN_POINT('',(130.,101.765049779936,0.));
#4152=CARTESIAN_POINT('',(130.,72.068350638877,5.));
#4153=CARTESIAN_POINT('',(130.,101.765049779936,5.));
#4154=CARTESIAN_POINT('',(130.,72.068350638877,5.));
#4155=CARTESIAN_POINT('Origin',(135.,72.068350638877,5.));
#4156=CARTESIAN_POINT('Origin',(135.,72.068350638877,0.));
#4157=CARTESIAN_POINT('Origin',(135.,72.068350638877,5.));
#4158=CARTESIAN_POINT('Origin',(102.631754837399,261.46174892101,0.));
#4159=CARTESIAN_POINT('',(12.6317548373994,261.461748920963,0.));
#4160=CARTESIAN_POINT('',(102.631754837399,261.46174892101,0.));
#4161=CARTESIAN_POINT('',(12.6317548373994,261.461748920963,0.));
#4162=CARTESIAN_POINT('',(12.6317548373994,261.461748920963,5.));
#4163=CARTESIAN_POINT('',(12.6317548373994,261.461748920963,0.));
#4164=CARTESIAN_POINT('',(102.631754837399,261.46174892101,5.));
#4165=CARTESIAN_POINT('',(12.6317548373994,261.461748920963,5.));
#4166=CARTESIAN_POINT('',(102.631754837399,261.46174892101,0.));
#4167=CARTESIAN_POINT('Origin',(102.631754837415,231.461748921013,0.));
#4168=CARTESIAN_POINT('',(102.631754837415,231.461748921013,0.));
#4169=CARTESIAN_POINT('',(102.631754837399,261.46174892101,0.));
#4170=CARTESIAN_POINT('',(102.631754837415,231.461748921013,5.));
#4171=CARTESIAN_POINT('',(102.631754837399,261.46174892101,5.));
#4172=CARTESIAN_POINT('',(102.631754837415,231.461748921013,0.));
#4173=CARTESIAN_POINT('Origin',(113.238356555027,220.855147203419,0.));
#4174=CARTESIAN_POINT('',(113.238356555027,220.855147203419,0.));
#4175=CARTESIAN_POINT('',(102.631754837415,231.461748921013,0.));
#4176=CARTESIAN_POINT('',(113.238356555027,220.855147203419,5.));
#4177=CARTESIAN_POINT('',(102.631754837415,231.461748921013,5.));
#4178=CARTESIAN_POINT('',(113.238356555027,220.855147203419,0.));
#4179=CARTESIAN_POINT('Origin',(166.044391006246,220.855147203446,0.));
#4180=CARTESIAN_POINT('',(166.044391006246,220.855147203446,0.));
#4181=CARTESIAN_POINT('',(113.238356555027,220.855147203419,0.));
#4182=CARTESIAN_POINT('',(166.044391006246,220.855147203446,5.));
#4183=CARTESIAN_POINT('',(113.238356555027,220.855147203419,5.));
#4184=CARTESIAN_POINT('',(166.044391006246,220.855147203446,0.));
#4185=CARTESIAN_POINT('Origin',(176.650992723843,231.461748921077,0.));
#4186=CARTESIAN_POINT('',(176.650992723843,231.461748921077,0.));
#4187=CARTESIAN_POINT('',(166.044391006246,220.855147203446,0.));
#4188=CARTESIAN_POINT('',(176.650992723843,231.461748921077,5.));
#4189=CARTESIAN_POINT('',(166.044391006246,220.855147203446,5.));
#4190=CARTESIAN_POINT('',(176.650992723843,231.461748921077,0.));
#4191=CARTESIAN_POINT('Origin',(176.650992723835,261.461748921074,0.));
#4192=CARTESIAN_POINT('',(176.650992723835,261.461748921074,0.));
#4193=CARTESIAN_POINT('',(176.650992723843,231.461748921077,0.));
#4194=CARTESIAN_POINT('',(176.650992723835,261.461748921074,5.));
#4195=CARTESIAN_POINT('',(176.650992723843,231.461748921077,5.));
#4196=CARTESIAN_POINT('',(176.650992723835,261.461748921074,0.));
#4197=CARTESIAN_POINT('Origin',(266.650992723835,261.461748921096,0.));
#4198=CARTESIAN_POINT('',(266.650992723835,261.461748921096,0.));
#4199=CARTESIAN_POINT('',(176.650992723835,261.461748921074,0.));
#4200=CARTESIAN_POINT('',(266.650992723835,261.461748921096,5.));
#4201=CARTESIAN_POINT('',(176.650992723835,261.461748921074,5.));
#4202=CARTESIAN_POINT('',(266.650992723835,261.461748921096,0.));
#4203=CARTESIAN_POINT('Origin',(266.650992723843,231.461748921099,0.));
#4204=CARTESIAN_POINT('',(266.650992723843,231.461748921099,0.));
#4205=CARTESIAN_POINT('',(266.650992723835,261.461748921096,0.));
#4206=CARTESIAN_POINT('',(266.650992723843,231.461748921099,5.));
#4207=CARTESIAN_POINT('',(266.650992723835,261.461748921096,5.));
#4208=CARTESIAN_POINT('',(266.650992723843,231.461748921099,0.));
#4209=CARTESIAN_POINT('Origin',(279.641373780673,223.961748921062,0.));
#4210=CARTESIAN_POINT('',(279.641373780673,223.961748921062,0.));
#4211=CARTESIAN_POINT('',(266.650992723843,231.461748921099,0.));
#4212=CARTESIAN_POINT('',(279.641373780673,223.961748921062,5.));
#4213=CARTESIAN_POINT('',(266.650992723843,231.461748921099,5.));
#4214=CARTESIAN_POINT('',(279.641373780673,223.961748921062,0.));
#4215=CARTESIAN_POINT('Origin',(299.641373780673,223.961748921062,0.));
#4216=CARTESIAN_POINT('',(299.641373780673,223.961748921062,0.));
#4217=CARTESIAN_POINT('',(299.641373780673,223.961748921062,0.));
#4218=CARTESIAN_POINT('',(299.641373780673,223.961748921062,5.));
#4219=CARTESIAN_POINT('',(299.641373780673,223.961748921062,5.));
#4220=CARTESIAN_POINT('',(299.641373780673,223.961748921062,0.));
#4221=CARTESIAN_POINT('Origin',(299.641373780624,38.9617489209155,0.));
#4222=CARTESIAN_POINT('',(299.641373780624,38.9617489209155,0.));
#4223=CARTESIAN_POINT('',(299.641373780624,38.9617489209155,0.));
#4224=CARTESIAN_POINT('',(299.641373780624,38.9617489209155,5.));
#4225=CARTESIAN_POINT('',(299.641373780624,38.9617489209155,5.));
#4226=CARTESIAN_POINT('',(299.641373780624,38.9617489209155,0.));
#4227=CARTESIAN_POINT('Origin',(279.641373780613,38.9617489209114,0.));
#4228=CARTESIAN_POINT('',(279.641373780613,38.9617489209114,0.));
#4229=CARTESIAN_POINT('',(279.641373780613,38.9617489209114,0.));
#4230=CARTESIAN_POINT('',(279.641373780613,38.9617489209114,5.));
#4231=CARTESIAN_POINT('',(279.641373780613,38.9617489209114,5.));
#4232=CARTESIAN_POINT('',(279.641373780613,38.9617489209114,0.));
#4233=CARTESIAN_POINT('Origin',(266.650992723814,31.461748920895,0.));
#4234=CARTESIAN_POINT('',(266.650992723814,31.461748920895,0.));
#4235=CARTESIAN_POINT('',(266.650992723814,31.461748920895,0.));
#4236=CARTESIAN_POINT('',(266.650992723814,31.461748920895,5.));
#4237=CARTESIAN_POINT('',(266.650992723814,31.461748920895,5.));
#4238=CARTESIAN_POINT('',(266.650992723814,31.461748920895,0.));
#4239=CARTESIAN_POINT('Origin',(266.650992723855,1.46174892089773,0.));
#4240=CARTESIAN_POINT('',(266.650992723855,1.46174892089773,0.));
#4241=CARTESIAN_POINT('',(266.650992723855,1.46174892089773,0.));
#4242=CARTESIAN_POINT('',(266.650992723855,1.46174892089775,5.));
#4243=CARTESIAN_POINT('',(266.650992723855,1.46174892089773,5.));
#4244=CARTESIAN_POINT('',(266.650992723855,1.46174892089773,0.));
#4245=CARTESIAN_POINT('Origin',(176.650992723855,1.46174892089274,0.));
#4246=CARTESIAN_POINT('',(176.650992723855,1.46174892089274,0.));
#4247=CARTESIAN_POINT('',(176.650992723855,1.46174892089274,0.));
#4248=CARTESIAN_POINT('',(176.650992723855,1.46174892089274,5.));
#4249=CARTESIAN_POINT('',(176.650992723855,1.46174892089274,5.));
#4250=CARTESIAN_POINT('',(176.650992723855,1.46174892089274,0.));
#4251=CARTESIAN_POINT('Origin',(176.650992723855,31.46174892089,0.));
#4252=CARTESIAN_POINT('',(176.650992723855,31.46174892089,0.));
#4253=CARTESIAN_POINT('',(176.650992723855,31.46174892089,0.));
#4254=CARTESIAN_POINT('',(176.650992723855,31.46174892089,5.));
#4255=CARTESIAN_POINT('',(176.650992723855,31.46174892089,5.));
#4256=CARTESIAN_POINT('',(176.650992723855,31.46174892089,0.));
#4257=CARTESIAN_POINT('Origin',(166.044391006244,42.0683506388781,0.));
#4258=CARTESIAN_POINT('',(166.044391006244,42.0683506388781,0.));
#4259=CARTESIAN_POINT('',(166.044391006244,42.0683506388781,0.));
#4260=CARTESIAN_POINT('',(166.044391006244,42.0683506388781,5.));
#4261=CARTESIAN_POINT('',(166.044391006244,42.0683506388781,5.));
#4262=CARTESIAN_POINT('',(166.044391006244,42.0683506388781,0.));
#4263=CARTESIAN_POINT('Origin',(113.238356555025,42.0683506388762,0.));
#4264=CARTESIAN_POINT('',(113.238356555025,42.0683506388762,0.));
#4265=CARTESIAN_POINT('',(113.238356555025,42.0683506388762,0.));
#4266=CARTESIAN_POINT('',(113.238356555025,42.0683506388762,5.));
#4267=CARTESIAN_POINT('',(113.238356555025,42.0683506388762,5.));
#4268=CARTESIAN_POINT('',(113.238356555025,42.0683506388762,0.));
#4269=CARTESIAN_POINT('Origin',(102.631754837389,31.4617489209205,0.));
#4270=CARTESIAN_POINT('',(102.631754837389,31.4617489209205,0.));
#4271=CARTESIAN_POINT('',(102.631754837389,31.4617489209205,0.));
#4272=CARTESIAN_POINT('',(102.631754837389,31.4617489209206,5.));
#4273=CARTESIAN_POINT('',(102.631754837389,31.4617489209205,5.));
#4274=CARTESIAN_POINT('',(102.631754837389,31.4617489209205,0.));
#4275=CARTESIAN_POINT('Origin',(102.631754837395,1.46174892092324,0.));
#4276=CARTESIAN_POINT('',(102.631754837395,1.46174892092324,0.));
#4277=CARTESIAN_POINT('',(102.631754837395,1.46174892092324,0.));
#4278=CARTESIAN_POINT('',(102.631754837395,1.46174892092326,5.));
#4279=CARTESIAN_POINT('',(102.631754837395,1.46174892092324,5.));
#4280=CARTESIAN_POINT('',(102.631754837395,1.46174892092324,0.));
#4281=CARTESIAN_POINT('Origin',(12.6317548373949,1.46174892096099,0.));
#4282=CARTESIAN_POINT('',(12.6317548373949,1.46174892096099,0.));
#4283=CARTESIAN_POINT('',(102.631754837395,1.46174892092324,0.));
#4284=CARTESIAN_POINT('',(12.6317548373949,1.46174892096099,5.));
#4285=CARTESIAN_POINT('',(102.631754837395,1.46174892092324,5.));
#4286=CARTESIAN_POINT('',(12.6317548373949,1.46174892096099,0.));
#4287=CARTESIAN_POINT('Origin',(12.6317548373955,31.4617489209583,0.));
#4288=CARTESIAN_POINT('',(12.6317548373955,31.4617489209583,0.));
#4289=CARTESIAN_POINT('',(12.6317548373949,1.46174892096099,0.));
#4290=CARTESIAN_POINT('',(12.6317548373955,31.4617489209583,5.));
#4291=CARTESIAN_POINT('',(12.6317548373949,1.46174892096099,5.));
#4292=CARTESIAN_POINT('',(12.6317548373955,31.4617489209583,0.));
#4293=CARTESIAN_POINT('Origin',(-0.358626219375464,38.9617489209507,0.));
#4294=CARTESIAN_POINT('',(-0.358626219375464,38.9617489209507,0.));
#4295=CARTESIAN_POINT('',(12.6317548373955,31.4617489209583,0.));
#4296=CARTESIAN_POINT('',(-0.358626219375464,38.9617489209507,5.));
#4297=CARTESIAN_POINT('',(12.6317548373955,31.4617489209583,5.));
#4298=CARTESIAN_POINT('',(-0.358626219375464,38.9617489209507,0.));
#4299=CARTESIAN_POINT('Origin',(-0.358626219367255,223.961748920964,0.));
#4300=CARTESIAN_POINT('',(-0.358626219367255,223.961748920964,0.));
#4301=CARTESIAN_POINT('',(-0.358626219375464,38.9617489209507,0.));
#4302=CARTESIAN_POINT('',(-0.358626219367255,223.961748920964,5.));
#4303=CARTESIAN_POINT('',(-0.358626219375464,38.9617489209507,5.));
#4304=CARTESIAN_POINT('',(-0.358626219367255,223.961748920964,0.));
#4305=CARTESIAN_POINT('Origin',(12.6317548373994,231.461748920964,0.));
#4306=CARTESIAN_POINT('',(12.6317548373994,231.461748920964,0.));
#4307=CARTESIAN_POINT('',(12.6317548373994,231.461748920964,0.));
#4308=CARTESIAN_POINT('',(12.6317548373994,231.461748920964,5.));
#4309=CARTESIAN_POINT('',(12.6317548373994,231.461748920964,5.));
#4310=CARTESIAN_POINT('',(12.6317548373994,231.461748920964,0.));
#4311=CARTESIAN_POINT('Origin',(12.6317548373994,261.461748920963,0.));
#4312=CARTESIAN_POINT('',(12.6317548373994,231.461748920964,0.));
#4313=CARTESIAN_POINT('',(12.6317548373994,231.461748920964,5.));
#4314=CARTESIAN_POINT('Origin',(149.641373780649,131.461748920994,5.));
#4315=CARTESIAN_POINT('Origin',(149.641373780649,131.461748920994,0.));
#4316=UNCERTAINTY_MEASURE_WITH_UNIT(LENGTH_MEASURE(0.01),#4320,
'DISTANCE_ACCURACY_VALUE',
'Maximum model space distance between geometric entities at asserted c
onnectivities');
#4317=UNCERTAINTY_MEASURE_WITH_UNIT(LENGTH_MEASURE(0.01),#4320,
'DISTANCE_ACCURACY_VALUE',
'Maximum model space distance between geometric entities at asserted c
onnectivities');
#4318=(
GEOMETRIC_REPRESENTATION_CONTEXT(3)
GLOBAL_UNCERTAINTY_ASSIGNED_CONTEXT((#4316))
GLOBAL_UNIT_ASSIGNED_CONTEXT((#4320,#4322,#4323))
REPRESENTATION_CONTEXT('','3D')
);
#4319=(
GEOMETRIC_REPRESENTATION_CONTEXT(3)
GLOBAL_UNCERTAINTY_ASSIGNED_CONTEXT((#4317))
GLOBAL_UNIT_ASSIGNED_CONTEXT((#4320,#4322,#4323))
REPRESENTATION_CONTEXT('','3D')
);
#4320=(
LENGTH_UNIT()
NAMED_UNIT(*)
SI_UNIT(.MILLI.,.METRE.)
);
#4321=(
LENGTH_UNIT()
NAMED_UNIT(*)
SI_UNIT($,.METRE.)
);
#4322=(
NAMED_UNIT(*)
PLANE_ANGLE_UNIT()
SI_UNIT($,.RADIAN.)
);
#4323=(
NAMED_UNIT(*)
SI_UNIT($,.STERADIAN.)
SOLID_ANGLE_UNIT()
);
#4324=SHAPE_DEFINITION_REPRESENTATION(#4325,#4326);
#4325=PRODUCT_DEFINITION_SHAPE('',$,#4328);
#4326=SHAPE_REPRESENTATION('',(#2640),#4318);
#4327=PRODUCT_DEFINITION_CONTEXT('part definition',#4332,'design');
#4328=PRODUCT_DEFINITION('2026-06-29-17-41-32-157',
'new_base_chasis Copy',#4329,#4327);
#4329=PRODUCT_DEFINITION_FORMATION('',$,#4334);
#4330=PRODUCT_RELATED_PRODUCT_CATEGORY('new_base_chasis Copy',
'new_base_chasis Copy',(#4334));
#4331=APPLICATION_PROTOCOL_DEFINITION('international standard',
'automotive_design',2009,#4332);
#4332=APPLICATION_CONTEXT(
'Core Data for Automotive Mechanical Design Process');
#4333=PRODUCT_CONTEXT('part definition',#4332,'mechanical');
#4334=PRODUCT('2026-06-29-17-41-32-157','new_base_chasis Copy',$,(#4333));
#4335=PRESENTATION_STYLE_ASSIGNMENT((#4337));
#4336=PRESENTATION_STYLE_ASSIGNMENT((#4338));
#4337=SURFACE_STYLE_USAGE(.BOTH.,#4339);
#4338=SURFACE_STYLE_USAGE(.BOTH.,#4340);
#4339=SURFACE_SIDE_STYLE('',(#4341));
#4340=SURFACE_SIDE_STYLE('',(#4342));
#4341=SURFACE_STYLE_FILL_AREA(#4343);
#4342=SURFACE_STYLE_FILL_AREA(#4344);
#4343=FILL_AREA_STYLE('Steel - Satin',(#4345));
#4344=FILL_AREA_STYLE('Aluminum nitride (AlN)',(#4346));
#4345=FILL_AREA_STYLE_COLOUR('Steel - Satin',#4347);
#4346=FILL_AREA_STYLE_COLOUR('Aluminum nitride (AlN)',#4348);
#4347=COLOUR_RGB('Steel - Satin',0.627450980392157,0.627450980392157,0.627450980392157);
#4348=COLOUR_RGB('Aluminum nitride (AlN)',0.850980392156863,0.827450980392157,
0.788235294117647);
ENDSEC;
END-ISO-10303-21;
