ISO-10303-21;
HEADER;
/* Generated by software containing ST-Developer
 * from STEP Tools, Inc. (www.steptools.com) 
 */

FILE_DESCRIPTION(
/* description */ (''),
/* implementation_level */ '2;1');

FILE_NAME(
/* name */ 'back_dynamic_wall.step',
/* time_stamp */ '2026-07-18T15:46:26+03:00',
/* author */ (''),
/* organization */ (''),
/* preprocessor_version */ 'ST-DEVELOPER v20.1',
/* originating_system */ 'Autodesk Translation Framework v15.8.0.0',
/* authorisation */ '');

FILE_SCHEMA (('AUTOMOTIVE_DESIGN { 1 0 10303 214 3 1 1 }'));
ENDSEC;

DATA;
#10=MECHANICAL_DESIGN_GEOMETRIC_PRESENTATION_REPRESENTATION('',(#13),#3833);
#11=SHAPE_REPRESENTATION_RELATIONSHIP('SRR','None',#3840,#12);
#12=ADVANCED_BREP_SHAPE_REPRESENTATION('',(#14),#3832);
#13=STYLED_ITEM('',(#3850),#14);
#14=MANIFOLD_SOLID_BREP('Body1',#2197);
#15=FACE_BOUND('',#449,.T.);
#16=FACE_BOUND('',#450,.T.);
#17=FACE_BOUND('',#451,.T.);
#18=FACE_BOUND('',#452,.T.);
#19=FACE_BOUND('',#453,.T.);
#20=FACE_BOUND('',#454,.T.);
#21=FACE_BOUND('',#455,.T.);
#22=FACE_BOUND('',#456,.T.);
#23=FACE_BOUND('',#457,.T.);
#24=FACE_BOUND('',#458,.T.);
#25=FACE_BOUND('',#459,.T.);
#26=FACE_BOUND('',#460,.T.);
#27=FACE_BOUND('',#461,.T.);
#28=FACE_BOUND('',#462,.T.);
#29=FACE_BOUND('',#463,.T.);
#30=FACE_BOUND('',#464,.T.);
#31=FACE_BOUND('',#465,.T.);
#32=FACE_BOUND('',#466,.T.);
#33=FACE_BOUND('',#467,.T.);
#34=FACE_BOUND('',#468,.T.);
#35=FACE_BOUND('',#469,.T.);
#36=FACE_BOUND('',#470,.T.);
#37=FACE_BOUND('',#471,.T.);
#38=FACE_BOUND('',#472,.T.);
#39=FACE_BOUND('',#473,.T.);
#40=FACE_BOUND('',#474,.T.);
#41=FACE_BOUND('',#475,.T.);
#42=FACE_BOUND('',#476,.T.);
#43=FACE_BOUND('',#477,.T.);
#44=FACE_BOUND('',#478,.T.);
#45=FACE_BOUND('',#479,.T.);
#46=FACE_BOUND('',#480,.T.);
#47=FACE_BOUND('',#481,.T.);
#48=FACE_BOUND('',#482,.T.);
#49=FACE_BOUND('',#483,.T.);
#50=FACE_BOUND('',#484,.T.);
#51=FACE_BOUND('',#485,.T.);
#52=FACE_BOUND('',#486,.T.);
#53=FACE_BOUND('',#487,.T.);
#54=FACE_BOUND('',#488,.T.);
#55=FACE_BOUND('',#489,.T.);
#56=FACE_BOUND('',#490,.T.);
#57=FACE_BOUND('',#491,.T.);
#58=FACE_BOUND('',#492,.T.);
#59=FACE_BOUND('',#493,.T.);
#60=FACE_BOUND('',#494,.T.);
#61=FACE_BOUND('',#495,.T.);
#62=FACE_BOUND('',#496,.T.);
#63=FACE_BOUND('',#497,.T.);
#64=FACE_BOUND('',#498,.T.);
#65=FACE_BOUND('',#502,.T.);
#66=FACE_BOUND('',#503,.T.);
#67=FACE_BOUND('',#504,.T.);
#68=FACE_BOUND('',#505,.T.);
#69=FACE_BOUND('',#506,.T.);
#70=FACE_BOUND('',#507,.T.);
#71=FACE_BOUND('',#508,.T.);
#72=FACE_BOUND('',#509,.T.);
#73=FACE_BOUND('',#510,.T.);
#74=FACE_BOUND('',#511,.T.);
#75=FACE_BOUND('',#513,.T.);
#76=FACE_BOUND('',#514,.T.);
#77=FACE_BOUND('',#515,.T.);
#78=FACE_BOUND('',#516,.T.);
#79=FACE_BOUND('',#517,.T.);
#80=FACE_BOUND('',#518,.T.);
#81=FACE_BOUND('',#519,.T.);
#82=FACE_BOUND('',#520,.T.);
#83=FACE_BOUND('',#521,.T.);
#84=FACE_BOUND('',#522,.T.);
#85=PLANE('',#2214);
#86=PLANE('',#2218);
#87=PLANE('',#2222);
#88=PLANE('',#2226);
#89=PLANE('',#2230);
#90=PLANE('',#2234);
#91=PLANE('',#2238);
#92=PLANE('',#2242);
#93=PLANE('',#2246);
#94=PLANE('',#2250);
#95=PLANE('',#2254);
#96=PLANE('',#2258);
#97=PLANE('',#2262);
#98=PLANE('',#2266);
#99=PLANE('',#2270);
#100=PLANE('',#2274);
#101=PLANE('',#2278);
#102=PLANE('',#2282);
#103=PLANE('',#2286);
#104=PLANE('',#2290);
#105=PLANE('',#2294);
#106=PLANE('',#2298);
#107=PLANE('',#2302);
#108=PLANE('',#2306);
#109=PLANE('',#2310);
#110=PLANE('',#2314);
#111=PLANE('',#2318);
#112=PLANE('',#2322);
#113=PLANE('',#2326);
#114=PLANE('',#2330);
#115=PLANE('',#2334);
#116=PLANE('',#2338);
#117=PLANE('',#2342);
#118=PLANE('',#2346);
#119=PLANE('',#2350);
#120=PLANE('',#2354);
#121=PLANE('',#2358);
#122=PLANE('',#2362);
#123=PLANE('',#2366);
#124=PLANE('',#2370);
#125=PLANE('',#2374);
#126=PLANE('',#2378);
#127=PLANE('',#2382);
#128=PLANE('',#2386);
#129=PLANE('',#2390);
#130=PLANE('',#2394);
#131=PLANE('',#2398);
#132=PLANE('',#2402);
#133=PLANE('',#2406);
#134=PLANE('',#2410);
#135=PLANE('',#2411);
#136=PLANE('',#2415);
#137=PLANE('',#2419);
#138=PLANE('',#2423);
#139=PLANE('',#2427);
#140=PLANE('',#2431);
#141=PLANE('',#2435);
#142=PLANE('',#2439);
#143=PLANE('',#2443);
#144=PLANE('',#2447);
#145=PLANE('',#2451);
#146=PLANE('',#2455);
#147=PLANE('',#2459);
#148=PLANE('',#2463);
#149=PLANE('',#2467);
#150=PLANE('',#2471);
#151=PLANE('',#2475);
#152=PLANE('',#2479);
#153=PLANE('',#2483);
#154=PLANE('',#2487);
#155=PLANE('',#2491);
#156=PLANE('',#2492);
#157=PLANE('',#2493);
#158=PLANE('',#2494);
#159=PLANE('',#2495);
#160=PLANE('',#2496);
#161=FACE_OUTER_BOUND('',#307,.T.);
#162=FACE_OUTER_BOUND('',#308,.T.);
#163=FACE_OUTER_BOUND('',#309,.T.);
#164=FACE_OUTER_BOUND('',#310,.T.);
#165=FACE_OUTER_BOUND('',#311,.T.);
#166=FACE_OUTER_BOUND('',#312,.T.);
#167=FACE_OUTER_BOUND('',#313,.T.);
#168=FACE_OUTER_BOUND('',#314,.T.);
#169=FACE_OUTER_BOUND('',#315,.T.);
#170=FACE_OUTER_BOUND('',#316,.T.);
#171=FACE_OUTER_BOUND('',#317,.T.);
#172=FACE_OUTER_BOUND('',#318,.T.);
#173=FACE_OUTER_BOUND('',#319,.T.);
#174=FACE_OUTER_BOUND('',#320,.T.);
#175=FACE_OUTER_BOUND('',#321,.T.);
#176=FACE_OUTER_BOUND('',#322,.T.);
#177=FACE_OUTER_BOUND('',#323,.T.);
#178=FACE_OUTER_BOUND('',#324,.T.);
#179=FACE_OUTER_BOUND('',#325,.T.);
#180=FACE_OUTER_BOUND('',#326,.T.);
#181=FACE_OUTER_BOUND('',#327,.T.);
#182=FACE_OUTER_BOUND('',#328,.T.);
#183=FACE_OUTER_BOUND('',#329,.T.);
#184=FACE_OUTER_BOUND('',#330,.T.);
#185=FACE_OUTER_BOUND('',#331,.T.);
#186=FACE_OUTER_BOUND('',#332,.T.);
#187=FACE_OUTER_BOUND('',#333,.T.);
#188=FACE_OUTER_BOUND('',#334,.T.);
#189=FACE_OUTER_BOUND('',#335,.T.);
#190=FACE_OUTER_BOUND('',#336,.T.);
#191=FACE_OUTER_BOUND('',#337,.T.);
#192=FACE_OUTER_BOUND('',#338,.T.);
#193=FACE_OUTER_BOUND('',#339,.T.);
#194=FACE_OUTER_BOUND('',#340,.T.);
#195=FACE_OUTER_BOUND('',#341,.T.);
#196=FACE_OUTER_BOUND('',#342,.T.);
#197=FACE_OUTER_BOUND('',#343,.T.);
#198=FACE_OUTER_BOUND('',#344,.T.);
#199=FACE_OUTER_BOUND('',#345,.T.);
#200=FACE_OUTER_BOUND('',#346,.T.);
#201=FACE_OUTER_BOUND('',#347,.T.);
#202=FACE_OUTER_BOUND('',#348,.T.);
#203=FACE_OUTER_BOUND('',#349,.T.);
#204=FACE_OUTER_BOUND('',#350,.T.);
#205=FACE_OUTER_BOUND('',#351,.T.);
#206=FACE_OUTER_BOUND('',#352,.T.);
#207=FACE_OUTER_BOUND('',#353,.T.);
#208=FACE_OUTER_BOUND('',#354,.T.);
#209=FACE_OUTER_BOUND('',#355,.T.);
#210=FACE_OUTER_BOUND('',#356,.T.);
#211=FACE_OUTER_BOUND('',#357,.T.);
#212=FACE_OUTER_BOUND('',#358,.T.);
#213=FACE_OUTER_BOUND('',#359,.T.);
#214=FACE_OUTER_BOUND('',#360,.T.);
#215=FACE_OUTER_BOUND('',#361,.T.);
#216=FACE_OUTER_BOUND('',#362,.T.);
#217=FACE_OUTER_BOUND('',#363,.T.);
#218=FACE_OUTER_BOUND('',#364,.T.);
#219=FACE_OUTER_BOUND('',#365,.T.);
#220=FACE_OUTER_BOUND('',#366,.T.);
#221=FACE_OUTER_BOUND('',#367,.T.);
#222=FACE_OUTER_BOUND('',#368,.T.);
#223=FACE_OUTER_BOUND('',#369,.T.);
#224=FACE_OUTER_BOUND('',#370,.T.);
#225=FACE_OUTER_BOUND('',#371,.T.);
#226=FACE_OUTER_BOUND('',#372,.T.);
#227=FACE_OUTER_BOUND('',#373,.T.);
#228=FACE_OUTER_BOUND('',#374,.T.);
#229=FACE_OUTER_BOUND('',#375,.T.);
#230=FACE_OUTER_BOUND('',#376,.T.);
#231=FACE_OUTER_BOUND('',#377,.T.);
#232=FACE_OUTER_BOUND('',#378,.T.);
#233=FACE_OUTER_BOUND('',#379,.T.);
#234=FACE_OUTER_BOUND('',#380,.T.);
#235=FACE_OUTER_BOUND('',#381,.T.);
#236=FACE_OUTER_BOUND('',#382,.T.);
#237=FACE_OUTER_BOUND('',#383,.T.);
#238=FACE_OUTER_BOUND('',#384,.T.);
#239=FACE_OUTER_BOUND('',#385,.T.);
#240=FACE_OUTER_BOUND('',#386,.T.);
#241=FACE_OUTER_BOUND('',#387,.T.);
#242=FACE_OUTER_BOUND('',#388,.T.);
#243=FACE_OUTER_BOUND('',#389,.T.);
#244=FACE_OUTER_BOUND('',#390,.T.);
#245=FACE_OUTER_BOUND('',#391,.T.);
#246=FACE_OUTER_BOUND('',#392,.T.);
#247=FACE_OUTER_BOUND('',#393,.T.);
#248=FACE_OUTER_BOUND('',#394,.T.);
#249=FACE_OUTER_BOUND('',#395,.T.);
#250=FACE_OUTER_BOUND('',#396,.T.);
#251=FACE_OUTER_BOUND('',#397,.T.);
#252=FACE_OUTER_BOUND('',#398,.T.);
#253=FACE_OUTER_BOUND('',#399,.T.);
#254=FACE_OUTER_BOUND('',#400,.T.);
#255=FACE_OUTER_BOUND('',#401,.T.);
#256=FACE_OUTER_BOUND('',#402,.T.);
#257=FACE_OUTER_BOUND('',#403,.T.);
#258=FACE_OUTER_BOUND('',#404,.T.);
#259=FACE_OUTER_BOUND('',#405,.T.);
#260=FACE_OUTER_BOUND('',#406,.T.);
#261=FACE_OUTER_BOUND('',#407,.T.);
#262=FACE_OUTER_BOUND('',#408,.T.);
#263=FACE_OUTER_BOUND('',#409,.T.);
#264=FACE_OUTER_BOUND('',#410,.T.);
#265=FACE_OUTER_BOUND('',#411,.T.);
#266=FACE_OUTER_BOUND('',#412,.T.);
#267=FACE_OUTER_BOUND('',#413,.T.);
#268=FACE_OUTER_BOUND('',#414,.T.);
#269=FACE_OUTER_BOUND('',#415,.T.);
#270=FACE_OUTER_BOUND('',#416,.T.);
#271=FACE_OUTER_BOUND('',#417,.T.);
#272=FACE_OUTER_BOUND('',#418,.T.);
#273=FACE_OUTER_BOUND('',#419,.T.);
#274=FACE_OUTER_BOUND('',#420,.T.);
#275=FACE_OUTER_BOUND('',#421,.T.);
#276=FACE_OUTER_BOUND('',#422,.T.);
#277=FACE_OUTER_BOUND('',#423,.T.);
#278=FACE_OUTER_BOUND('',#424,.T.);
#279=FACE_OUTER_BOUND('',#425,.T.);
#280=FACE_OUTER_BOUND('',#426,.T.);
#281=FACE_OUTER_BOUND('',#427,.T.);
#282=FACE_OUTER_BOUND('',#428,.T.);
#283=FACE_OUTER_BOUND('',#429,.T.);
#284=FACE_OUTER_BOUND('',#430,.T.);
#285=FACE_OUTER_BOUND('',#431,.T.);
#286=FACE_OUTER_BOUND('',#432,.T.);
#287=FACE_OUTER_BOUND('',#433,.T.);
#288=FACE_OUTER_BOUND('',#434,.T.);
#289=FACE_OUTER_BOUND('',#435,.T.);
#290=FACE_OUTER_BOUND('',#436,.T.);
#291=FACE_OUTER_BOUND('',#437,.T.);
#292=FACE_OUTER_BOUND('',#438,.T.);
#293=FACE_OUTER_BOUND('',#439,.T.);
#294=FACE_OUTER_BOUND('',#440,.T.);
#295=FACE_OUTER_BOUND('',#441,.T.);
#296=FACE_OUTER_BOUND('',#442,.T.);
#297=FACE_OUTER_BOUND('',#443,.T.);
#298=FACE_OUTER_BOUND('',#444,.T.);
#299=FACE_OUTER_BOUND('',#445,.T.);
#300=FACE_OUTER_BOUND('',#446,.T.);
#301=FACE_OUTER_BOUND('',#447,.T.);
#302=FACE_OUTER_BOUND('',#448,.T.);
#303=FACE_OUTER_BOUND('',#499,.T.);
#304=FACE_OUTER_BOUND('',#500,.T.);
#305=FACE_OUTER_BOUND('',#501,.T.);
#306=FACE_OUTER_BOUND('',#512,.T.);
#307=EDGE_LOOP('',(#1417,#1418,#1419,#1420));
#308=EDGE_LOOP('',(#1421));
#309=EDGE_LOOP('',(#1422,#1423,#1424,#1425));
#310=EDGE_LOOP('',(#1426));
#311=EDGE_LOOP('',(#1427,#1428,#1429,#1430));
#312=EDGE_LOOP('',(#1431));
#313=EDGE_LOOP('',(#1432,#1433,#1434,#1435));
#314=EDGE_LOOP('',(#1436));
#315=EDGE_LOOP('',(#1437,#1438,#1439,#1440));
#316=EDGE_LOOP('',(#1441));
#317=EDGE_LOOP('',(#1442,#1443,#1444,#1445));
#318=EDGE_LOOP('',(#1446));
#319=EDGE_LOOP('',(#1447,#1448,#1449,#1450));
#320=EDGE_LOOP('',(#1451));
#321=EDGE_LOOP('',(#1452,#1453,#1454,#1455));
#322=EDGE_LOOP('',(#1456));
#323=EDGE_LOOP('',(#1457,#1458,#1459,#1460));
#324=EDGE_LOOP('',(#1461));
#325=EDGE_LOOP('',(#1462,#1463,#1464,#1465));
#326=EDGE_LOOP('',(#1466));
#327=EDGE_LOOP('',(#1467,#1468,#1469,#1470));
#328=EDGE_LOOP('',(#1471));
#329=EDGE_LOOP('',(#1472,#1473,#1474,#1475));
#330=EDGE_LOOP('',(#1476));
#331=EDGE_LOOP('',(#1477,#1478,#1479,#1480));
#332=EDGE_LOOP('',(#1481));
#333=EDGE_LOOP('',(#1482,#1483,#1484,#1485));
#334=EDGE_LOOP('',(#1486));
#335=EDGE_LOOP('',(#1487,#1488,#1489,#1490));
#336=EDGE_LOOP('',(#1491));
#337=EDGE_LOOP('',(#1492,#1493,#1494,#1495));
#338=EDGE_LOOP('',(#1496));
#339=EDGE_LOOP('',(#1497,#1498,#1499,#1500));
#340=EDGE_LOOP('',(#1501));
#341=EDGE_LOOP('',(#1502,#1503,#1504,#1505));
#342=EDGE_LOOP('',(#1506));
#343=EDGE_LOOP('',(#1507,#1508,#1509,#1510));
#344=EDGE_LOOP('',(#1511));
#345=EDGE_LOOP('',(#1512,#1513,#1514,#1515));
#346=EDGE_LOOP('',(#1516));
#347=EDGE_LOOP('',(#1517,#1518,#1519,#1520));
#348=EDGE_LOOP('',(#1521));
#349=EDGE_LOOP('',(#1522,#1523,#1524,#1525));
#350=EDGE_LOOP('',(#1526));
#351=EDGE_LOOP('',(#1527,#1528,#1529,#1530));
#352=EDGE_LOOP('',(#1531));
#353=EDGE_LOOP('',(#1532,#1533,#1534,#1535));
#354=EDGE_LOOP('',(#1536));
#355=EDGE_LOOP('',(#1537,#1538,#1539,#1540));
#356=EDGE_LOOP('',(#1541));
#357=EDGE_LOOP('',(#1542,#1543,#1544,#1545));
#358=EDGE_LOOP('',(#1546));
#359=EDGE_LOOP('',(#1547,#1548,#1549,#1550));
#360=EDGE_LOOP('',(#1551));
#361=EDGE_LOOP('',(#1552,#1553,#1554,#1555));
#362=EDGE_LOOP('',(#1556));
#363=EDGE_LOOP('',(#1557,#1558,#1559,#1560));
#364=EDGE_LOOP('',(#1561));
#365=EDGE_LOOP('',(#1562,#1563,#1564,#1565));
#366=EDGE_LOOP('',(#1566));
#367=EDGE_LOOP('',(#1567,#1568,#1569,#1570));
#368=EDGE_LOOP('',(#1571));
#369=EDGE_LOOP('',(#1572,#1573,#1574,#1575));
#370=EDGE_LOOP('',(#1576));
#371=EDGE_LOOP('',(#1577,#1578,#1579,#1580));
#372=EDGE_LOOP('',(#1581));
#373=EDGE_LOOP('',(#1582,#1583,#1584,#1585));
#374=EDGE_LOOP('',(#1586));
#375=EDGE_LOOP('',(#1587,#1588,#1589,#1590));
#376=EDGE_LOOP('',(#1591));
#377=EDGE_LOOP('',(#1592,#1593,#1594,#1595));
#378=EDGE_LOOP('',(#1596));
#379=EDGE_LOOP('',(#1597,#1598,#1599,#1600));
#380=EDGE_LOOP('',(#1601));
#381=EDGE_LOOP('',(#1602,#1603,#1604,#1605));
#382=EDGE_LOOP('',(#1606));
#383=EDGE_LOOP('',(#1607,#1608,#1609,#1610));
#384=EDGE_LOOP('',(#1611));
#385=EDGE_LOOP('',(#1612,#1613,#1614,#1615));
#386=EDGE_LOOP('',(#1616));
#387=EDGE_LOOP('',(#1617,#1618,#1619,#1620));
#388=EDGE_LOOP('',(#1621));
#389=EDGE_LOOP('',(#1622,#1623,#1624,#1625));
#390=EDGE_LOOP('',(#1626));
#391=EDGE_LOOP('',(#1627,#1628,#1629,#1630));
#392=EDGE_LOOP('',(#1631));
#393=EDGE_LOOP('',(#1632,#1633,#1634,#1635));
#394=EDGE_LOOP('',(#1636));
#395=EDGE_LOOP('',(#1637,#1638,#1639,#1640));
#396=EDGE_LOOP('',(#1641));
#397=EDGE_LOOP('',(#1642,#1643,#1644,#1645));
#398=EDGE_LOOP('',(#1646));
#399=EDGE_LOOP('',(#1647,#1648,#1649,#1650));
#400=EDGE_LOOP('',(#1651));
#401=EDGE_LOOP('',(#1652,#1653,#1654,#1655));
#402=EDGE_LOOP('',(#1656));
#403=EDGE_LOOP('',(#1657,#1658,#1659,#1660));
#404=EDGE_LOOP('',(#1661));
#405=EDGE_LOOP('',(#1662,#1663,#1664,#1665));
#406=EDGE_LOOP('',(#1666));
#407=EDGE_LOOP('',(#1667,#1668,#1669,#1670));
#408=EDGE_LOOP('',(#1671,#1672,#1673,#1674));
#409=EDGE_LOOP('',(#1675,#1676,#1677,#1678));
#410=EDGE_LOOP('',(#1679,#1680,#1681,#1682));
#411=EDGE_LOOP('',(#1683,#1684,#1685,#1686));
#412=EDGE_LOOP('',(#1687,#1688,#1689,#1690));
#413=EDGE_LOOP('',(#1691,#1692,#1693,#1694));
#414=EDGE_LOOP('',(#1695,#1696,#1697,#1698));
#415=EDGE_LOOP('',(#1699,#1700,#1701,#1702));
#416=EDGE_LOOP('',(#1703,#1704,#1705,#1706));
#417=EDGE_LOOP('',(#1707,#1708,#1709,#1710));
#418=EDGE_LOOP('',(#1711,#1712,#1713,#1714));
#419=EDGE_LOOP('',(#1715,#1716,#1717,#1718));
#420=EDGE_LOOP('',(#1719,#1720,#1721,#1722));
#421=EDGE_LOOP('',(#1723,#1724,#1725,#1726));
#422=EDGE_LOOP('',(#1727,#1728,#1729,#1730));
#423=EDGE_LOOP('',(#1731,#1732,#1733,#1734));
#424=EDGE_LOOP('',(#1735,#1736,#1737,#1738));
#425=EDGE_LOOP('',(#1739,#1740,#1741,#1742));
#426=EDGE_LOOP('',(#1743,#1744,#1745,#1746));
#427=EDGE_LOOP('',(#1747,#1748,#1749,#1750));
#428=EDGE_LOOP('',(#1751,#1752,#1753,#1754));
#429=EDGE_LOOP('',(#1755,#1756,#1757,#1758));
#430=EDGE_LOOP('',(#1759,#1760,#1761,#1762));
#431=EDGE_LOOP('',(#1763,#1764,#1765,#1766));
#432=EDGE_LOOP('',(#1767,#1768,#1769,#1770));
#433=EDGE_LOOP('',(#1771,#1772,#1773,#1774));
#434=EDGE_LOOP('',(#1775,#1776,#1777,#1778));
#435=EDGE_LOOP('',(#1779,#1780,#1781,#1782));
#436=EDGE_LOOP('',(#1783,#1784,#1785,#1786));
#437=EDGE_LOOP('',(#1787,#1788,#1789,#1790));
#438=EDGE_LOOP('',(#1791,#1792,#1793,#1794));
#439=EDGE_LOOP('',(#1795,#1796,#1797,#1798));
#440=EDGE_LOOP('',(#1799,#1800,#1801,#1802));
#441=EDGE_LOOP('',(#1803,#1804,#1805,#1806));
#442=EDGE_LOOP('',(#1807,#1808,#1809,#1810));
#443=EDGE_LOOP('',(#1811,#1812,#1813,#1814));
#444=EDGE_LOOP('',(#1815,#1816,#1817,#1818));
#445=EDGE_LOOP('',(#1819,#1820,#1821,#1822));
#446=EDGE_LOOP('',(#1823,#1824,#1825,#1826));
#447=EDGE_LOOP('',(#1827,#1828,#1829,#1830));
#448=EDGE_LOOP('',(#1831,#1832,#1833,#1834));
#449=EDGE_LOOP('',(#1835));
#450=EDGE_LOOP('',(#1836));
#451=EDGE_LOOP('',(#1837));
#452=EDGE_LOOP('',(#1838));
#453=EDGE_LOOP('',(#1839));
#454=EDGE_LOOP('',(#1840));
#455=EDGE_LOOP('',(#1841));
#456=EDGE_LOOP('',(#1842));
#457=EDGE_LOOP('',(#1843));
#458=EDGE_LOOP('',(#1844));
#459=EDGE_LOOP('',(#1845));
#460=EDGE_LOOP('',(#1846));
#461=EDGE_LOOP('',(#1847));
#462=EDGE_LOOP('',(#1848));
#463=EDGE_LOOP('',(#1849));
#464=EDGE_LOOP('',(#1850));
#465=EDGE_LOOP('',(#1851));
#466=EDGE_LOOP('',(#1852));
#467=EDGE_LOOP('',(#1853));
#468=EDGE_LOOP('',(#1854));
#469=EDGE_LOOP('',(#1855));
#470=EDGE_LOOP('',(#1856));
#471=EDGE_LOOP('',(#1857));
#472=EDGE_LOOP('',(#1858));
#473=EDGE_LOOP('',(#1859));
#474=EDGE_LOOP('',(#1860));
#475=EDGE_LOOP('',(#1861));
#476=EDGE_LOOP('',(#1862));
#477=EDGE_LOOP('',(#1863));
#478=EDGE_LOOP('',(#1864));
#479=EDGE_LOOP('',(#1865));
#480=EDGE_LOOP('',(#1866));
#481=EDGE_LOOP('',(#1867));
#482=EDGE_LOOP('',(#1868));
#483=EDGE_LOOP('',(#1869));
#484=EDGE_LOOP('',(#1870));
#485=EDGE_LOOP('',(#1871));
#486=EDGE_LOOP('',(#1872));
#487=EDGE_LOOP('',(#1873));
#488=EDGE_LOOP('',(#1874));
#489=EDGE_LOOP('',(#1875));
#490=EDGE_LOOP('',(#1876));
#491=EDGE_LOOP('',(#1877));
#492=EDGE_LOOP('',(#1878));
#493=EDGE_LOOP('',(#1879));
#494=EDGE_LOOP('',(#1880));
#495=EDGE_LOOP('',(#1881));
#496=EDGE_LOOP('',(#1882));
#497=EDGE_LOOP('',(#1883));
#498=EDGE_LOOP('',(#1884));
#499=EDGE_LOOP('',(#1885,#1886,#1887,#1888));
#500=EDGE_LOOP('',(#1889,#1890,#1891,#1892));
#501=EDGE_LOOP('',(#1893,#1894,#1895,#1896));
#502=EDGE_LOOP('',(#1897,#1898,#1899,#1900));
#503=EDGE_LOOP('',(#1901,#1902,#1903,#1904));
#504=EDGE_LOOP('',(#1905,#1906,#1907,#1908));
#505=EDGE_LOOP('',(#1909,#1910,#1911,#1912));
#506=EDGE_LOOP('',(#1913,#1914,#1915,#1916));
#507=EDGE_LOOP('',(#1917,#1918,#1919,#1920));
#508=EDGE_LOOP('',(#1921,#1922,#1923,#1924));
#509=EDGE_LOOP('',(#1925,#1926,#1927,#1928));
#510=EDGE_LOOP('',(#1929,#1930,#1931,#1932));
#511=EDGE_LOOP('',(#1933,#1934,#1935,#1936));
#512=EDGE_LOOP('',(#1937,#1938,#1939,#1940));
#513=EDGE_LOOP('',(#1941,#1942,#1943,#1944));
#514=EDGE_LOOP('',(#1945,#1946,#1947,#1948));
#515=EDGE_LOOP('',(#1949,#1950,#1951,#1952));
#516=EDGE_LOOP('',(#1953,#1954,#1955,#1956));
#517=EDGE_LOOP('',(#1957,#1958,#1959,#1960));
#518=EDGE_LOOP('',(#1961,#1962,#1963,#1964));
#519=EDGE_LOOP('',(#1965,#1966,#1967,#1968));
#520=EDGE_LOOP('',(#1969,#1970,#1971,#1972));
#521=EDGE_LOOP('',(#1973,#1974,#1975,#1976));
#522=EDGE_LOOP('',(#1977,#1978,#1979,#1980));
#523=LINE('',#3218,#665);
#524=LINE('',#3225,#666);
#525=LINE('',#3232,#667);
#526=LINE('',#3239,#668);
#527=LINE('',#3246,#669);
#528=LINE('',#3253,#670);
#529=LINE('',#3260,#671);
#530=LINE('',#3267,#672);
#531=LINE('',#3274,#673);
#532=LINE('',#3281,#674);
#533=LINE('',#3288,#675);
#534=LINE('',#3295,#676);
#535=LINE('',#3302,#677);
#536=LINE('',#3309,#678);
#537=LINE('',#3316,#679);
#538=LINE('',#3323,#680);
#539=LINE('',#3330,#681);
#540=LINE('',#3337,#682);
#541=LINE('',#3344,#683);
#542=LINE('',#3351,#684);
#543=LINE('',#3358,#685);
#544=LINE('',#3365,#686);
#545=LINE('',#3372,#687);
#546=LINE('',#3379,#688);
#547=LINE('',#3386,#689);
#548=LINE('',#3393,#690);
#549=LINE('',#3400,#691);
#550=LINE('',#3407,#692);
#551=LINE('',#3414,#693);
#552=LINE('',#3421,#694);
#553=LINE('',#3428,#695);
#554=LINE('',#3435,#696);
#555=LINE('',#3442,#697);
#556=LINE('',#3449,#698);
#557=LINE('',#3456,#699);
#558=LINE('',#3463,#700);
#559=LINE('',#3470,#701);
#560=LINE('',#3477,#702);
#561=LINE('',#3484,#703);
#562=LINE('',#3491,#704);
#563=LINE('',#3498,#705);
#564=LINE('',#3505,#706);
#565=LINE('',#3512,#707);
#566=LINE('',#3519,#708);
#567=LINE('',#3526,#709);
#568=LINE('',#3533,#710);
#569=LINE('',#3540,#711);
#570=LINE('',#3547,#712);
#571=LINE('',#3554,#713);
#572=LINE('',#3561,#714);
#573=LINE('',#3567,#715);
#574=LINE('',#3569,#716);
#575=LINE('',#3571,#717);
#576=LINE('',#3572,#718);
#577=LINE('',#3578,#719);
#578=LINE('',#3581,#720);
#579=LINE('',#3583,#721);
#580=LINE('',#3584,#722);
#581=LINE('',#3591,#723);
#582=LINE('',#3593,#724);
#583=LINE('',#3595,#725);
#584=LINE('',#3596,#726);
#585=LINE('',#3602,#727);
#586=LINE('',#3605,#728);
#587=LINE('',#3607,#729);
#588=LINE('',#3608,#730);
#589=LINE('',#3615,#731);
#590=LINE('',#3617,#732);
#591=LINE('',#3619,#733);
#592=LINE('',#3620,#734);
#593=LINE('',#3626,#735);
#594=LINE('',#3629,#736);
#595=LINE('',#3631,#737);
#596=LINE('',#3632,#738);
#597=LINE('',#3639,#739);
#598=LINE('',#3641,#740);
#599=LINE('',#3643,#741);
#600=LINE('',#3644,#742);
#601=LINE('',#3650,#743);
#602=LINE('',#3653,#744);
#603=LINE('',#3655,#745);
#604=LINE('',#3656,#746);
#605=LINE('',#3663,#747);
#606=LINE('',#3665,#748);
#607=LINE('',#3667,#749);
#608=LINE('',#3668,#750);
#609=LINE('',#3674,#751);
#610=LINE('',#3677,#752);
#611=LINE('',#3679,#753);
#612=LINE('',#3680,#754);
#613=LINE('',#3687,#755);
#614=LINE('',#3689,#756);
#615=LINE('',#3691,#757);
#616=LINE('',#3692,#758);
#617=LINE('',#3698,#759);
#618=LINE('',#3701,#760);
#619=LINE('',#3703,#761);
#620=LINE('',#3704,#762);
#621=LINE('',#3711,#763);
#622=LINE('',#3713,#764);
#623=LINE('',#3715,#765);
#624=LINE('',#3716,#766);
#625=LINE('',#3722,#767);
#626=LINE('',#3725,#768);
#627=LINE('',#3727,#769);
#628=LINE('',#3728,#770);
#629=LINE('',#3735,#771);
#630=LINE('',#3737,#772);
#631=LINE('',#3739,#773);
#632=LINE('',#3740,#774);
#633=LINE('',#3746,#775);
#634=LINE('',#3749,#776);
#635=LINE('',#3751,#777);
#636=LINE('',#3752,#778);
#637=LINE('',#3759,#779);
#638=LINE('',#3761,#780);
#639=LINE('',#3763,#781);
#640=LINE('',#3764,#782);
#641=LINE('',#3770,#783);
#642=LINE('',#3773,#784);
#643=LINE('',#3775,#785);
#644=LINE('',#3776,#786);
#645=LINE('',#3783,#787);
#646=LINE('',#3785,#788);
#647=LINE('',#3787,#789);
#648=LINE('',#3788,#790);
#649=LINE('',#3794,#791);
#650=LINE('',#3797,#792);
#651=LINE('',#3799,#793);
#652=LINE('',#3800,#794);
#653=LINE('',#3807,#795);
#654=LINE('',#3809,#796);
#655=LINE('',#3811,#797);
#656=LINE('',#3812,#798);
#657=LINE('',#3815,#799);
#658=LINE('',#3817,#800);
#659=LINE('',#3818,#801);
#660=LINE('',#3821,#802);
#661=LINE('',#3823,#803);
#662=LINE('',#3824,#804);
#663=LINE('',#3826,#805);
#664=LINE('',#3827,#806);
#665=VECTOR('',#2503,0.75);
#666=VECTOR('',#2512,0.75);
#667=VECTOR('',#2521,0.75);
#668=VECTOR('',#2530,0.75);
#669=VECTOR('',#2539,0.75);
#670=VECTOR('',#2548,0.75);
#671=VECTOR('',#2557,0.75);
#672=VECTOR('',#2566,0.75);
#673=VECTOR('',#2575,0.75);
#674=VECTOR('',#2584,0.75);
#675=VECTOR('',#2593,0.75);
#676=VECTOR('',#2602,0.75);
#677=VECTOR('',#2611,0.75);
#678=VECTOR('',#2620,0.75);
#679=VECTOR('',#2629,0.75);
#680=VECTOR('',#2638,0.75);
#681=VECTOR('',#2647,0.75);
#682=VECTOR('',#2656,0.75);
#683=VECTOR('',#2665,0.75);
#684=VECTOR('',#2674,0.75);
#685=VECTOR('',#2683,0.75);
#686=VECTOR('',#2692,0.75);
#687=VECTOR('',#2701,0.75);
#688=VECTOR('',#2710,0.75);
#689=VECTOR('',#2719,0.75);
#690=VECTOR('',#2728,0.75);
#691=VECTOR('',#2737,0.75);
#692=VECTOR('',#2746,0.75);
#693=VECTOR('',#2755,0.75);
#694=VECTOR('',#2764,0.75);
#695=VECTOR('',#2773,0.75);
#696=VECTOR('',#2782,0.75);
#697=VECTOR('',#2791,0.75);
#698=VECTOR('',#2800,0.75);
#699=VECTOR('',#2809,0.75);
#700=VECTOR('',#2818,0.75);
#701=VECTOR('',#2827,0.75);
#702=VECTOR('',#2836,0.75);
#703=VECTOR('',#2845,0.75);
#704=VECTOR('',#2854,0.75);
#705=VECTOR('',#2863,0.75);
#706=VECTOR('',#2872,0.75);
#707=VECTOR('',#2881,0.75);
#708=VECTOR('',#2890,0.75);
#709=VECTOR('',#2899,0.75);
#710=VECTOR('',#2908,0.75);
#711=VECTOR('',#2917,0.75);
#712=VECTOR('',#2926,0.75);
#713=VECTOR('',#2935,0.75);
#714=VECTOR('',#2944,0.75);
#715=VECTOR('',#2951,10.);
#716=VECTOR('',#2952,10.);
#717=VECTOR('',#2953,10.);
#718=VECTOR('',#2954,10.);
#719=VECTOR('',#2961,10.);
#720=VECTOR('',#2964,10.);
#721=VECTOR('',#2965,10.);
#722=VECTOR('',#2966,10.);
#723=VECTOR('',#2975,10.);
#724=VECTOR('',#2976,10.);
#725=VECTOR('',#2977,10.);
#726=VECTOR('',#2978,10.);
#727=VECTOR('',#2985,10.);
#728=VECTOR('',#2988,10.);
#729=VECTOR('',#2989,10.);
#730=VECTOR('',#2990,10.);
#731=VECTOR('',#2999,10.);
#732=VECTOR('',#3000,10.);
#733=VECTOR('',#3001,10.);
#734=VECTOR('',#3002,10.);
#735=VECTOR('',#3009,10.);
#736=VECTOR('',#3012,10.);
#737=VECTOR('',#3013,10.);
#738=VECTOR('',#3014,10.);
#739=VECTOR('',#3023,10.);
#740=VECTOR('',#3024,10.);
#741=VECTOR('',#3025,10.);
#742=VECTOR('',#3026,10.);
#743=VECTOR('',#3033,10.);
#744=VECTOR('',#3036,10.);
#745=VECTOR('',#3037,10.);
#746=VECTOR('',#3038,10.);
#747=VECTOR('',#3047,10.);
#748=VECTOR('',#3048,10.);
#749=VECTOR('',#3049,10.);
#750=VECTOR('',#3050,10.);
#751=VECTOR('',#3057,10.);
#752=VECTOR('',#3060,10.);
#753=VECTOR('',#3061,10.);
#754=VECTOR('',#3062,10.);
#755=VECTOR('',#3071,10.);
#756=VECTOR('',#3072,10.);
#757=VECTOR('',#3073,10.);
#758=VECTOR('',#3074,10.);
#759=VECTOR('',#3081,10.);
#760=VECTOR('',#3084,10.);
#761=VECTOR('',#3085,10.);
#762=VECTOR('',#3086,10.);
#763=VECTOR('',#3095,10.);
#764=VECTOR('',#3096,10.);
#765=VECTOR('',#3097,10.);
#766=VECTOR('',#3098,10.);
#767=VECTOR('',#3105,10.);
#768=VECTOR('',#3108,10.);
#769=VECTOR('',#3109,10.);
#770=VECTOR('',#3110,10.);
#771=VECTOR('',#3119,10.);
#772=VECTOR('',#3120,10.);
#773=VECTOR('',#3121,10.);
#774=VECTOR('',#3122,10.);
#775=VECTOR('',#3129,10.);
#776=VECTOR('',#3132,10.);
#777=VECTOR('',#3133,10.);
#778=VECTOR('',#3134,10.);
#779=VECTOR('',#3143,10.);
#780=VECTOR('',#3144,10.);
#781=VECTOR('',#3145,10.);
#782=VECTOR('',#3146,10.);
#783=VECTOR('',#3153,10.);
#784=VECTOR('',#3156,10.);
#785=VECTOR('',#3157,10.);
#786=VECTOR('',#3158,10.);
#787=VECTOR('',#3167,10.);
#788=VECTOR('',#3168,10.);
#789=VECTOR('',#3169,10.);
#790=VECTOR('',#3170,10.);
#791=VECTOR('',#3177,10.);
#792=VECTOR('',#3180,10.);
#793=VECTOR('',#3181,10.);
#794=VECTOR('',#3182,10.);
#795=VECTOR('',#3191,10.);
#796=VECTOR('',#3192,10.);
#797=VECTOR('',#3193,10.);
#798=VECTOR('',#3194,10.);
#799=VECTOR('',#3197,10.);
#800=VECTOR('',#3198,10.);
#801=VECTOR('',#3199,10.);
#802=VECTOR('',#3202,10.);
#803=VECTOR('',#3203,10.);
#804=VECTOR('',#3204,10.);
#805=VECTOR('',#3207,10.);
#806=VECTOR('',#3208,10.);
#807=CIRCLE('',#2212,0.75);
#808=CIRCLE('',#2213,0.75);
#809=CIRCLE('',#2216,0.75);
#810=CIRCLE('',#2217,0.75);
#811=CIRCLE('',#2220,0.75);
#812=CIRCLE('',#2221,0.75);
#813=CIRCLE('',#2224,0.75);
#814=CIRCLE('',#2225,0.75);
#815=CIRCLE('',#2228,0.75);
#816=CIRCLE('',#2229,0.75);
#817=CIRCLE('',#2232,0.75);
#818=CIRCLE('',#2233,0.75);
#819=CIRCLE('',#2236,0.75);
#820=CIRCLE('',#2237,0.75);
#821=CIRCLE('',#2240,0.75);
#822=CIRCLE('',#2241,0.75);
#823=CIRCLE('',#2244,0.75);
#824=CIRCLE('',#2245,0.75);
#825=CIRCLE('',#2248,0.75);
#826=CIRCLE('',#2249,0.75);
#827=CIRCLE('',#2252,0.75);
#828=CIRCLE('',#2253,0.75);
#829=CIRCLE('',#2256,0.75);
#830=CIRCLE('',#2257,0.75);
#831=CIRCLE('',#2260,0.75);
#832=CIRCLE('',#2261,0.75);
#833=CIRCLE('',#2264,0.75);
#834=CIRCLE('',#2265,0.75);
#835=CIRCLE('',#2268,0.75);
#836=CIRCLE('',#2269,0.75);
#837=CIRCLE('',#2272,0.75);
#838=CIRCLE('',#2273,0.75);
#839=CIRCLE('',#2276,0.75);
#840=CIRCLE('',#2277,0.75);
#841=CIRCLE('',#2280,0.75);
#842=CIRCLE('',#2281,0.75);
#843=CIRCLE('',#2284,0.75);
#844=CIRCLE('',#2285,0.75);
#845=CIRCLE('',#2288,0.75);
#846=CIRCLE('',#2289,0.75);
#847=CIRCLE('',#2292,0.75);
#848=CIRCLE('',#2293,0.75);
#849=CIRCLE('',#2296,0.75);
#850=CIRCLE('',#2297,0.75);
#851=CIRCLE('',#2300,0.75);
#852=CIRCLE('',#2301,0.75);
#853=CIRCLE('',#2304,0.75);
#854=CIRCLE('',#2305,0.75);
#855=CIRCLE('',#2308,0.75);
#856=CIRCLE('',#2309,0.75);
#857=CIRCLE('',#2312,0.75);
#858=CIRCLE('',#2313,0.75);
#859=CIRCLE('',#2316,0.75);
#860=CIRCLE('',#2317,0.75);
#861=CIRCLE('',#2320,0.75);
#862=CIRCLE('',#2321,0.75);
#863=CIRCLE('',#2324,0.75);
#864=CIRCLE('',#2325,0.75);
#865=CIRCLE('',#2328,0.75);
#866=CIRCLE('',#2329,0.75);
#867=CIRCLE('',#2332,0.75);
#868=CIRCLE('',#2333,0.75);
#869=CIRCLE('',#2336,0.75);
#870=CIRCLE('',#2337,0.75);
#871=CIRCLE('',#2340,0.75);
#872=CIRCLE('',#2341,0.75);
#873=CIRCLE('',#2344,0.75);
#874=CIRCLE('',#2345,0.75);
#875=CIRCLE('',#2348,0.75);
#876=CIRCLE('',#2349,0.75);
#877=CIRCLE('',#2352,0.75);
#878=CIRCLE('',#2353,0.75);
#879=CIRCLE('',#2356,0.75);
#880=CIRCLE('',#2357,0.75);
#881=CIRCLE('',#2360,0.75);
#882=CIRCLE('',#2361,0.75);
#883=CIRCLE('',#2364,0.75);
#884=CIRCLE('',#2365,0.75);
#885=CIRCLE('',#2368,0.75);
#886=CIRCLE('',#2369,0.75);
#887=CIRCLE('',#2372,0.75);
#888=CIRCLE('',#2373,0.75);
#889=CIRCLE('',#2376,0.75);
#890=CIRCLE('',#2377,0.75);
#891=CIRCLE('',#2380,0.75);
#892=CIRCLE('',#2381,0.75);
#893=CIRCLE('',#2384,0.75);
#894=CIRCLE('',#2385,0.75);
#895=CIRCLE('',#2388,0.75);
#896=CIRCLE('',#2389,0.75);
#897=CIRCLE('',#2392,0.75);
#898=CIRCLE('',#2393,0.75);
#899=CIRCLE('',#2396,0.75);
#900=CIRCLE('',#2397,0.75);
#901=CIRCLE('',#2400,0.75);
#902=CIRCLE('',#2401,0.75);
#903=CIRCLE('',#2404,0.75);
#904=CIRCLE('',#2405,0.75);
#905=CIRCLE('',#2408,0.75);
#906=CIRCLE('',#2409,0.75);
#907=CIRCLE('',#2413,2.99999999999999);
#908=CIRCLE('',#2414,2.99999999999999);
#909=CIRCLE('',#2417,3.00000000000001);
#910=CIRCLE('',#2418,3.00000000000001);
#911=CIRCLE('',#2421,2.99999999999999);
#912=CIRCLE('',#2422,2.99999999999999);
#913=CIRCLE('',#2425,3.00000000000001);
#914=CIRCLE('',#2426,3.00000000000001);
#915=CIRCLE('',#2429,2.99999999999999);
#916=CIRCLE('',#2430,2.99999999999999);
#917=CIRCLE('',#2433,3.00000000000001);
#918=CIRCLE('',#2434,3.00000000000001);
#919=CIRCLE('',#2437,2.99999999999999);
#920=CIRCLE('',#2438,2.99999999999999);
#921=CIRCLE('',#2441,3.00000000000001);
#922=CIRCLE('',#2442,3.00000000000001);
#923=CIRCLE('',#2445,2.99999999999999);
#924=CIRCLE('',#2446,2.99999999999999);
#925=CIRCLE('',#2449,3.00000000000001);
#926=CIRCLE('',#2450,3.00000000000001);
#927=CIRCLE('',#2453,2.99999999999999);
#928=CIRCLE('',#2454,2.99999999999999);
#929=CIRCLE('',#2457,3.00000000000001);
#930=CIRCLE('',#2458,3.00000000000001);
#931=CIRCLE('',#2461,2.99999999999999);
#932=CIRCLE('',#2462,2.99999999999999);
#933=CIRCLE('',#2465,3.00000000000001);
#934=CIRCLE('',#2466,3.00000000000001);
#935=CIRCLE('',#2469,2.99999999999999);
#936=CIRCLE('',#2470,2.99999999999999);
#937=CIRCLE('',#2473,3.00000000000001);
#938=CIRCLE('',#2474,3.00000000000001);
#939=CIRCLE('',#2477,2.99999999999999);
#940=CIRCLE('',#2478,2.99999999999999);
#941=CIRCLE('',#2481,3.00000000000001);
#942=CIRCLE('',#2482,3.00000000000001);
#943=CIRCLE('',#2485,2.99999999999999);
#944=CIRCLE('',#2486,2.99999999999999);
#945=CIRCLE('',#2489,3.00000000000001);
#946=CIRCLE('',#2490,3.00000000000001);
#947=VERTEX_POINT('',#3215);
#948=VERTEX_POINT('',#3217);
#949=VERTEX_POINT('',#3222);
#950=VERTEX_POINT('',#3224);
#951=VERTEX_POINT('',#3229);
#952=VERTEX_POINT('',#3231);
#953=VERTEX_POINT('',#3236);
#954=VERTEX_POINT('',#3238);
#955=VERTEX_POINT('',#3243);
#956=VERTEX_POINT('',#3245);
#957=VERTEX_POINT('',#3250);
#958=VERTEX_POINT('',#3252);
#959=VERTEX_POINT('',#3257);
#960=VERTEX_POINT('',#3259);
#961=VERTEX_POINT('',#3264);
#962=VERTEX_POINT('',#3266);
#963=VERTEX_POINT('',#3271);
#964=VERTEX_POINT('',#3273);
#965=VERTEX_POINT('',#3278);
#966=VERTEX_POINT('',#3280);
#967=VERTEX_POINT('',#3285);
#968=VERTEX_POINT('',#3287);
#969=VERTEX_POINT('',#3292);
#970=VERTEX_POINT('',#3294);
#971=VERTEX_POINT('',#3299);
#972=VERTEX_POINT('',#3301);
#973=VERTEX_POINT('',#3306);
#974=VERTEX_POINT('',#3308);
#975=VERTEX_POINT('',#3313);
#976=VERTEX_POINT('',#3315);
#977=VERTEX_POINT('',#3320);
#978=VERTEX_POINT('',#3322);
#979=VERTEX_POINT('',#3327);
#980=VERTEX_POINT('',#3329);
#981=VERTEX_POINT('',#3334);
#982=VERTEX_POINT('',#3336);
#983=VERTEX_POINT('',#3341);
#984=VERTEX_POINT('',#3343);
#985=VERTEX_POINT('',#3348);
#986=VERTEX_POINT('',#3350);
#987=VERTEX_POINT('',#3355);
#988=VERTEX_POINT('',#3357);
#989=VERTEX_POINT('',#3362);
#990=VERTEX_POINT('',#3364);
#991=VERTEX_POINT('',#3369);
#992=VERTEX_POINT('',#3371);
#993=VERTEX_POINT('',#3376);
#994=VERTEX_POINT('',#3378);
#995=VERTEX_POINT('',#3383);
#996=VERTEX_POINT('',#3385);
#997=VERTEX_POINT('',#3390);
#998=VERTEX_POINT('',#3392);
#999=VERTEX_POINT('',#3397);
#1000=VERTEX_POINT('',#3399);
#1001=VERTEX_POINT('',#3404);
#1002=VERTEX_POINT('',#3406);
#1003=VERTEX_POINT('',#3411);
#1004=VERTEX_POINT('',#3413);
#1005=VERTEX_POINT('',#3418);
#1006=VERTEX_POINT('',#3420);
#1007=VERTEX_POINT('',#3425);
#1008=VERTEX_POINT('',#3427);
#1009=VERTEX_POINT('',#3432);
#1010=VERTEX_POINT('',#3434);
#1011=VERTEX_POINT('',#3439);
#1012=VERTEX_POINT('',#3441);
#1013=VERTEX_POINT('',#3446);
#1014=VERTEX_POINT('',#3448);
#1015=VERTEX_POINT('',#3453);
#1016=VERTEX_POINT('',#3455);
#1017=VERTEX_POINT('',#3460);
#1018=VERTEX_POINT('',#3462);
#1019=VERTEX_POINT('',#3467);
#1020=VERTEX_POINT('',#3469);
#1021=VERTEX_POINT('',#3474);
#1022=VERTEX_POINT('',#3476);
#1023=VERTEX_POINT('',#3481);
#1024=VERTEX_POINT('',#3483);
#1025=VERTEX_POINT('',#3488);
#1026=VERTEX_POINT('',#3490);
#1027=VERTEX_POINT('',#3495);
#1028=VERTEX_POINT('',#3497);
#1029=VERTEX_POINT('',#3502);
#1030=VERTEX_POINT('',#3504);
#1031=VERTEX_POINT('',#3509);
#1032=VERTEX_POINT('',#3511);
#1033=VERTEX_POINT('',#3516);
#1034=VERTEX_POINT('',#3518);
#1035=VERTEX_POINT('',#3523);
#1036=VERTEX_POINT('',#3525);
#1037=VERTEX_POINT('',#3530);
#1038=VERTEX_POINT('',#3532);
#1039=VERTEX_POINT('',#3537);
#1040=VERTEX_POINT('',#3539);
#1041=VERTEX_POINT('',#3544);
#1042=VERTEX_POINT('',#3546);
#1043=VERTEX_POINT('',#3551);
#1044=VERTEX_POINT('',#3553);
#1045=VERTEX_POINT('',#3558);
#1046=VERTEX_POINT('',#3560);
#1047=VERTEX_POINT('',#3565);
#1048=VERTEX_POINT('',#3566);
#1049=VERTEX_POINT('',#3568);
#1050=VERTEX_POINT('',#3570);
#1051=VERTEX_POINT('',#3574);
#1052=VERTEX_POINT('',#3576);
#1053=VERTEX_POINT('',#3580);
#1054=VERTEX_POINT('',#3582);
#1055=VERTEX_POINT('',#3589);
#1056=VERTEX_POINT('',#3590);
#1057=VERTEX_POINT('',#3592);
#1058=VERTEX_POINT('',#3594);
#1059=VERTEX_POINT('',#3598);
#1060=VERTEX_POINT('',#3600);
#1061=VERTEX_POINT('',#3604);
#1062=VERTEX_POINT('',#3606);
#1063=VERTEX_POINT('',#3613);
#1064=VERTEX_POINT('',#3614);
#1065=VERTEX_POINT('',#3616);
#1066=VERTEX_POINT('',#3618);
#1067=VERTEX_POINT('',#3622);
#1068=VERTEX_POINT('',#3624);
#1069=VERTEX_POINT('',#3628);
#1070=VERTEX_POINT('',#3630);
#1071=VERTEX_POINT('',#3637);
#1072=VERTEX_POINT('',#3638);
#1073=VERTEX_POINT('',#3640);
#1074=VERTEX_POINT('',#3642);
#1075=VERTEX_POINT('',#3646);
#1076=VERTEX_POINT('',#3648);
#1077=VERTEX_POINT('',#3652);
#1078=VERTEX_POINT('',#3654);
#1079=VERTEX_POINT('',#3661);
#1080=VERTEX_POINT('',#3662);
#1081=VERTEX_POINT('',#3664);
#1082=VERTEX_POINT('',#3666);
#1083=VERTEX_POINT('',#3670);
#1084=VERTEX_POINT('',#3672);
#1085=VERTEX_POINT('',#3676);
#1086=VERTEX_POINT('',#3678);
#1087=VERTEX_POINT('',#3685);
#1088=VERTEX_POINT('',#3686);
#1089=VERTEX_POINT('',#3688);
#1090=VERTEX_POINT('',#3690);
#1091=VERTEX_POINT('',#3694);
#1092=VERTEX_POINT('',#3696);
#1093=VERTEX_POINT('',#3700);
#1094=VERTEX_POINT('',#3702);
#1095=VERTEX_POINT('',#3709);
#1096=VERTEX_POINT('',#3710);
#1097=VERTEX_POINT('',#3712);
#1098=VERTEX_POINT('',#3714);
#1099=VERTEX_POINT('',#3718);
#1100=VERTEX_POINT('',#3720);
#1101=VERTEX_POINT('',#3724);
#1102=VERTEX_POINT('',#3726);
#1103=VERTEX_POINT('',#3733);
#1104=VERTEX_POINT('',#3734);
#1105=VERTEX_POINT('',#3736);
#1106=VERTEX_POINT('',#3738);
#1107=VERTEX_POINT('',#3742);
#1108=VERTEX_POINT('',#3744);
#1109=VERTEX_POINT('',#3748);
#1110=VERTEX_POINT('',#3750);
#1111=VERTEX_POINT('',#3757);
#1112=VERTEX_POINT('',#3758);
#1113=VERTEX_POINT('',#3760);
#1114=VERTEX_POINT('',#3762);
#1115=VERTEX_POINT('',#3766);
#1116=VERTEX_POINT('',#3768);
#1117=VERTEX_POINT('',#3772);
#1118=VERTEX_POINT('',#3774);
#1119=VERTEX_POINT('',#3781);
#1120=VERTEX_POINT('',#3782);
#1121=VERTEX_POINT('',#3784);
#1122=VERTEX_POINT('',#3786);
#1123=VERTEX_POINT('',#3790);
#1124=VERTEX_POINT('',#3792);
#1125=VERTEX_POINT('',#3796);
#1126=VERTEX_POINT('',#3798);
#1127=VERTEX_POINT('',#3805);
#1128=VERTEX_POINT('',#3806);
#1129=VERTEX_POINT('',#3808);
#1130=VERTEX_POINT('',#3810);
#1131=VERTEX_POINT('',#3814);
#1132=VERTEX_POINT('',#3816);
#1133=VERTEX_POINT('',#3820);
#1134=VERTEX_POINT('',#3822);
#1135=EDGE_CURVE('',#947,#947,#807,.T.);
#1136=EDGE_CURVE('',#947,#948,#523,.T.);
#1137=EDGE_CURVE('',#948,#948,#808,.T.);
#1138=EDGE_CURVE('',#949,#949,#809,.T.);
#1139=EDGE_CURVE('',#949,#950,#524,.T.);
#1140=EDGE_CURVE('',#950,#950,#810,.T.);
#1141=EDGE_CURVE('',#951,#951,#811,.T.);
#1142=EDGE_CURVE('',#951,#952,#525,.T.);
#1143=EDGE_CURVE('',#952,#952,#812,.T.);
#1144=EDGE_CURVE('',#953,#953,#813,.T.);
#1145=EDGE_CURVE('',#953,#954,#526,.T.);
#1146=EDGE_CURVE('',#954,#954,#814,.T.);
#1147=EDGE_CURVE('',#955,#955,#815,.T.);
#1148=EDGE_CURVE('',#955,#956,#527,.T.);
#1149=EDGE_CURVE('',#956,#956,#816,.T.);
#1150=EDGE_CURVE('',#957,#957,#817,.T.);
#1151=EDGE_CURVE('',#957,#958,#528,.T.);
#1152=EDGE_CURVE('',#958,#958,#818,.T.);
#1153=EDGE_CURVE('',#959,#959,#819,.T.);
#1154=EDGE_CURVE('',#959,#960,#529,.T.);
#1155=EDGE_CURVE('',#960,#960,#820,.T.);
#1156=EDGE_CURVE('',#961,#961,#821,.T.);
#1157=EDGE_CURVE('',#961,#962,#530,.T.);
#1158=EDGE_CURVE('',#962,#962,#822,.T.);
#1159=EDGE_CURVE('',#963,#963,#823,.T.);
#1160=EDGE_CURVE('',#963,#964,#531,.T.);
#1161=EDGE_CURVE('',#964,#964,#824,.T.);
#1162=EDGE_CURVE('',#965,#965,#825,.T.);
#1163=EDGE_CURVE('',#965,#966,#532,.T.);
#1164=EDGE_CURVE('',#966,#966,#826,.T.);
#1165=EDGE_CURVE('',#967,#967,#827,.T.);
#1166=EDGE_CURVE('',#967,#968,#533,.T.);
#1167=EDGE_CURVE('',#968,#968,#828,.T.);
#1168=EDGE_CURVE('',#969,#969,#829,.T.);
#1169=EDGE_CURVE('',#969,#970,#534,.T.);
#1170=EDGE_CURVE('',#970,#970,#830,.T.);
#1171=EDGE_CURVE('',#971,#971,#831,.T.);
#1172=EDGE_CURVE('',#971,#972,#535,.T.);
#1173=EDGE_CURVE('',#972,#972,#832,.T.);
#1174=EDGE_CURVE('',#973,#973,#833,.T.);
#1175=EDGE_CURVE('',#973,#974,#536,.T.);
#1176=EDGE_CURVE('',#974,#974,#834,.T.);
#1177=EDGE_CURVE('',#975,#975,#835,.T.);
#1178=EDGE_CURVE('',#975,#976,#537,.T.);
#1179=EDGE_CURVE('',#976,#976,#836,.T.);
#1180=EDGE_CURVE('',#977,#977,#837,.T.);
#1181=EDGE_CURVE('',#977,#978,#538,.T.);
#1182=EDGE_CURVE('',#978,#978,#838,.T.);
#1183=EDGE_CURVE('',#979,#979,#839,.T.);
#1184=EDGE_CURVE('',#979,#980,#539,.T.);
#1185=EDGE_CURVE('',#980,#980,#840,.T.);
#1186=EDGE_CURVE('',#981,#981,#841,.T.);
#1187=EDGE_CURVE('',#981,#982,#540,.T.);
#1188=EDGE_CURVE('',#982,#982,#842,.T.);
#1189=EDGE_CURVE('',#983,#983,#843,.T.);
#1190=EDGE_CURVE('',#983,#984,#541,.T.);
#1191=EDGE_CURVE('',#984,#984,#844,.T.);
#1192=EDGE_CURVE('',#985,#985,#845,.T.);
#1193=EDGE_CURVE('',#985,#986,#542,.T.);
#1194=EDGE_CURVE('',#986,#986,#846,.T.);
#1195=EDGE_CURVE('',#987,#987,#847,.T.);
#1196=EDGE_CURVE('',#987,#988,#543,.T.);
#1197=EDGE_CURVE('',#988,#988,#848,.T.);
#1198=EDGE_CURVE('',#989,#989,#849,.T.);
#1199=EDGE_CURVE('',#989,#990,#544,.T.);
#1200=EDGE_CURVE('',#990,#990,#850,.T.);
#1201=EDGE_CURVE('',#991,#991,#851,.T.);
#1202=EDGE_CURVE('',#991,#992,#545,.T.);
#1203=EDGE_CURVE('',#992,#992,#852,.T.);
#1204=EDGE_CURVE('',#993,#993,#853,.T.);
#1205=EDGE_CURVE('',#993,#994,#546,.T.);
#1206=EDGE_CURVE('',#994,#994,#854,.T.);
#1207=EDGE_CURVE('',#995,#995,#855,.T.);
#1208=EDGE_CURVE('',#995,#996,#547,.T.);
#1209=EDGE_CURVE('',#996,#996,#856,.T.);
#1210=EDGE_CURVE('',#997,#997,#857,.T.);
#1211=EDGE_CURVE('',#997,#998,#548,.T.);
#1212=EDGE_CURVE('',#998,#998,#858,.T.);
#1213=EDGE_CURVE('',#999,#999,#859,.T.);
#1214=EDGE_CURVE('',#999,#1000,#549,.T.);
#1215=EDGE_CURVE('',#1000,#1000,#860,.T.);
#1216=EDGE_CURVE('',#1001,#1001,#861,.T.);
#1217=EDGE_CURVE('',#1001,#1002,#550,.T.);
#1218=EDGE_CURVE('',#1002,#1002,#862,.T.);
#1219=EDGE_CURVE('',#1003,#1003,#863,.T.);
#1220=EDGE_CURVE('',#1003,#1004,#551,.T.);
#1221=EDGE_CURVE('',#1004,#1004,#864,.T.);
#1222=EDGE_CURVE('',#1005,#1005,#865,.T.);
#1223=EDGE_CURVE('',#1005,#1006,#552,.T.);
#1224=EDGE_CURVE('',#1006,#1006,#866,.T.);
#1225=EDGE_CURVE('',#1007,#1007,#867,.T.);
#1226=EDGE_CURVE('',#1007,#1008,#553,.T.);
#1227=EDGE_CURVE('',#1008,#1008,#868,.T.);
#1228=EDGE_CURVE('',#1009,#1009,#869,.T.);
#1229=EDGE_CURVE('',#1009,#1010,#554,.T.);
#1230=EDGE_CURVE('',#1010,#1010,#870,.T.);
#1231=EDGE_CURVE('',#1011,#1011,#871,.T.);
#1232=EDGE_CURVE('',#1011,#1012,#555,.T.);
#1233=EDGE_CURVE('',#1012,#1012,#872,.T.);
#1234=EDGE_CURVE('',#1013,#1013,#873,.T.);
#1235=EDGE_CURVE('',#1013,#1014,#556,.T.);
#1236=EDGE_CURVE('',#1014,#1014,#874,.T.);
#1237=EDGE_CURVE('',#1015,#1015,#875,.T.);
#1238=EDGE_CURVE('',#1015,#1016,#557,.T.);
#1239=EDGE_CURVE('',#1016,#1016,#876,.T.);
#1240=EDGE_CURVE('',#1017,#1017,#877,.T.);
#1241=EDGE_CURVE('',#1017,#1018,#558,.T.);
#1242=EDGE_CURVE('',#1018,#1018,#878,.T.);
#1243=EDGE_CURVE('',#1019,#1019,#879,.T.);
#1244=EDGE_CURVE('',#1019,#1020,#559,.T.);
#1245=EDGE_CURVE('',#1020,#1020,#880,.T.);
#1246=EDGE_CURVE('',#1021,#1021,#881,.T.);
#1247=EDGE_CURVE('',#1021,#1022,#560,.T.);
#1248=EDGE_CURVE('',#1022,#1022,#882,.T.);
#1249=EDGE_CURVE('',#1023,#1023,#883,.T.);
#1250=EDGE_CURVE('',#1023,#1024,#561,.T.);
#1251=EDGE_CURVE('',#1024,#1024,#884,.T.);
#1252=EDGE_CURVE('',#1025,#1025,#885,.T.);
#1253=EDGE_CURVE('',#1025,#1026,#562,.T.);
#1254=EDGE_CURVE('',#1026,#1026,#886,.T.);
#1255=EDGE_CURVE('',#1027,#1027,#887,.T.);
#1256=EDGE_CURVE('',#1027,#1028,#563,.T.);
#1257=EDGE_CURVE('',#1028,#1028,#888,.T.);
#1258=EDGE_CURVE('',#1029,#1029,#889,.T.);
#1259=EDGE_CURVE('',#1029,#1030,#564,.T.);
#1260=EDGE_CURVE('',#1030,#1030,#890,.T.);
#1261=EDGE_CURVE('',#1031,#1031,#891,.T.);
#1262=EDGE_CURVE('',#1031,#1032,#565,.T.);
#1263=EDGE_CURVE('',#1032,#1032,#892,.T.);
#1264=EDGE_CURVE('',#1033,#1033,#893,.T.);
#1265=EDGE_CURVE('',#1033,#1034,#566,.T.);
#1266=EDGE_CURVE('',#1034,#1034,#894,.T.);
#1267=EDGE_CURVE('',#1035,#1035,#895,.T.);
#1268=EDGE_CURVE('',#1035,#1036,#567,.T.);
#1269=EDGE_CURVE('',#1036,#1036,#896,.T.);
#1270=EDGE_CURVE('',#1037,#1037,#897,.T.);
#1271=EDGE_CURVE('',#1037,#1038,#568,.T.);
#1272=EDGE_CURVE('',#1038,#1038,#898,.T.);
#1273=EDGE_CURVE('',#1039,#1039,#899,.T.);
#1274=EDGE_CURVE('',#1039,#1040,#569,.T.);
#1275=EDGE_CURVE('',#1040,#1040,#900,.T.);
#1276=EDGE_CURVE('',#1041,#1041,#901,.T.);
#1277=EDGE_CURVE('',#1041,#1042,#570,.T.);
#1278=EDGE_CURVE('',#1042,#1042,#902,.T.);
#1279=EDGE_CURVE('',#1043,#1043,#903,.T.);
#1280=EDGE_CURVE('',#1043,#1044,#571,.T.);
#1281=EDGE_CURVE('',#1044,#1044,#904,.T.);
#1282=EDGE_CURVE('',#1045,#1045,#905,.T.);
#1283=EDGE_CURVE('',#1045,#1046,#572,.T.);
#1284=EDGE_CURVE('',#1046,#1046,#906,.T.);
#1285=EDGE_CURVE('',#1047,#1048,#573,.T.);
#1286=EDGE_CURVE('',#1049,#1047,#574,.T.);
#1287=EDGE_CURVE('',#1050,#1049,#575,.T.);
#1288=EDGE_CURVE('',#1050,#1048,#576,.T.);
#1289=EDGE_CURVE('',#1048,#1051,#907,.T.);
#1290=EDGE_CURVE('',#1052,#1050,#908,.T.);
#1291=EDGE_CURVE('',#1052,#1051,#577,.T.);
#1292=EDGE_CURVE('',#1051,#1053,#578,.T.);
#1293=EDGE_CURVE('',#1054,#1052,#579,.T.);
#1294=EDGE_CURVE('',#1054,#1053,#580,.T.);
#1295=EDGE_CURVE('',#1053,#1047,#909,.T.);
#1296=EDGE_CURVE('',#1049,#1054,#910,.T.);
#1297=EDGE_CURVE('',#1055,#1056,#581,.T.);
#1298=EDGE_CURVE('',#1057,#1055,#582,.T.);
#1299=EDGE_CURVE('',#1058,#1057,#583,.T.);
#1300=EDGE_CURVE('',#1058,#1056,#584,.T.);
#1301=EDGE_CURVE('',#1056,#1059,#911,.T.);
#1302=EDGE_CURVE('',#1060,#1058,#912,.T.);
#1303=EDGE_CURVE('',#1060,#1059,#585,.T.);
#1304=EDGE_CURVE('',#1059,#1061,#586,.T.);
#1305=EDGE_CURVE('',#1062,#1060,#587,.T.);
#1306=EDGE_CURVE('',#1062,#1061,#588,.T.);
#1307=EDGE_CURVE('',#1061,#1055,#913,.T.);
#1308=EDGE_CURVE('',#1057,#1062,#914,.T.);
#1309=EDGE_CURVE('',#1063,#1064,#589,.T.);
#1310=EDGE_CURVE('',#1065,#1063,#590,.T.);
#1311=EDGE_CURVE('',#1066,#1065,#591,.T.);
#1312=EDGE_CURVE('',#1066,#1064,#592,.T.);
#1313=EDGE_CURVE('',#1064,#1067,#915,.T.);
#1314=EDGE_CURVE('',#1068,#1066,#916,.T.);
#1315=EDGE_CURVE('',#1068,#1067,#593,.T.);
#1316=EDGE_CURVE('',#1067,#1069,#594,.T.);
#1317=EDGE_CURVE('',#1070,#1068,#595,.T.);
#1318=EDGE_CURVE('',#1070,#1069,#596,.T.);
#1319=EDGE_CURVE('',#1069,#1063,#917,.T.);
#1320=EDGE_CURVE('',#1065,#1070,#918,.T.);
#1321=EDGE_CURVE('',#1071,#1072,#597,.T.);
#1322=EDGE_CURVE('',#1073,#1071,#598,.T.);
#1323=EDGE_CURVE('',#1074,#1073,#599,.T.);
#1324=EDGE_CURVE('',#1074,#1072,#600,.T.);
#1325=EDGE_CURVE('',#1072,#1075,#919,.T.);
#1326=EDGE_CURVE('',#1076,#1074,#920,.T.);
#1327=EDGE_CURVE('',#1076,#1075,#601,.T.);
#1328=EDGE_CURVE('',#1075,#1077,#602,.T.);
#1329=EDGE_CURVE('',#1078,#1076,#603,.T.);
#1330=EDGE_CURVE('',#1078,#1077,#604,.T.);
#1331=EDGE_CURVE('',#1077,#1071,#921,.T.);
#1332=EDGE_CURVE('',#1073,#1078,#922,.T.);
#1333=EDGE_CURVE('',#1079,#1080,#605,.T.);
#1334=EDGE_CURVE('',#1081,#1079,#606,.T.);
#1335=EDGE_CURVE('',#1082,#1081,#607,.T.);
#1336=EDGE_CURVE('',#1082,#1080,#608,.T.);
#1337=EDGE_CURVE('',#1080,#1083,#923,.T.);
#1338=EDGE_CURVE('',#1084,#1082,#924,.T.);
#1339=EDGE_CURVE('',#1084,#1083,#609,.T.);
#1340=EDGE_CURVE('',#1083,#1085,#610,.T.);
#1341=EDGE_CURVE('',#1086,#1084,#611,.T.);
#1342=EDGE_CURVE('',#1086,#1085,#612,.T.);
#1343=EDGE_CURVE('',#1085,#1079,#925,.T.);
#1344=EDGE_CURVE('',#1081,#1086,#926,.T.);
#1345=EDGE_CURVE('',#1087,#1088,#613,.T.);
#1346=EDGE_CURVE('',#1089,#1087,#614,.T.);
#1347=EDGE_CURVE('',#1090,#1089,#615,.T.);
#1348=EDGE_CURVE('',#1090,#1088,#616,.T.);
#1349=EDGE_CURVE('',#1088,#1091,#927,.T.);
#1350=EDGE_CURVE('',#1092,#1090,#928,.T.);
#1351=EDGE_CURVE('',#1092,#1091,#617,.T.);
#1352=EDGE_CURVE('',#1091,#1093,#618,.T.);
#1353=EDGE_CURVE('',#1094,#1092,#619,.T.);
#1354=EDGE_CURVE('',#1094,#1093,#620,.T.);
#1355=EDGE_CURVE('',#1093,#1087,#929,.T.);
#1356=EDGE_CURVE('',#1089,#1094,#930,.T.);
#1357=EDGE_CURVE('',#1095,#1096,#621,.T.);
#1358=EDGE_CURVE('',#1097,#1095,#622,.T.);
#1359=EDGE_CURVE('',#1098,#1097,#623,.T.);
#1360=EDGE_CURVE('',#1098,#1096,#624,.T.);
#1361=EDGE_CURVE('',#1096,#1099,#931,.T.);
#1362=EDGE_CURVE('',#1100,#1098,#932,.T.);
#1363=EDGE_CURVE('',#1100,#1099,#625,.T.);
#1364=EDGE_CURVE('',#1099,#1101,#626,.T.);
#1365=EDGE_CURVE('',#1102,#1100,#627,.T.);
#1366=EDGE_CURVE('',#1102,#1101,#628,.T.);
#1367=EDGE_CURVE('',#1101,#1095,#933,.T.);
#1368=EDGE_CURVE('',#1097,#1102,#934,.T.);
#1369=EDGE_CURVE('',#1103,#1104,#629,.T.);
#1370=EDGE_CURVE('',#1105,#1103,#630,.T.);
#1371=EDGE_CURVE('',#1106,#1105,#631,.T.);
#1372=EDGE_CURVE('',#1106,#1104,#632,.T.);
#1373=EDGE_CURVE('',#1104,#1107,#935,.T.);
#1374=EDGE_CURVE('',#1108,#1106,#936,.T.);
#1375=EDGE_CURVE('',#1108,#1107,#633,.T.);
#1376=EDGE_CURVE('',#1107,#1109,#634,.T.);
#1377=EDGE_CURVE('',#1110,#1108,#635,.T.);
#1378=EDGE_CURVE('',#1110,#1109,#636,.T.);
#1379=EDGE_CURVE('',#1109,#1103,#937,.T.);
#1380=EDGE_CURVE('',#1105,#1110,#938,.T.);
#1381=EDGE_CURVE('',#1111,#1112,#637,.T.);
#1382=EDGE_CURVE('',#1113,#1111,#638,.T.);
#1383=EDGE_CURVE('',#1114,#1113,#639,.T.);
#1384=EDGE_CURVE('',#1114,#1112,#640,.T.);
#1385=EDGE_CURVE('',#1112,#1115,#939,.T.);
#1386=EDGE_CURVE('',#1116,#1114,#940,.T.);
#1387=EDGE_CURVE('',#1116,#1115,#641,.T.);
#1388=EDGE_CURVE('',#1115,#1117,#642,.T.);
#1389=EDGE_CURVE('',#1118,#1116,#643,.T.);
#1390=EDGE_CURVE('',#1118,#1117,#644,.T.);
#1391=EDGE_CURVE('',#1117,#1111,#941,.T.);
#1392=EDGE_CURVE('',#1113,#1118,#942,.T.);
#1393=EDGE_CURVE('',#1119,#1120,#645,.T.);
#1394=EDGE_CURVE('',#1121,#1119,#646,.T.);
#1395=EDGE_CURVE('',#1122,#1121,#647,.T.);
#1396=EDGE_CURVE('',#1122,#1120,#648,.T.);
#1397=EDGE_CURVE('',#1120,#1123,#943,.T.);
#1398=EDGE_CURVE('',#1124,#1122,#944,.T.);
#1399=EDGE_CURVE('',#1124,#1123,#649,.T.);
#1400=EDGE_CURVE('',#1123,#1125,#650,.T.);
#1401=EDGE_CURVE('',#1126,#1124,#651,.T.);
#1402=EDGE_CURVE('',#1126,#1125,#652,.T.);
#1403=EDGE_CURVE('',#1125,#1119,#945,.T.);
#1404=EDGE_CURVE('',#1121,#1126,#946,.T.);
#1405=EDGE_CURVE('',#1127,#1128,#653,.T.);
#1406=EDGE_CURVE('',#1128,#1129,#654,.T.);
#1407=EDGE_CURVE('',#1130,#1129,#655,.T.);
#1408=EDGE_CURVE('',#1127,#1130,#656,.T.);
#1409=EDGE_CURVE('',#1131,#1127,#657,.T.);
#1410=EDGE_CURVE('',#1132,#1130,#658,.T.);
#1411=EDGE_CURVE('',#1131,#1132,#659,.T.);
#1412=EDGE_CURVE('',#1133,#1131,#660,.T.);
#1413=EDGE_CURVE('',#1134,#1132,#661,.T.);
#1414=EDGE_CURVE('',#1133,#1134,#662,.T.);
#1415=EDGE_CURVE('',#1128,#1133,#663,.T.);
#1416=EDGE_CURVE('',#1129,#1134,#664,.T.);
#1417=ORIENTED_EDGE('',*,*,#1135,.F.);
#1418=ORIENTED_EDGE('',*,*,#1136,.T.);
#1419=ORIENTED_EDGE('',*,*,#1137,.T.);
#1420=ORIENTED_EDGE('',*,*,#1136,.F.);
#1421=ORIENTED_EDGE('',*,*,#1137,.F.);
#1422=ORIENTED_EDGE('',*,*,#1138,.F.);
#1423=ORIENTED_EDGE('',*,*,#1139,.T.);
#1424=ORIENTED_EDGE('',*,*,#1140,.T.);
#1425=ORIENTED_EDGE('',*,*,#1139,.F.);
#1426=ORIENTED_EDGE('',*,*,#1140,.F.);
#1427=ORIENTED_EDGE('',*,*,#1141,.F.);
#1428=ORIENTED_EDGE('',*,*,#1142,.T.);
#1429=ORIENTED_EDGE('',*,*,#1143,.T.);
#1430=ORIENTED_EDGE('',*,*,#1142,.F.);
#1431=ORIENTED_EDGE('',*,*,#1143,.F.);
#1432=ORIENTED_EDGE('',*,*,#1144,.F.);
#1433=ORIENTED_EDGE('',*,*,#1145,.T.);
#1434=ORIENTED_EDGE('',*,*,#1146,.T.);
#1435=ORIENTED_EDGE('',*,*,#1145,.F.);
#1436=ORIENTED_EDGE('',*,*,#1146,.F.);
#1437=ORIENTED_EDGE('',*,*,#1147,.F.);
#1438=ORIENTED_EDGE('',*,*,#1148,.T.);
#1439=ORIENTED_EDGE('',*,*,#1149,.T.);
#1440=ORIENTED_EDGE('',*,*,#1148,.F.);
#1441=ORIENTED_EDGE('',*,*,#1149,.F.);
#1442=ORIENTED_EDGE('',*,*,#1150,.F.);
#1443=ORIENTED_EDGE('',*,*,#1151,.T.);
#1444=ORIENTED_EDGE('',*,*,#1152,.T.);
#1445=ORIENTED_EDGE('',*,*,#1151,.F.);
#1446=ORIENTED_EDGE('',*,*,#1152,.F.);
#1447=ORIENTED_EDGE('',*,*,#1153,.F.);
#1448=ORIENTED_EDGE('',*,*,#1154,.T.);
#1449=ORIENTED_EDGE('',*,*,#1155,.T.);
#1450=ORIENTED_EDGE('',*,*,#1154,.F.);
#1451=ORIENTED_EDGE('',*,*,#1155,.F.);
#1452=ORIENTED_EDGE('',*,*,#1156,.F.);
#1453=ORIENTED_EDGE('',*,*,#1157,.T.);
#1454=ORIENTED_EDGE('',*,*,#1158,.T.);
#1455=ORIENTED_EDGE('',*,*,#1157,.F.);
#1456=ORIENTED_EDGE('',*,*,#1158,.F.);
#1457=ORIENTED_EDGE('',*,*,#1159,.F.);
#1458=ORIENTED_EDGE('',*,*,#1160,.T.);
#1459=ORIENTED_EDGE('',*,*,#1161,.T.);
#1460=ORIENTED_EDGE('',*,*,#1160,.F.);
#1461=ORIENTED_EDGE('',*,*,#1161,.F.);
#1462=ORIENTED_EDGE('',*,*,#1162,.F.);
#1463=ORIENTED_EDGE('',*,*,#1163,.T.);
#1464=ORIENTED_EDGE('',*,*,#1164,.T.);
#1465=ORIENTED_EDGE('',*,*,#1163,.F.);
#1466=ORIENTED_EDGE('',*,*,#1164,.F.);
#1467=ORIENTED_EDGE('',*,*,#1165,.F.);
#1468=ORIENTED_EDGE('',*,*,#1166,.T.);
#1469=ORIENTED_EDGE('',*,*,#1167,.T.);
#1470=ORIENTED_EDGE('',*,*,#1166,.F.);
#1471=ORIENTED_EDGE('',*,*,#1167,.F.);
#1472=ORIENTED_EDGE('',*,*,#1168,.F.);
#1473=ORIENTED_EDGE('',*,*,#1169,.T.);
#1474=ORIENTED_EDGE('',*,*,#1170,.T.);
#1475=ORIENTED_EDGE('',*,*,#1169,.F.);
#1476=ORIENTED_EDGE('',*,*,#1170,.F.);
#1477=ORIENTED_EDGE('',*,*,#1171,.F.);
#1478=ORIENTED_EDGE('',*,*,#1172,.T.);
#1479=ORIENTED_EDGE('',*,*,#1173,.T.);
#1480=ORIENTED_EDGE('',*,*,#1172,.F.);
#1481=ORIENTED_EDGE('',*,*,#1173,.F.);
#1482=ORIENTED_EDGE('',*,*,#1174,.F.);
#1483=ORIENTED_EDGE('',*,*,#1175,.T.);
#1484=ORIENTED_EDGE('',*,*,#1176,.T.);
#1485=ORIENTED_EDGE('',*,*,#1175,.F.);
#1486=ORIENTED_EDGE('',*,*,#1176,.F.);
#1487=ORIENTED_EDGE('',*,*,#1177,.F.);
#1488=ORIENTED_EDGE('',*,*,#1178,.T.);
#1489=ORIENTED_EDGE('',*,*,#1179,.T.);
#1490=ORIENTED_EDGE('',*,*,#1178,.F.);
#1491=ORIENTED_EDGE('',*,*,#1179,.F.);
#1492=ORIENTED_EDGE('',*,*,#1180,.F.);
#1493=ORIENTED_EDGE('',*,*,#1181,.T.);
#1494=ORIENTED_EDGE('',*,*,#1182,.T.);
#1495=ORIENTED_EDGE('',*,*,#1181,.F.);
#1496=ORIENTED_EDGE('',*,*,#1182,.F.);
#1497=ORIENTED_EDGE('',*,*,#1183,.F.);
#1498=ORIENTED_EDGE('',*,*,#1184,.T.);
#1499=ORIENTED_EDGE('',*,*,#1185,.T.);
#1500=ORIENTED_EDGE('',*,*,#1184,.F.);
#1501=ORIENTED_EDGE('',*,*,#1185,.F.);
#1502=ORIENTED_EDGE('',*,*,#1186,.F.);
#1503=ORIENTED_EDGE('',*,*,#1187,.T.);
#1504=ORIENTED_EDGE('',*,*,#1188,.T.);
#1505=ORIENTED_EDGE('',*,*,#1187,.F.);
#1506=ORIENTED_EDGE('',*,*,#1188,.F.);
#1507=ORIENTED_EDGE('',*,*,#1189,.F.);
#1508=ORIENTED_EDGE('',*,*,#1190,.T.);
#1509=ORIENTED_EDGE('',*,*,#1191,.T.);
#1510=ORIENTED_EDGE('',*,*,#1190,.F.);
#1511=ORIENTED_EDGE('',*,*,#1191,.F.);
#1512=ORIENTED_EDGE('',*,*,#1192,.F.);
#1513=ORIENTED_EDGE('',*,*,#1193,.T.);
#1514=ORIENTED_EDGE('',*,*,#1194,.T.);
#1515=ORIENTED_EDGE('',*,*,#1193,.F.);
#1516=ORIENTED_EDGE('',*,*,#1194,.F.);
#1517=ORIENTED_EDGE('',*,*,#1195,.F.);
#1518=ORIENTED_EDGE('',*,*,#1196,.T.);
#1519=ORIENTED_EDGE('',*,*,#1197,.T.);
#1520=ORIENTED_EDGE('',*,*,#1196,.F.);
#1521=ORIENTED_EDGE('',*,*,#1197,.F.);
#1522=ORIENTED_EDGE('',*,*,#1198,.F.);
#1523=ORIENTED_EDGE('',*,*,#1199,.T.);
#1524=ORIENTED_EDGE('',*,*,#1200,.T.);
#1525=ORIENTED_EDGE('',*,*,#1199,.F.);
#1526=ORIENTED_EDGE('',*,*,#1200,.F.);
#1527=ORIENTED_EDGE('',*,*,#1201,.F.);
#1528=ORIENTED_EDGE('',*,*,#1202,.T.);
#1529=ORIENTED_EDGE('',*,*,#1203,.T.);
#1530=ORIENTED_EDGE('',*,*,#1202,.F.);
#1531=ORIENTED_EDGE('',*,*,#1203,.F.);
#1532=ORIENTED_EDGE('',*,*,#1204,.F.);
#1533=ORIENTED_EDGE('',*,*,#1205,.T.);
#1534=ORIENTED_EDGE('',*,*,#1206,.T.);
#1535=ORIENTED_EDGE('',*,*,#1205,.F.);
#1536=ORIENTED_EDGE('',*,*,#1206,.F.);
#1537=ORIENTED_EDGE('',*,*,#1207,.F.);
#1538=ORIENTED_EDGE('',*,*,#1208,.T.);
#1539=ORIENTED_EDGE('',*,*,#1209,.T.);
#1540=ORIENTED_EDGE('',*,*,#1208,.F.);
#1541=ORIENTED_EDGE('',*,*,#1209,.F.);
#1542=ORIENTED_EDGE('',*,*,#1210,.F.);
#1543=ORIENTED_EDGE('',*,*,#1211,.T.);
#1544=ORIENTED_EDGE('',*,*,#1212,.T.);
#1545=ORIENTED_EDGE('',*,*,#1211,.F.);
#1546=ORIENTED_EDGE('',*,*,#1212,.F.);
#1547=ORIENTED_EDGE('',*,*,#1213,.F.);
#1548=ORIENTED_EDGE('',*,*,#1214,.T.);
#1549=ORIENTED_EDGE('',*,*,#1215,.T.);
#1550=ORIENTED_EDGE('',*,*,#1214,.F.);
#1551=ORIENTED_EDGE('',*,*,#1215,.F.);
#1552=ORIENTED_EDGE('',*,*,#1216,.F.);
#1553=ORIENTED_EDGE('',*,*,#1217,.T.);
#1554=ORIENTED_EDGE('',*,*,#1218,.T.);
#1555=ORIENTED_EDGE('',*,*,#1217,.F.);
#1556=ORIENTED_EDGE('',*,*,#1218,.F.);
#1557=ORIENTED_EDGE('',*,*,#1219,.F.);
#1558=ORIENTED_EDGE('',*,*,#1220,.T.);
#1559=ORIENTED_EDGE('',*,*,#1221,.T.);
#1560=ORIENTED_EDGE('',*,*,#1220,.F.);
#1561=ORIENTED_EDGE('',*,*,#1221,.F.);
#1562=ORIENTED_EDGE('',*,*,#1222,.F.);
#1563=ORIENTED_EDGE('',*,*,#1223,.T.);
#1564=ORIENTED_EDGE('',*,*,#1224,.T.);
#1565=ORIENTED_EDGE('',*,*,#1223,.F.);
#1566=ORIENTED_EDGE('',*,*,#1224,.F.);
#1567=ORIENTED_EDGE('',*,*,#1225,.F.);
#1568=ORIENTED_EDGE('',*,*,#1226,.T.);
#1569=ORIENTED_EDGE('',*,*,#1227,.T.);
#1570=ORIENTED_EDGE('',*,*,#1226,.F.);
#1571=ORIENTED_EDGE('',*,*,#1227,.F.);
#1572=ORIENTED_EDGE('',*,*,#1228,.F.);
#1573=ORIENTED_EDGE('',*,*,#1229,.T.);
#1574=ORIENTED_EDGE('',*,*,#1230,.T.);
#1575=ORIENTED_EDGE('',*,*,#1229,.F.);
#1576=ORIENTED_EDGE('',*,*,#1230,.F.);
#1577=ORIENTED_EDGE('',*,*,#1231,.F.);
#1578=ORIENTED_EDGE('',*,*,#1232,.T.);
#1579=ORIENTED_EDGE('',*,*,#1233,.T.);
#1580=ORIENTED_EDGE('',*,*,#1232,.F.);
#1581=ORIENTED_EDGE('',*,*,#1233,.F.);
#1582=ORIENTED_EDGE('',*,*,#1234,.F.);
#1583=ORIENTED_EDGE('',*,*,#1235,.T.);
#1584=ORIENTED_EDGE('',*,*,#1236,.T.);
#1585=ORIENTED_EDGE('',*,*,#1235,.F.);
#1586=ORIENTED_EDGE('',*,*,#1236,.F.);
#1587=ORIENTED_EDGE('',*,*,#1237,.F.);
#1588=ORIENTED_EDGE('',*,*,#1238,.T.);
#1589=ORIENTED_EDGE('',*,*,#1239,.T.);
#1590=ORIENTED_EDGE('',*,*,#1238,.F.);
#1591=ORIENTED_EDGE('',*,*,#1239,.F.);
#1592=ORIENTED_EDGE('',*,*,#1240,.F.);
#1593=ORIENTED_EDGE('',*,*,#1241,.T.);
#1594=ORIENTED_EDGE('',*,*,#1242,.T.);
#1595=ORIENTED_EDGE('',*,*,#1241,.F.);
#1596=ORIENTED_EDGE('',*,*,#1242,.F.);
#1597=ORIENTED_EDGE('',*,*,#1243,.F.);
#1598=ORIENTED_EDGE('',*,*,#1244,.T.);
#1599=ORIENTED_EDGE('',*,*,#1245,.T.);
#1600=ORIENTED_EDGE('',*,*,#1244,.F.);
#1601=ORIENTED_EDGE('',*,*,#1245,.F.);
#1602=ORIENTED_EDGE('',*,*,#1246,.F.);
#1603=ORIENTED_EDGE('',*,*,#1247,.T.);
#1604=ORIENTED_EDGE('',*,*,#1248,.T.);
#1605=ORIENTED_EDGE('',*,*,#1247,.F.);
#1606=ORIENTED_EDGE('',*,*,#1248,.F.);
#1607=ORIENTED_EDGE('',*,*,#1249,.F.);
#1608=ORIENTED_EDGE('',*,*,#1250,.T.);
#1609=ORIENTED_EDGE('',*,*,#1251,.T.);
#1610=ORIENTED_EDGE('',*,*,#1250,.F.);
#1611=ORIENTED_EDGE('',*,*,#1251,.F.);
#1612=ORIENTED_EDGE('',*,*,#1252,.F.);
#1613=ORIENTED_EDGE('',*,*,#1253,.T.);
#1614=ORIENTED_EDGE('',*,*,#1254,.T.);
#1615=ORIENTED_EDGE('',*,*,#1253,.F.);
#1616=ORIENTED_EDGE('',*,*,#1254,.F.);
#1617=ORIENTED_EDGE('',*,*,#1255,.F.);
#1618=ORIENTED_EDGE('',*,*,#1256,.T.);
#1619=ORIENTED_EDGE('',*,*,#1257,.T.);
#1620=ORIENTED_EDGE('',*,*,#1256,.F.);
#1621=ORIENTED_EDGE('',*,*,#1257,.F.);
#1622=ORIENTED_EDGE('',*,*,#1258,.F.);
#1623=ORIENTED_EDGE('',*,*,#1259,.T.);
#1624=ORIENTED_EDGE('',*,*,#1260,.T.);
#1625=ORIENTED_EDGE('',*,*,#1259,.F.);
#1626=ORIENTED_EDGE('',*,*,#1260,.F.);
#1627=ORIENTED_EDGE('',*,*,#1261,.F.);
#1628=ORIENTED_EDGE('',*,*,#1262,.T.);
#1629=ORIENTED_EDGE('',*,*,#1263,.T.);
#1630=ORIENTED_EDGE('',*,*,#1262,.F.);
#1631=ORIENTED_EDGE('',*,*,#1263,.F.);
#1632=ORIENTED_EDGE('',*,*,#1264,.F.);
#1633=ORIENTED_EDGE('',*,*,#1265,.T.);
#1634=ORIENTED_EDGE('',*,*,#1266,.T.);
#1635=ORIENTED_EDGE('',*,*,#1265,.F.);
#1636=ORIENTED_EDGE('',*,*,#1266,.F.);
#1637=ORIENTED_EDGE('',*,*,#1267,.F.);
#1638=ORIENTED_EDGE('',*,*,#1268,.T.);
#1639=ORIENTED_EDGE('',*,*,#1269,.T.);
#1640=ORIENTED_EDGE('',*,*,#1268,.F.);
#1641=ORIENTED_EDGE('',*,*,#1269,.F.);
#1642=ORIENTED_EDGE('',*,*,#1270,.F.);
#1643=ORIENTED_EDGE('',*,*,#1271,.T.);
#1644=ORIENTED_EDGE('',*,*,#1272,.T.);
#1645=ORIENTED_EDGE('',*,*,#1271,.F.);
#1646=ORIENTED_EDGE('',*,*,#1272,.F.);
#1647=ORIENTED_EDGE('',*,*,#1273,.F.);
#1648=ORIENTED_EDGE('',*,*,#1274,.T.);
#1649=ORIENTED_EDGE('',*,*,#1275,.T.);
#1650=ORIENTED_EDGE('',*,*,#1274,.F.);
#1651=ORIENTED_EDGE('',*,*,#1275,.F.);
#1652=ORIENTED_EDGE('',*,*,#1276,.F.);
#1653=ORIENTED_EDGE('',*,*,#1277,.T.);
#1654=ORIENTED_EDGE('',*,*,#1278,.T.);
#1655=ORIENTED_EDGE('',*,*,#1277,.F.);
#1656=ORIENTED_EDGE('',*,*,#1278,.F.);
#1657=ORIENTED_EDGE('',*,*,#1279,.F.);
#1658=ORIENTED_EDGE('',*,*,#1280,.T.);
#1659=ORIENTED_EDGE('',*,*,#1281,.T.);
#1660=ORIENTED_EDGE('',*,*,#1280,.F.);
#1661=ORIENTED_EDGE('',*,*,#1281,.F.);
#1662=ORIENTED_EDGE('',*,*,#1282,.F.);
#1663=ORIENTED_EDGE('',*,*,#1283,.T.);
#1664=ORIENTED_EDGE('',*,*,#1284,.T.);
#1665=ORIENTED_EDGE('',*,*,#1283,.F.);
#1666=ORIENTED_EDGE('',*,*,#1284,.F.);
#1667=ORIENTED_EDGE('',*,*,#1285,.F.);
#1668=ORIENTED_EDGE('',*,*,#1286,.F.);
#1669=ORIENTED_EDGE('',*,*,#1287,.F.);
#1670=ORIENTED_EDGE('',*,*,#1288,.T.);
#1671=ORIENTED_EDGE('',*,*,#1289,.F.);
#1672=ORIENTED_EDGE('',*,*,#1288,.F.);
#1673=ORIENTED_EDGE('',*,*,#1290,.F.);
#1674=ORIENTED_EDGE('',*,*,#1291,.T.);
#1675=ORIENTED_EDGE('',*,*,#1292,.F.);
#1676=ORIENTED_EDGE('',*,*,#1291,.F.);
#1677=ORIENTED_EDGE('',*,*,#1293,.F.);
#1678=ORIENTED_EDGE('',*,*,#1294,.T.);
#1679=ORIENTED_EDGE('',*,*,#1295,.F.);
#1680=ORIENTED_EDGE('',*,*,#1294,.F.);
#1681=ORIENTED_EDGE('',*,*,#1296,.F.);
#1682=ORIENTED_EDGE('',*,*,#1286,.T.);
#1683=ORIENTED_EDGE('',*,*,#1297,.F.);
#1684=ORIENTED_EDGE('',*,*,#1298,.F.);
#1685=ORIENTED_EDGE('',*,*,#1299,.F.);
#1686=ORIENTED_EDGE('',*,*,#1300,.T.);
#1687=ORIENTED_EDGE('',*,*,#1301,.F.);
#1688=ORIENTED_EDGE('',*,*,#1300,.F.);
#1689=ORIENTED_EDGE('',*,*,#1302,.F.);
#1690=ORIENTED_EDGE('',*,*,#1303,.T.);
#1691=ORIENTED_EDGE('',*,*,#1304,.F.);
#1692=ORIENTED_EDGE('',*,*,#1303,.F.);
#1693=ORIENTED_EDGE('',*,*,#1305,.F.);
#1694=ORIENTED_EDGE('',*,*,#1306,.T.);
#1695=ORIENTED_EDGE('',*,*,#1307,.F.);
#1696=ORIENTED_EDGE('',*,*,#1306,.F.);
#1697=ORIENTED_EDGE('',*,*,#1308,.F.);
#1698=ORIENTED_EDGE('',*,*,#1298,.T.);
#1699=ORIENTED_EDGE('',*,*,#1309,.F.);
#1700=ORIENTED_EDGE('',*,*,#1310,.F.);
#1701=ORIENTED_EDGE('',*,*,#1311,.F.);
#1702=ORIENTED_EDGE('',*,*,#1312,.T.);
#1703=ORIENTED_EDGE('',*,*,#1313,.F.);
#1704=ORIENTED_EDGE('',*,*,#1312,.F.);
#1705=ORIENTED_EDGE('',*,*,#1314,.F.);
#1706=ORIENTED_EDGE('',*,*,#1315,.T.);
#1707=ORIENTED_EDGE('',*,*,#1316,.F.);
#1708=ORIENTED_EDGE('',*,*,#1315,.F.);
#1709=ORIENTED_EDGE('',*,*,#1317,.F.);
#1710=ORIENTED_EDGE('',*,*,#1318,.T.);
#1711=ORIENTED_EDGE('',*,*,#1319,.F.);
#1712=ORIENTED_EDGE('',*,*,#1318,.F.);
#1713=ORIENTED_EDGE('',*,*,#1320,.F.);
#1714=ORIENTED_EDGE('',*,*,#1310,.T.);
#1715=ORIENTED_EDGE('',*,*,#1321,.F.);
#1716=ORIENTED_EDGE('',*,*,#1322,.F.);
#1717=ORIENTED_EDGE('',*,*,#1323,.F.);
#1718=ORIENTED_EDGE('',*,*,#1324,.T.);
#1719=ORIENTED_EDGE('',*,*,#1325,.F.);
#1720=ORIENTED_EDGE('',*,*,#1324,.F.);
#1721=ORIENTED_EDGE('',*,*,#1326,.F.);
#1722=ORIENTED_EDGE('',*,*,#1327,.T.);
#1723=ORIENTED_EDGE('',*,*,#1328,.F.);
#1724=ORIENTED_EDGE('',*,*,#1327,.F.);
#1725=ORIENTED_EDGE('',*,*,#1329,.F.);
#1726=ORIENTED_EDGE('',*,*,#1330,.T.);
#1727=ORIENTED_EDGE('',*,*,#1331,.F.);
#1728=ORIENTED_EDGE('',*,*,#1330,.F.);
#1729=ORIENTED_EDGE('',*,*,#1332,.F.);
#1730=ORIENTED_EDGE('',*,*,#1322,.T.);
#1731=ORIENTED_EDGE('',*,*,#1333,.F.);
#1732=ORIENTED_EDGE('',*,*,#1334,.F.);
#1733=ORIENTED_EDGE('',*,*,#1335,.F.);
#1734=ORIENTED_EDGE('',*,*,#1336,.T.);
#1735=ORIENTED_EDGE('',*,*,#1337,.F.);
#1736=ORIENTED_EDGE('',*,*,#1336,.F.);
#1737=ORIENTED_EDGE('',*,*,#1338,.F.);
#1738=ORIENTED_EDGE('',*,*,#1339,.T.);
#1739=ORIENTED_EDGE('',*,*,#1340,.F.);
#1740=ORIENTED_EDGE('',*,*,#1339,.F.);
#1741=ORIENTED_EDGE('',*,*,#1341,.F.);
#1742=ORIENTED_EDGE('',*,*,#1342,.T.);
#1743=ORIENTED_EDGE('',*,*,#1343,.F.);
#1744=ORIENTED_EDGE('',*,*,#1342,.F.);
#1745=ORIENTED_EDGE('',*,*,#1344,.F.);
#1746=ORIENTED_EDGE('',*,*,#1334,.T.);
#1747=ORIENTED_EDGE('',*,*,#1345,.F.);
#1748=ORIENTED_EDGE('',*,*,#1346,.F.);
#1749=ORIENTED_EDGE('',*,*,#1347,.F.);
#1750=ORIENTED_EDGE('',*,*,#1348,.T.);
#1751=ORIENTED_EDGE('',*,*,#1349,.F.);
#1752=ORIENTED_EDGE('',*,*,#1348,.F.);
#1753=ORIENTED_EDGE('',*,*,#1350,.F.);
#1754=ORIENTED_EDGE('',*,*,#1351,.T.);
#1755=ORIENTED_EDGE('',*,*,#1352,.F.);
#1756=ORIENTED_EDGE('',*,*,#1351,.F.);
#1757=ORIENTED_EDGE('',*,*,#1353,.F.);
#1758=ORIENTED_EDGE('',*,*,#1354,.T.);
#1759=ORIENTED_EDGE('',*,*,#1355,.F.);
#1760=ORIENTED_EDGE('',*,*,#1354,.F.);
#1761=ORIENTED_EDGE('',*,*,#1356,.F.);
#1762=ORIENTED_EDGE('',*,*,#1346,.T.);
#1763=ORIENTED_EDGE('',*,*,#1357,.F.);
#1764=ORIENTED_EDGE('',*,*,#1358,.F.);
#1765=ORIENTED_EDGE('',*,*,#1359,.F.);
#1766=ORIENTED_EDGE('',*,*,#1360,.T.);
#1767=ORIENTED_EDGE('',*,*,#1361,.F.);
#1768=ORIENTED_EDGE('',*,*,#1360,.F.);
#1769=ORIENTED_EDGE('',*,*,#1362,.F.);
#1770=ORIENTED_EDGE('',*,*,#1363,.T.);
#1771=ORIENTED_EDGE('',*,*,#1364,.F.);
#1772=ORIENTED_EDGE('',*,*,#1363,.F.);
#1773=ORIENTED_EDGE('',*,*,#1365,.F.);
#1774=ORIENTED_EDGE('',*,*,#1366,.T.);
#1775=ORIENTED_EDGE('',*,*,#1367,.F.);
#1776=ORIENTED_EDGE('',*,*,#1366,.F.);
#1777=ORIENTED_EDGE('',*,*,#1368,.F.);
#1778=ORIENTED_EDGE('',*,*,#1358,.T.);
#1779=ORIENTED_EDGE('',*,*,#1369,.F.);
#1780=ORIENTED_EDGE('',*,*,#1370,.F.);
#1781=ORIENTED_EDGE('',*,*,#1371,.F.);
#1782=ORIENTED_EDGE('',*,*,#1372,.T.);
#1783=ORIENTED_EDGE('',*,*,#1373,.F.);
#1784=ORIENTED_EDGE('',*,*,#1372,.F.);
#1785=ORIENTED_EDGE('',*,*,#1374,.F.);
#1786=ORIENTED_EDGE('',*,*,#1375,.T.);
#1787=ORIENTED_EDGE('',*,*,#1376,.F.);
#1788=ORIENTED_EDGE('',*,*,#1375,.F.);
#1789=ORIENTED_EDGE('',*,*,#1377,.F.);
#1790=ORIENTED_EDGE('',*,*,#1378,.T.);
#1791=ORIENTED_EDGE('',*,*,#1379,.F.);
#1792=ORIENTED_EDGE('',*,*,#1378,.F.);
#1793=ORIENTED_EDGE('',*,*,#1380,.F.);
#1794=ORIENTED_EDGE('',*,*,#1370,.T.);
#1795=ORIENTED_EDGE('',*,*,#1381,.F.);
#1796=ORIENTED_EDGE('',*,*,#1382,.F.);
#1797=ORIENTED_EDGE('',*,*,#1383,.F.);
#1798=ORIENTED_EDGE('',*,*,#1384,.T.);
#1799=ORIENTED_EDGE('',*,*,#1385,.F.);
#1800=ORIENTED_EDGE('',*,*,#1384,.F.);
#1801=ORIENTED_EDGE('',*,*,#1386,.F.);
#1802=ORIENTED_EDGE('',*,*,#1387,.T.);
#1803=ORIENTED_EDGE('',*,*,#1388,.F.);
#1804=ORIENTED_EDGE('',*,*,#1387,.F.);
#1805=ORIENTED_EDGE('',*,*,#1389,.F.);
#1806=ORIENTED_EDGE('',*,*,#1390,.T.);
#1807=ORIENTED_EDGE('',*,*,#1391,.F.);
#1808=ORIENTED_EDGE('',*,*,#1390,.F.);
#1809=ORIENTED_EDGE('',*,*,#1392,.F.);
#1810=ORIENTED_EDGE('',*,*,#1382,.T.);
#1811=ORIENTED_EDGE('',*,*,#1393,.F.);
#1812=ORIENTED_EDGE('',*,*,#1394,.F.);
#1813=ORIENTED_EDGE('',*,*,#1395,.F.);
#1814=ORIENTED_EDGE('',*,*,#1396,.T.);
#1815=ORIENTED_EDGE('',*,*,#1397,.F.);
#1816=ORIENTED_EDGE('',*,*,#1396,.F.);
#1817=ORIENTED_EDGE('',*,*,#1398,.F.);
#1818=ORIENTED_EDGE('',*,*,#1399,.T.);
#1819=ORIENTED_EDGE('',*,*,#1400,.F.);
#1820=ORIENTED_EDGE('',*,*,#1399,.F.);
#1821=ORIENTED_EDGE('',*,*,#1401,.F.);
#1822=ORIENTED_EDGE('',*,*,#1402,.T.);
#1823=ORIENTED_EDGE('',*,*,#1403,.F.);
#1824=ORIENTED_EDGE('',*,*,#1402,.F.);
#1825=ORIENTED_EDGE('',*,*,#1404,.F.);
#1826=ORIENTED_EDGE('',*,*,#1394,.T.);
#1827=ORIENTED_EDGE('',*,*,#1405,.T.);
#1828=ORIENTED_EDGE('',*,*,#1406,.T.);
#1829=ORIENTED_EDGE('',*,*,#1407,.F.);
#1830=ORIENTED_EDGE('',*,*,#1408,.F.);
#1831=ORIENTED_EDGE('',*,*,#1409,.T.);
#1832=ORIENTED_EDGE('',*,*,#1408,.T.);
#1833=ORIENTED_EDGE('',*,*,#1410,.F.);
#1834=ORIENTED_EDGE('',*,*,#1411,.F.);
#1835=ORIENTED_EDGE('',*,*,#1282,.T.);
#1836=ORIENTED_EDGE('',*,*,#1279,.T.);
#1837=ORIENTED_EDGE('',*,*,#1276,.T.);
#1838=ORIENTED_EDGE('',*,*,#1273,.T.);
#1839=ORIENTED_EDGE('',*,*,#1270,.T.);
#1840=ORIENTED_EDGE('',*,*,#1267,.T.);
#1841=ORIENTED_EDGE('',*,*,#1264,.T.);
#1842=ORIENTED_EDGE('',*,*,#1261,.T.);
#1843=ORIENTED_EDGE('',*,*,#1258,.T.);
#1844=ORIENTED_EDGE('',*,*,#1255,.T.);
#1845=ORIENTED_EDGE('',*,*,#1252,.T.);
#1846=ORIENTED_EDGE('',*,*,#1249,.T.);
#1847=ORIENTED_EDGE('',*,*,#1246,.T.);
#1848=ORIENTED_EDGE('',*,*,#1243,.T.);
#1849=ORIENTED_EDGE('',*,*,#1240,.T.);
#1850=ORIENTED_EDGE('',*,*,#1237,.T.);
#1851=ORIENTED_EDGE('',*,*,#1234,.T.);
#1852=ORIENTED_EDGE('',*,*,#1231,.T.);
#1853=ORIENTED_EDGE('',*,*,#1228,.T.);
#1854=ORIENTED_EDGE('',*,*,#1225,.T.);
#1855=ORIENTED_EDGE('',*,*,#1222,.T.);
#1856=ORIENTED_EDGE('',*,*,#1219,.T.);
#1857=ORIENTED_EDGE('',*,*,#1216,.T.);
#1858=ORIENTED_EDGE('',*,*,#1213,.T.);
#1859=ORIENTED_EDGE('',*,*,#1210,.T.);
#1860=ORIENTED_EDGE('',*,*,#1207,.T.);
#1861=ORIENTED_EDGE('',*,*,#1204,.T.);
#1862=ORIENTED_EDGE('',*,*,#1201,.T.);
#1863=ORIENTED_EDGE('',*,*,#1198,.T.);
#1864=ORIENTED_EDGE('',*,*,#1195,.T.);
#1865=ORIENTED_EDGE('',*,*,#1192,.T.);
#1866=ORIENTED_EDGE('',*,*,#1189,.T.);
#1867=ORIENTED_EDGE('',*,*,#1186,.T.);
#1868=ORIENTED_EDGE('',*,*,#1183,.T.);
#1869=ORIENTED_EDGE('',*,*,#1180,.T.);
#1870=ORIENTED_EDGE('',*,*,#1177,.T.);
#1871=ORIENTED_EDGE('',*,*,#1174,.T.);
#1872=ORIENTED_EDGE('',*,*,#1171,.T.);
#1873=ORIENTED_EDGE('',*,*,#1168,.T.);
#1874=ORIENTED_EDGE('',*,*,#1165,.T.);
#1875=ORIENTED_EDGE('',*,*,#1162,.T.);
#1876=ORIENTED_EDGE('',*,*,#1159,.T.);
#1877=ORIENTED_EDGE('',*,*,#1156,.T.);
#1878=ORIENTED_EDGE('',*,*,#1153,.T.);
#1879=ORIENTED_EDGE('',*,*,#1150,.T.);
#1880=ORIENTED_EDGE('',*,*,#1147,.T.);
#1881=ORIENTED_EDGE('',*,*,#1144,.T.);
#1882=ORIENTED_EDGE('',*,*,#1141,.T.);
#1883=ORIENTED_EDGE('',*,*,#1138,.T.);
#1884=ORIENTED_EDGE('',*,*,#1135,.T.);
#1885=ORIENTED_EDGE('',*,*,#1412,.T.);
#1886=ORIENTED_EDGE('',*,*,#1411,.T.);
#1887=ORIENTED_EDGE('',*,*,#1413,.F.);
#1888=ORIENTED_EDGE('',*,*,#1414,.F.);
#1889=ORIENTED_EDGE('',*,*,#1415,.T.);
#1890=ORIENTED_EDGE('',*,*,#1414,.T.);
#1891=ORIENTED_EDGE('',*,*,#1416,.F.);
#1892=ORIENTED_EDGE('',*,*,#1406,.F.);
#1893=ORIENTED_EDGE('',*,*,#1416,.T.);
#1894=ORIENTED_EDGE('',*,*,#1413,.T.);
#1895=ORIENTED_EDGE('',*,*,#1410,.T.);
#1896=ORIENTED_EDGE('',*,*,#1407,.T.);
#1897=ORIENTED_EDGE('',*,*,#1395,.T.);
#1898=ORIENTED_EDGE('',*,*,#1404,.T.);
#1899=ORIENTED_EDGE('',*,*,#1401,.T.);
#1900=ORIENTED_EDGE('',*,*,#1398,.T.);
#1901=ORIENTED_EDGE('',*,*,#1383,.T.);
#1902=ORIENTED_EDGE('',*,*,#1392,.T.);
#1903=ORIENTED_EDGE('',*,*,#1389,.T.);
#1904=ORIENTED_EDGE('',*,*,#1386,.T.);
#1905=ORIENTED_EDGE('',*,*,#1371,.T.);
#1906=ORIENTED_EDGE('',*,*,#1380,.T.);
#1907=ORIENTED_EDGE('',*,*,#1377,.T.);
#1908=ORIENTED_EDGE('',*,*,#1374,.T.);
#1909=ORIENTED_EDGE('',*,*,#1359,.T.);
#1910=ORIENTED_EDGE('',*,*,#1368,.T.);
#1911=ORIENTED_EDGE('',*,*,#1365,.T.);
#1912=ORIENTED_EDGE('',*,*,#1362,.T.);
#1913=ORIENTED_EDGE('',*,*,#1347,.T.);
#1914=ORIENTED_EDGE('',*,*,#1356,.T.);
#1915=ORIENTED_EDGE('',*,*,#1353,.T.);
#1916=ORIENTED_EDGE('',*,*,#1350,.T.);
#1917=ORIENTED_EDGE('',*,*,#1335,.T.);
#1918=ORIENTED_EDGE('',*,*,#1344,.T.);
#1919=ORIENTED_EDGE('',*,*,#1341,.T.);
#1920=ORIENTED_EDGE('',*,*,#1338,.T.);
#1921=ORIENTED_EDGE('',*,*,#1323,.T.);
#1922=ORIENTED_EDGE('',*,*,#1332,.T.);
#1923=ORIENTED_EDGE('',*,*,#1329,.T.);
#1924=ORIENTED_EDGE('',*,*,#1326,.T.);
#1925=ORIENTED_EDGE('',*,*,#1311,.T.);
#1926=ORIENTED_EDGE('',*,*,#1320,.T.);
#1927=ORIENTED_EDGE('',*,*,#1317,.T.);
#1928=ORIENTED_EDGE('',*,*,#1314,.T.);
#1929=ORIENTED_EDGE('',*,*,#1299,.T.);
#1930=ORIENTED_EDGE('',*,*,#1308,.T.);
#1931=ORIENTED_EDGE('',*,*,#1305,.T.);
#1932=ORIENTED_EDGE('',*,*,#1302,.T.);
#1933=ORIENTED_EDGE('',*,*,#1287,.T.);
#1934=ORIENTED_EDGE('',*,*,#1296,.T.);
#1935=ORIENTED_EDGE('',*,*,#1293,.T.);
#1936=ORIENTED_EDGE('',*,*,#1290,.T.);
#1937=ORIENTED_EDGE('',*,*,#1415,.F.);
#1938=ORIENTED_EDGE('',*,*,#1405,.F.);
#1939=ORIENTED_EDGE('',*,*,#1409,.F.);
#1940=ORIENTED_EDGE('',*,*,#1412,.F.);
#1941=ORIENTED_EDGE('',*,*,#1393,.T.);
#1942=ORIENTED_EDGE('',*,*,#1397,.T.);
#1943=ORIENTED_EDGE('',*,*,#1400,.T.);
#1944=ORIENTED_EDGE('',*,*,#1403,.T.);
#1945=ORIENTED_EDGE('',*,*,#1381,.T.);
#1946=ORIENTED_EDGE('',*,*,#1385,.T.);
#1947=ORIENTED_EDGE('',*,*,#1388,.T.);
#1948=ORIENTED_EDGE('',*,*,#1391,.T.);
#1949=ORIENTED_EDGE('',*,*,#1369,.T.);
#1950=ORIENTED_EDGE('',*,*,#1373,.T.);
#1951=ORIENTED_EDGE('',*,*,#1376,.T.);
#1952=ORIENTED_EDGE('',*,*,#1379,.T.);
#1953=ORIENTED_EDGE('',*,*,#1357,.T.);
#1954=ORIENTED_EDGE('',*,*,#1361,.T.);
#1955=ORIENTED_EDGE('',*,*,#1364,.T.);
#1956=ORIENTED_EDGE('',*,*,#1367,.T.);
#1957=ORIENTED_EDGE('',*,*,#1345,.T.);
#1958=ORIENTED_EDGE('',*,*,#1349,.T.);
#1959=ORIENTED_EDGE('',*,*,#1352,.T.);
#1960=ORIENTED_EDGE('',*,*,#1355,.T.);
#1961=ORIENTED_EDGE('',*,*,#1333,.T.);
#1962=ORIENTED_EDGE('',*,*,#1337,.T.);
#1963=ORIENTED_EDGE('',*,*,#1340,.T.);
#1964=ORIENTED_EDGE('',*,*,#1343,.T.);
#1965=ORIENTED_EDGE('',*,*,#1321,.T.);
#1966=ORIENTED_EDGE('',*,*,#1325,.T.);
#1967=ORIENTED_EDGE('',*,*,#1328,.T.);
#1968=ORIENTED_EDGE('',*,*,#1331,.T.);
#1969=ORIENTED_EDGE('',*,*,#1309,.T.);
#1970=ORIENTED_EDGE('',*,*,#1313,.T.);
#1971=ORIENTED_EDGE('',*,*,#1316,.T.);
#1972=ORIENTED_EDGE('',*,*,#1319,.T.);
#1973=ORIENTED_EDGE('',*,*,#1297,.T.);
#1974=ORIENTED_EDGE('',*,*,#1301,.T.);
#1975=ORIENTED_EDGE('',*,*,#1304,.T.);
#1976=ORIENTED_EDGE('',*,*,#1307,.T.);
#1977=ORIENTED_EDGE('',*,*,#1285,.T.);
#1978=ORIENTED_EDGE('',*,*,#1289,.T.);
#1979=ORIENTED_EDGE('',*,*,#1292,.T.);
#1980=ORIENTED_EDGE('',*,*,#1295,.T.);
#1981=CYLINDRICAL_SURFACE('',#2211,0.75);
#1982=CYLINDRICAL_SURFACE('',#2215,0.75);
#1983=CYLINDRICAL_SURFACE('',#2219,0.75);
#1984=CYLINDRICAL_SURFACE('',#2223,0.75);
#1985=CYLINDRICAL_SURFACE('',#2227,0.75);
#1986=CYLINDRICAL_SURFACE('',#2231,0.75);
#1987=CYLINDRICAL_SURFACE('',#2235,0.75);
#1988=CYLINDRICAL_SURFACE('',#2239,0.75);
#1989=CYLINDRICAL_SURFACE('',#2243,0.75);
#1990=CYLINDRICAL_SURFACE('',#2247,0.75);
#1991=CYLINDRICAL_SURFACE('',#2251,0.75);
#1992=CYLINDRICAL_SURFACE('',#2255,0.75);
#1993=CYLINDRICAL_SURFACE('',#2259,0.75);
#1994=CYLINDRICAL_SURFACE('',#2263,0.75);
#1995=CYLINDRICAL_SURFACE('',#2267,0.75);
#1996=CYLINDRICAL_SURFACE('',#2271,0.75);
#1997=CYLINDRICAL_SURFACE('',#2275,0.75);
#1998=CYLINDRICAL_SURFACE('',#2279,0.75);
#1999=CYLINDRICAL_SURFACE('',#2283,0.75);
#2000=CYLINDRICAL_SURFACE('',#2287,0.75);
#2001=CYLINDRICAL_SURFACE('',#2291,0.75);
#2002=CYLINDRICAL_SURFACE('',#2295,0.75);
#2003=CYLINDRICAL_SURFACE('',#2299,0.75);
#2004=CYLINDRICAL_SURFACE('',#2303,0.75);
#2005=CYLINDRICAL_SURFACE('',#2307,0.75);
#2006=CYLINDRICAL_SURFACE('',#2311,0.75);
#2007=CYLINDRICAL_SURFACE('',#2315,0.75);
#2008=CYLINDRICAL_SURFACE('',#2319,0.75);
#2009=CYLINDRICAL_SURFACE('',#2323,0.75);
#2010=CYLINDRICAL_SURFACE('',#2327,0.75);
#2011=CYLINDRICAL_SURFACE('',#2331,0.75);
#2012=CYLINDRICAL_SURFACE('',#2335,0.75);
#2013=CYLINDRICAL_SURFACE('',#2339,0.75);
#2014=CYLINDRICAL_SURFACE('',#2343,0.75);
#2015=CYLINDRICAL_SURFACE('',#2347,0.75);
#2016=CYLINDRICAL_SURFACE('',#2351,0.75);
#2017=CYLINDRICAL_SURFACE('',#2355,0.75);
#2018=CYLINDRICAL_SURFACE('',#2359,0.75);
#2019=CYLINDRICAL_SURFACE('',#2363,0.75);
#2020=CYLINDRICAL_SURFACE('',#2367,0.75);
#2021=CYLINDRICAL_SURFACE('',#2371,0.75);
#2022=CYLINDRICAL_SURFACE('',#2375,0.75);
#2023=CYLINDRICAL_SURFACE('',#2379,0.75);
#2024=CYLINDRICAL_SURFACE('',#2383,0.75);
#2025=CYLINDRICAL_SURFACE('',#2387,0.75);
#2026=CYLINDRICAL_SURFACE('',#2391,0.75);
#2027=CYLINDRICAL_SURFACE('',#2395,0.75);
#2028=CYLINDRICAL_SURFACE('',#2399,0.75);
#2029=CYLINDRICAL_SURFACE('',#2403,0.75);
#2030=CYLINDRICAL_SURFACE('',#2407,0.75);
#2031=CYLINDRICAL_SURFACE('',#2412,2.99999999999999);
#2032=CYLINDRICAL_SURFACE('',#2416,3.00000000000001);
#2033=CYLINDRICAL_SURFACE('',#2420,2.99999999999999);
#2034=CYLINDRICAL_SURFACE('',#2424,3.00000000000001);
#2035=CYLINDRICAL_SURFACE('',#2428,2.99999999999999);
#2036=CYLINDRICAL_SURFACE('',#2432,3.00000000000001);
#2037=CYLINDRICAL_SURFACE('',#2436,2.99999999999999);
#2038=CYLINDRICAL_SURFACE('',#2440,3.00000000000001);
#2039=CYLINDRICAL_SURFACE('',#2444,2.99999999999999);
#2040=CYLINDRICAL_SURFACE('',#2448,3.00000000000001);
#2041=CYLINDRICAL_SURFACE('',#2452,2.99999999999999);
#2042=CYLINDRICAL_SURFACE('',#2456,3.00000000000001);
#2043=CYLINDRICAL_SURFACE('',#2460,2.99999999999999);
#2044=CYLINDRICAL_SURFACE('',#2464,3.00000000000001);
#2045=CYLINDRICAL_SURFACE('',#2468,2.99999999999999);
#2046=CYLINDRICAL_SURFACE('',#2472,3.00000000000001);
#2047=CYLINDRICAL_SURFACE('',#2476,2.99999999999999);
#2048=CYLINDRICAL_SURFACE('',#2480,3.00000000000001);
#2049=CYLINDRICAL_SURFACE('',#2484,2.99999999999999);
#2050=CYLINDRICAL_SURFACE('',#2488,3.00000000000001);
#2051=ADVANCED_FACE('',(#161),#1981,.F.);
#2052=ADVANCED_FACE('',(#162),#85,.F.);
#2053=ADVANCED_FACE('',(#163),#1982,.F.);
#2054=ADVANCED_FACE('',(#164),#86,.F.);
#2055=ADVANCED_FACE('',(#165),#1983,.F.);
#2056=ADVANCED_FACE('',(#166),#87,.F.);
#2057=ADVANCED_FACE('',(#167),#1984,.F.);
#2058=ADVANCED_FACE('',(#168),#88,.F.);
#2059=ADVANCED_FACE('',(#169),#1985,.F.);
#2060=ADVANCED_FACE('',(#170),#89,.F.);
#2061=ADVANCED_FACE('',(#171),#1986,.F.);
#2062=ADVANCED_FACE('',(#172),#90,.F.);
#2063=ADVANCED_FACE('',(#173),#1987,.F.);
#2064=ADVANCED_FACE('',(#174),#91,.F.);
#2065=ADVANCED_FACE('',(#175),#1988,.F.);
#2066=ADVANCED_FACE('',(#176),#92,.F.);
#2067=ADVANCED_FACE('',(#177),#1989,.F.);
#2068=ADVANCED_FACE('',(#178),#93,.F.);
#2069=ADVANCED_FACE('',(#179),#1990,.F.);
#2070=ADVANCED_FACE('',(#180),#94,.F.);
#2071=ADVANCED_FACE('',(#181),#1991,.F.);
#2072=ADVANCED_FACE('',(#182),#95,.F.);
#2073=ADVANCED_FACE('',(#183),#1992,.F.);
#2074=ADVANCED_FACE('',(#184),#96,.F.);
#2075=ADVANCED_FACE('',(#185),#1993,.F.);
#2076=ADVANCED_FACE('',(#186),#97,.F.);
#2077=ADVANCED_FACE('',(#187),#1994,.F.);
#2078=ADVANCED_FACE('',(#188),#98,.F.);
#2079=ADVANCED_FACE('',(#189),#1995,.F.);
#2080=ADVANCED_FACE('',(#190),#99,.F.);
#2081=ADVANCED_FACE('',(#191),#1996,.F.);
#2082=ADVANCED_FACE('',(#192),#100,.F.);
#2083=ADVANCED_FACE('',(#193),#1997,.F.);
#2084=ADVANCED_FACE('',(#194),#101,.F.);
#2085=ADVANCED_FACE('',(#195),#1998,.F.);
#2086=ADVANCED_FACE('',(#196),#102,.F.);
#2087=ADVANCED_FACE('',(#197),#1999,.F.);
#2088=ADVANCED_FACE('',(#198),#103,.F.);
#2089=ADVANCED_FACE('',(#199),#2000,.F.);
#2090=ADVANCED_FACE('',(#200),#104,.F.);
#2091=ADVANCED_FACE('',(#201),#2001,.F.);
#2092=ADVANCED_FACE('',(#202),#105,.F.);
#2093=ADVANCED_FACE('',(#203),#2002,.F.);
#2094=ADVANCED_FACE('',(#204),#106,.F.);
#2095=ADVANCED_FACE('',(#205),#2003,.F.);
#2096=ADVANCED_FACE('',(#206),#107,.F.);
#2097=ADVANCED_FACE('',(#207),#2004,.F.);
#2098=ADVANCED_FACE('',(#208),#108,.F.);
#2099=ADVANCED_FACE('',(#209),#2005,.F.);
#2100=ADVANCED_FACE('',(#210),#109,.F.);
#2101=ADVANCED_FACE('',(#211),#2006,.F.);
#2102=ADVANCED_FACE('',(#212),#110,.F.);
#2103=ADVANCED_FACE('',(#213),#2007,.F.);
#2104=ADVANCED_FACE('',(#214),#111,.F.);
#2105=ADVANCED_FACE('',(#215),#2008,.F.);
#2106=ADVANCED_FACE('',(#216),#112,.F.);
#2107=ADVANCED_FACE('',(#217),#2009,.F.);
#2108=ADVANCED_FACE('',(#218),#113,.F.);
#2109=ADVANCED_FACE('',(#219),#2010,.F.);
#2110=ADVANCED_FACE('',(#220),#114,.F.);
#2111=ADVANCED_FACE('',(#221),#2011,.F.);
#2112=ADVANCED_FACE('',(#222),#115,.F.);
#2113=ADVANCED_FACE('',(#223),#2012,.F.);
#2114=ADVANCED_FACE('',(#224),#116,.F.);
#2115=ADVANCED_FACE('',(#225),#2013,.F.);
#2116=ADVANCED_FACE('',(#226),#117,.F.);
#2117=ADVANCED_FACE('',(#227),#2014,.F.);
#2118=ADVANCED_FACE('',(#228),#118,.F.);
#2119=ADVANCED_FACE('',(#229),#2015,.F.);
#2120=ADVANCED_FACE('',(#230),#119,.F.);
#2121=ADVANCED_FACE('',(#231),#2016,.F.);
#2122=ADVANCED_FACE('',(#232),#120,.F.);
#2123=ADVANCED_FACE('',(#233),#2017,.F.);
#2124=ADVANCED_FACE('',(#234),#121,.F.);
#2125=ADVANCED_FACE('',(#235),#2018,.F.);
#2126=ADVANCED_FACE('',(#236),#122,.F.);
#2127=ADVANCED_FACE('',(#237),#2019,.F.);
#2128=ADVANCED_FACE('',(#238),#123,.F.);
#2129=ADVANCED_FACE('',(#239),#2020,.F.);
#2130=ADVANCED_FACE('',(#240),#124,.F.);
#2131=ADVANCED_FACE('',(#241),#2021,.F.);
#2132=ADVANCED_FACE('',(#242),#125,.F.);
#2133=ADVANCED_FACE('',(#243),#2022,.F.);
#2134=ADVANCED_FACE('',(#244),#126,.F.);
#2135=ADVANCED_FACE('',(#245),#2023,.F.);
#2136=ADVANCED_FACE('',(#246),#127,.F.);
#2137=ADVANCED_FACE('',(#247),#2024,.F.);
#2138=ADVANCED_FACE('',(#248),#128,.F.);
#2139=ADVANCED_FACE('',(#249),#2025,.F.);
#2140=ADVANCED_FACE('',(#250),#129,.F.);
#2141=ADVANCED_FACE('',(#251),#2026,.F.);
#2142=ADVANCED_FACE('',(#252),#130,.F.);
#2143=ADVANCED_FACE('',(#253),#2027,.F.);
#2144=ADVANCED_FACE('',(#254),#131,.F.);
#2145=ADVANCED_FACE('',(#255),#2028,.F.);
#2146=ADVANCED_FACE('',(#256),#132,.F.);
#2147=ADVANCED_FACE('',(#257),#2029,.F.);
#2148=ADVANCED_FACE('',(#258),#133,.F.);
#2149=ADVANCED_FACE('',(#259),#2030,.F.);
#2150=ADVANCED_FACE('',(#260),#134,.F.);
#2151=ADVANCED_FACE('',(#261),#135,.F.);
#2152=ADVANCED_FACE('',(#262),#2031,.F.);
#2153=ADVANCED_FACE('',(#263),#136,.F.);
#2154=ADVANCED_FACE('',(#264),#2032,.F.);
#2155=ADVANCED_FACE('',(#265),#137,.F.);
#2156=ADVANCED_FACE('',(#266),#2033,.F.);
#2157=ADVANCED_FACE('',(#267),#138,.F.);
#2158=ADVANCED_FACE('',(#268),#2034,.F.);
#2159=ADVANCED_FACE('',(#269),#139,.F.);
#2160=ADVANCED_FACE('',(#270),#2035,.F.);
#2161=ADVANCED_FACE('',(#271),#140,.F.);
#2162=ADVANCED_FACE('',(#272),#2036,.F.);
#2163=ADVANCED_FACE('',(#273),#141,.F.);
#2164=ADVANCED_FACE('',(#274),#2037,.F.);
#2165=ADVANCED_FACE('',(#275),#142,.F.);
#2166=ADVANCED_FACE('',(#276),#2038,.F.);
#2167=ADVANCED_FACE('',(#277),#143,.F.);
#2168=ADVANCED_FACE('',(#278),#2039,.F.);
#2169=ADVANCED_FACE('',(#279),#144,.F.);
#2170=ADVANCED_FACE('',(#280),#2040,.F.);
#2171=ADVANCED_FACE('',(#281),#145,.F.);
#2172=ADVANCED_FACE('',(#282),#2041,.F.);
#2173=ADVANCED_FACE('',(#283),#146,.F.);
#2174=ADVANCED_FACE('',(#284),#2042,.F.);
#2175=ADVANCED_FACE('',(#285),#147,.F.);
#2176=ADVANCED_FACE('',(#286),#2043,.F.);
#2177=ADVANCED_FACE('',(#287),#148,.F.);
#2178=ADVANCED_FACE('',(#288),#2044,.F.);
#2179=ADVANCED_FACE('',(#289),#149,.F.);
#2180=ADVANCED_FACE('',(#290),#2045,.F.);
#2181=ADVANCED_FACE('',(#291),#150,.F.);
#2182=ADVANCED_FACE('',(#292),#2046,.F.);
#2183=ADVANCED_FACE('',(#293),#151,.F.);
#2184=ADVANCED_FACE('',(#294),#2047,.F.);
#2185=ADVANCED_FACE('',(#295),#152,.F.);
#2186=ADVANCED_FACE('',(#296),#2048,.F.);
#2187=ADVANCED_FACE('',(#297),#153,.F.);
#2188=ADVANCED_FACE('',(#298),#2049,.F.);
#2189=ADVANCED_FACE('',(#299),#154,.F.);
#2190=ADVANCED_FACE('',(#300),#2050,.F.);
#2191=ADVANCED_FACE('',(#301),#155,.T.);
#2192=ADVANCED_FACE('',(#302,#15,#16,#17,#18,#19,#20,#21,#22,#23,#24,#25,
#26,#27,#28,#29,#30,#31,#32,#33,#34,#35,#36,#37,#38,#39,#40,#41,#42,#43,
#44,#45,#46,#47,#48,#49,#50,#51,#52,#53,#54,#55,#56,#57,#58,#59,#60,#61,
#62,#63,#64),#156,.T.);
#2193=ADVANCED_FACE('',(#303),#157,.T.);
#2194=ADVANCED_FACE('',(#304),#158,.T.);
#2195=ADVANCED_FACE('',(#305,#65,#66,#67,#68,#69,#70,#71,#72,#73,#74),#159,
 .T.);
#2196=ADVANCED_FACE('',(#306,#75,#76,#77,#78,#79,#80,#81,#82,#83,#84),#160,
 .F.);
#2197=CLOSED_SHELL('',(#2051,#2052,#2053,#2054,#2055,#2056,#2057,#2058,
#2059,#2060,#2061,#2062,#2063,#2064,#2065,#2066,#2067,#2068,#2069,#2070,
#2071,#2072,#2073,#2074,#2075,#2076,#2077,#2078,#2079,#2080,#2081,#2082,
#2083,#2084,#2085,#2086,#2087,#2088,#2089,#2090,#2091,#2092,#2093,#2094,
#2095,#2096,#2097,#2098,#2099,#2100,#2101,#2102,#2103,#2104,#2105,#2106,
#2107,#2108,#2109,#2110,#2111,#2112,#2113,#2114,#2115,#2116,#2117,#2118,
#2119,#2120,#2121,#2122,#2123,#2124,#2125,#2126,#2127,#2128,#2129,#2130,
#2131,#2132,#2133,#2134,#2135,#2136,#2137,#2138,#2139,#2140,#2141,#2142,
#2143,#2144,#2145,#2146,#2147,#2148,#2149,#2150,#2151,#2152,#2153,#2154,
#2155,#2156,#2157,#2158,#2159,#2160,#2161,#2162,#2163,#2164,#2165,#2166,
#2167,#2168,#2169,#2170,#2171,#2172,#2173,#2174,#2175,#2176,#2177,#2178,
#2179,#2180,#2181,#2182,#2183,#2184,#2185,#2186,#2187,#2188,#2189,#2190,
#2191,#2192,#2193,#2194,#2195,#2196));
#2198=DERIVED_UNIT_ELEMENT(#2200,1.);
#2199=DERIVED_UNIT_ELEMENT(#3835,-3.);
#2200=(
MASS_UNIT()
NAMED_UNIT(*)
SI_UNIT(.KILO.,.GRAM.)
);
#2201=DERIVED_UNIT((#2198,#2199));
#2202=MEASURE_REPRESENTATION_ITEM('density measure',
POSITIVE_RATIO_MEASURE(7850.),#2201);
#2203=PROPERTY_DEFINITION_REPRESENTATION(#2208,#2205);
#2204=PROPERTY_DEFINITION_REPRESENTATION(#2209,#2206);
#2205=REPRESENTATION('material name',(#2207),#3832);
#2206=REPRESENTATION('density',(#2202),#3832);
#2207=DESCRIPTIVE_REPRESENTATION_ITEM('Steel','Steel');
#2208=PROPERTY_DEFINITION('material property','material name',#3842);
#2209=PROPERTY_DEFINITION('material property','density of part',#3842);
#2210=AXIS2_PLACEMENT_3D('',#3213,#2497,#2498);
#2211=AXIS2_PLACEMENT_3D('',#3214,#2499,#2500);
#2212=AXIS2_PLACEMENT_3D('',#3216,#2501,#2502);
#2213=AXIS2_PLACEMENT_3D('',#3219,#2504,#2505);
#2214=AXIS2_PLACEMENT_3D('',#3220,#2506,#2507);
#2215=AXIS2_PLACEMENT_3D('',#3221,#2508,#2509);
#2216=AXIS2_PLACEMENT_3D('',#3223,#2510,#2511);
#2217=AXIS2_PLACEMENT_3D('',#3226,#2513,#2514);
#2218=AXIS2_PLACEMENT_3D('',#3227,#2515,#2516);
#2219=AXIS2_PLACEMENT_3D('',#3228,#2517,#2518);
#2220=AXIS2_PLACEMENT_3D('',#3230,#2519,#2520);
#2221=AXIS2_PLACEMENT_3D('',#3233,#2522,#2523);
#2222=AXIS2_PLACEMENT_3D('',#3234,#2524,#2525);
#2223=AXIS2_PLACEMENT_3D('',#3235,#2526,#2527);
#2224=AXIS2_PLACEMENT_3D('',#3237,#2528,#2529);
#2225=AXIS2_PLACEMENT_3D('',#3240,#2531,#2532);
#2226=AXIS2_PLACEMENT_3D('',#3241,#2533,#2534);
#2227=AXIS2_PLACEMENT_3D('',#3242,#2535,#2536);
#2228=AXIS2_PLACEMENT_3D('',#3244,#2537,#2538);
#2229=AXIS2_PLACEMENT_3D('',#3247,#2540,#2541);
#2230=AXIS2_PLACEMENT_3D('',#3248,#2542,#2543);
#2231=AXIS2_PLACEMENT_3D('',#3249,#2544,#2545);
#2232=AXIS2_PLACEMENT_3D('',#3251,#2546,#2547);
#2233=AXIS2_PLACEMENT_3D('',#3254,#2549,#2550);
#2234=AXIS2_PLACEMENT_3D('',#3255,#2551,#2552);
#2235=AXIS2_PLACEMENT_3D('',#3256,#2553,#2554);
#2236=AXIS2_PLACEMENT_3D('',#3258,#2555,#2556);
#2237=AXIS2_PLACEMENT_3D('',#3261,#2558,#2559);
#2238=AXIS2_PLACEMENT_3D('',#3262,#2560,#2561);
#2239=AXIS2_PLACEMENT_3D('',#3263,#2562,#2563);
#2240=AXIS2_PLACEMENT_3D('',#3265,#2564,#2565);
#2241=AXIS2_PLACEMENT_3D('',#3268,#2567,#2568);
#2242=AXIS2_PLACEMENT_3D('',#3269,#2569,#2570);
#2243=AXIS2_PLACEMENT_3D('',#3270,#2571,#2572);
#2244=AXIS2_PLACEMENT_3D('',#3272,#2573,#2574);
#2245=AXIS2_PLACEMENT_3D('',#3275,#2576,#2577);
#2246=AXIS2_PLACEMENT_3D('',#3276,#2578,#2579);
#2247=AXIS2_PLACEMENT_3D('',#3277,#2580,#2581);
#2248=AXIS2_PLACEMENT_3D('',#3279,#2582,#2583);
#2249=AXIS2_PLACEMENT_3D('',#3282,#2585,#2586);
#2250=AXIS2_PLACEMENT_3D('',#3283,#2587,#2588);
#2251=AXIS2_PLACEMENT_3D('',#3284,#2589,#2590);
#2252=AXIS2_PLACEMENT_3D('',#3286,#2591,#2592);
#2253=AXIS2_PLACEMENT_3D('',#3289,#2594,#2595);
#2254=AXIS2_PLACEMENT_3D('',#3290,#2596,#2597);
#2255=AXIS2_PLACEMENT_3D('',#3291,#2598,#2599);
#2256=AXIS2_PLACEMENT_3D('',#3293,#2600,#2601);
#2257=AXIS2_PLACEMENT_3D('',#3296,#2603,#2604);
#2258=AXIS2_PLACEMENT_3D('',#3297,#2605,#2606);
#2259=AXIS2_PLACEMENT_3D('',#3298,#2607,#2608);
#2260=AXIS2_PLACEMENT_3D('',#3300,#2609,#2610);
#2261=AXIS2_PLACEMENT_3D('',#3303,#2612,#2613);
#2262=AXIS2_PLACEMENT_3D('',#3304,#2614,#2615);
#2263=AXIS2_PLACEMENT_3D('',#3305,#2616,#2617);
#2264=AXIS2_PLACEMENT_3D('',#3307,#2618,#2619);
#2265=AXIS2_PLACEMENT_3D('',#3310,#2621,#2622);
#2266=AXIS2_PLACEMENT_3D('',#3311,#2623,#2624);
#2267=AXIS2_PLACEMENT_3D('',#3312,#2625,#2626);
#2268=AXIS2_PLACEMENT_3D('',#3314,#2627,#2628);
#2269=AXIS2_PLACEMENT_3D('',#3317,#2630,#2631);
#2270=AXIS2_PLACEMENT_3D('',#3318,#2632,#2633);
#2271=AXIS2_PLACEMENT_3D('',#3319,#2634,#2635);
#2272=AXIS2_PLACEMENT_3D('',#3321,#2636,#2637);
#2273=AXIS2_PLACEMENT_3D('',#3324,#2639,#2640);
#2274=AXIS2_PLACEMENT_3D('',#3325,#2641,#2642);
#2275=AXIS2_PLACEMENT_3D('',#3326,#2643,#2644);
#2276=AXIS2_PLACEMENT_3D('',#3328,#2645,#2646);
#2277=AXIS2_PLACEMENT_3D('',#3331,#2648,#2649);
#2278=AXIS2_PLACEMENT_3D('',#3332,#2650,#2651);
#2279=AXIS2_PLACEMENT_3D('',#3333,#2652,#2653);
#2280=AXIS2_PLACEMENT_3D('',#3335,#2654,#2655);
#2281=AXIS2_PLACEMENT_3D('',#3338,#2657,#2658);
#2282=AXIS2_PLACEMENT_3D('',#3339,#2659,#2660);
#2283=AXIS2_PLACEMENT_3D('',#3340,#2661,#2662);
#2284=AXIS2_PLACEMENT_3D('',#3342,#2663,#2664);
#2285=AXIS2_PLACEMENT_3D('',#3345,#2666,#2667);
#2286=AXIS2_PLACEMENT_3D('',#3346,#2668,#2669);
#2287=AXIS2_PLACEMENT_3D('',#3347,#2670,#2671);
#2288=AXIS2_PLACEMENT_3D('',#3349,#2672,#2673);
#2289=AXIS2_PLACEMENT_3D('',#3352,#2675,#2676);
#2290=AXIS2_PLACEMENT_3D('',#3353,#2677,#2678);
#2291=AXIS2_PLACEMENT_3D('',#3354,#2679,#2680);
#2292=AXIS2_PLACEMENT_3D('',#3356,#2681,#2682);
#2293=AXIS2_PLACEMENT_3D('',#3359,#2684,#2685);
#2294=AXIS2_PLACEMENT_3D('',#3360,#2686,#2687);
#2295=AXIS2_PLACEMENT_3D('',#3361,#2688,#2689);
#2296=AXIS2_PLACEMENT_3D('',#3363,#2690,#2691);
#2297=AXIS2_PLACEMENT_3D('',#3366,#2693,#2694);
#2298=AXIS2_PLACEMENT_3D('',#3367,#2695,#2696);
#2299=AXIS2_PLACEMENT_3D('',#3368,#2697,#2698);
#2300=AXIS2_PLACEMENT_3D('',#3370,#2699,#2700);
#2301=AXIS2_PLACEMENT_3D('',#3373,#2702,#2703);
#2302=AXIS2_PLACEMENT_3D('',#3374,#2704,#2705);
#2303=AXIS2_PLACEMENT_3D('',#3375,#2706,#2707);
#2304=AXIS2_PLACEMENT_3D('',#3377,#2708,#2709);
#2305=AXIS2_PLACEMENT_3D('',#3380,#2711,#2712);
#2306=AXIS2_PLACEMENT_3D('',#3381,#2713,#2714);
#2307=AXIS2_PLACEMENT_3D('',#3382,#2715,#2716);
#2308=AXIS2_PLACEMENT_3D('',#3384,#2717,#2718);
#2309=AXIS2_PLACEMENT_3D('',#3387,#2720,#2721);
#2310=AXIS2_PLACEMENT_3D('',#3388,#2722,#2723);
#2311=AXIS2_PLACEMENT_3D('',#3389,#2724,#2725);
#2312=AXIS2_PLACEMENT_3D('',#3391,#2726,#2727);
#2313=AXIS2_PLACEMENT_3D('',#3394,#2729,#2730);
#2314=AXIS2_PLACEMENT_3D('',#3395,#2731,#2732);
#2315=AXIS2_PLACEMENT_3D('',#3396,#2733,#2734);
#2316=AXIS2_PLACEMENT_3D('',#3398,#2735,#2736);
#2317=AXIS2_PLACEMENT_3D('',#3401,#2738,#2739);
#2318=AXIS2_PLACEMENT_3D('',#3402,#2740,#2741);
#2319=AXIS2_PLACEMENT_3D('',#3403,#2742,#2743);
#2320=AXIS2_PLACEMENT_3D('',#3405,#2744,#2745);
#2321=AXIS2_PLACEMENT_3D('',#3408,#2747,#2748);
#2322=AXIS2_PLACEMENT_3D('',#3409,#2749,#2750);
#2323=AXIS2_PLACEMENT_3D('',#3410,#2751,#2752);
#2324=AXIS2_PLACEMENT_3D('',#3412,#2753,#2754);
#2325=AXIS2_PLACEMENT_3D('',#3415,#2756,#2757);
#2326=AXIS2_PLACEMENT_3D('',#3416,#2758,#2759);
#2327=AXIS2_PLACEMENT_3D('',#3417,#2760,#2761);
#2328=AXIS2_PLACEMENT_3D('',#3419,#2762,#2763);
#2329=AXIS2_PLACEMENT_3D('',#3422,#2765,#2766);
#2330=AXIS2_PLACEMENT_3D('',#3423,#2767,#2768);
#2331=AXIS2_PLACEMENT_3D('',#3424,#2769,#2770);
#2332=AXIS2_PLACEMENT_3D('',#3426,#2771,#2772);
#2333=AXIS2_PLACEMENT_3D('',#3429,#2774,#2775);
#2334=AXIS2_PLACEMENT_3D('',#3430,#2776,#2777);
#2335=AXIS2_PLACEMENT_3D('',#3431,#2778,#2779);
#2336=AXIS2_PLACEMENT_3D('',#3433,#2780,#2781);
#2337=AXIS2_PLACEMENT_3D('',#3436,#2783,#2784);
#2338=AXIS2_PLACEMENT_3D('',#3437,#2785,#2786);
#2339=AXIS2_PLACEMENT_3D('',#3438,#2787,#2788);
#2340=AXIS2_PLACEMENT_3D('',#3440,#2789,#2790);
#2341=AXIS2_PLACEMENT_3D('',#3443,#2792,#2793);
#2342=AXIS2_PLACEMENT_3D('',#3444,#2794,#2795);
#2343=AXIS2_PLACEMENT_3D('',#3445,#2796,#2797);
#2344=AXIS2_PLACEMENT_3D('',#3447,#2798,#2799);
#2345=AXIS2_PLACEMENT_3D('',#3450,#2801,#2802);
#2346=AXIS2_PLACEMENT_3D('',#3451,#2803,#2804);
#2347=AXIS2_PLACEMENT_3D('',#3452,#2805,#2806);
#2348=AXIS2_PLACEMENT_3D('',#3454,#2807,#2808);
#2349=AXIS2_PLACEMENT_3D('',#3457,#2810,#2811);
#2350=AXIS2_PLACEMENT_3D('',#3458,#2812,#2813);
#2351=AXIS2_PLACEMENT_3D('',#3459,#2814,#2815);
#2352=AXIS2_PLACEMENT_3D('',#3461,#2816,#2817);
#2353=AXIS2_PLACEMENT_3D('',#3464,#2819,#2820);
#2354=AXIS2_PLACEMENT_3D('',#3465,#2821,#2822);
#2355=AXIS2_PLACEMENT_3D('',#3466,#2823,#2824);
#2356=AXIS2_PLACEMENT_3D('',#3468,#2825,#2826);
#2357=AXIS2_PLACEMENT_3D('',#3471,#2828,#2829);
#2358=AXIS2_PLACEMENT_3D('',#3472,#2830,#2831);
#2359=AXIS2_PLACEMENT_3D('',#3473,#2832,#2833);
#2360=AXIS2_PLACEMENT_3D('',#3475,#2834,#2835);
#2361=AXIS2_PLACEMENT_3D('',#3478,#2837,#2838);
#2362=AXIS2_PLACEMENT_3D('',#3479,#2839,#2840);
#2363=AXIS2_PLACEMENT_3D('',#3480,#2841,#2842);
#2364=AXIS2_PLACEMENT_3D('',#3482,#2843,#2844);
#2365=AXIS2_PLACEMENT_3D('',#3485,#2846,#2847);
#2366=AXIS2_PLACEMENT_3D('',#3486,#2848,#2849);
#2367=AXIS2_PLACEMENT_3D('',#3487,#2850,#2851);
#2368=AXIS2_PLACEMENT_3D('',#3489,#2852,#2853);
#2369=AXIS2_PLACEMENT_3D('',#3492,#2855,#2856);
#2370=AXIS2_PLACEMENT_3D('',#3493,#2857,#2858);
#2371=AXIS2_PLACEMENT_3D('',#3494,#2859,#2860);
#2372=AXIS2_PLACEMENT_3D('',#3496,#2861,#2862);
#2373=AXIS2_PLACEMENT_3D('',#3499,#2864,#2865);
#2374=AXIS2_PLACEMENT_3D('',#3500,#2866,#2867);
#2375=AXIS2_PLACEMENT_3D('',#3501,#2868,#2869);
#2376=AXIS2_PLACEMENT_3D('',#3503,#2870,#2871);
#2377=AXIS2_PLACEMENT_3D('',#3506,#2873,#2874);
#2378=AXIS2_PLACEMENT_3D('',#3507,#2875,#2876);
#2379=AXIS2_PLACEMENT_3D('',#3508,#2877,#2878);
#2380=AXIS2_PLACEMENT_3D('',#3510,#2879,#2880);
#2381=AXIS2_PLACEMENT_3D('',#3513,#2882,#2883);
#2382=AXIS2_PLACEMENT_3D('',#3514,#2884,#2885);
#2383=AXIS2_PLACEMENT_3D('',#3515,#2886,#2887);
#2384=AXIS2_PLACEMENT_3D('',#3517,#2888,#2889);
#2385=AXIS2_PLACEMENT_3D('',#3520,#2891,#2892);
#2386=AXIS2_PLACEMENT_3D('',#3521,#2893,#2894);
#2387=AXIS2_PLACEMENT_3D('',#3522,#2895,#2896);
#2388=AXIS2_PLACEMENT_3D('',#3524,#2897,#2898);
#2389=AXIS2_PLACEMENT_3D('',#3527,#2900,#2901);
#2390=AXIS2_PLACEMENT_3D('',#3528,#2902,#2903);
#2391=AXIS2_PLACEMENT_3D('',#3529,#2904,#2905);
#2392=AXIS2_PLACEMENT_3D('',#3531,#2906,#2907);
#2393=AXIS2_PLACEMENT_3D('',#3534,#2909,#2910);
#2394=AXIS2_PLACEMENT_3D('',#3535,#2911,#2912);
#2395=AXIS2_PLACEMENT_3D('',#3536,#2913,#2914);
#2396=AXIS2_PLACEMENT_3D('',#3538,#2915,#2916);
#2397=AXIS2_PLACEMENT_3D('',#3541,#2918,#2919);
#2398=AXIS2_PLACEMENT_3D('',#3542,#2920,#2921);
#2399=AXIS2_PLACEMENT_3D('',#3543,#2922,#2923);
#2400=AXIS2_PLACEMENT_3D('',#3545,#2924,#2925);
#2401=AXIS2_PLACEMENT_3D('',#3548,#2927,#2928);
#2402=AXIS2_PLACEMENT_3D('',#3549,#2929,#2930);
#2403=AXIS2_PLACEMENT_3D('',#3550,#2931,#2932);
#2404=AXIS2_PLACEMENT_3D('',#3552,#2933,#2934);
#2405=AXIS2_PLACEMENT_3D('',#3555,#2936,#2937);
#2406=AXIS2_PLACEMENT_3D('',#3556,#2938,#2939);
#2407=AXIS2_PLACEMENT_3D('',#3557,#2940,#2941);
#2408=AXIS2_PLACEMENT_3D('',#3559,#2942,#2943);
#2409=AXIS2_PLACEMENT_3D('',#3562,#2945,#2946);
#2410=AXIS2_PLACEMENT_3D('',#3563,#2947,#2948);
#2411=AXIS2_PLACEMENT_3D('',#3564,#2949,#2950);
#2412=AXIS2_PLACEMENT_3D('',#3573,#2955,#2956);
#2413=AXIS2_PLACEMENT_3D('',#3575,#2957,#2958);
#2414=AXIS2_PLACEMENT_3D('',#3577,#2959,#2960);
#2415=AXIS2_PLACEMENT_3D('',#3579,#2962,#2963);
#2416=AXIS2_PLACEMENT_3D('',#3585,#2967,#2968);
#2417=AXIS2_PLACEMENT_3D('',#3586,#2969,#2970);
#2418=AXIS2_PLACEMENT_3D('',#3587,#2971,#2972);
#2419=AXIS2_PLACEMENT_3D('',#3588,#2973,#2974);
#2420=AXIS2_PLACEMENT_3D('',#3597,#2979,#2980);
#2421=AXIS2_PLACEMENT_3D('',#3599,#2981,#2982);
#2422=AXIS2_PLACEMENT_3D('',#3601,#2983,#2984);
#2423=AXIS2_PLACEMENT_3D('',#3603,#2986,#2987);
#2424=AXIS2_PLACEMENT_3D('',#3609,#2991,#2992);
#2425=AXIS2_PLACEMENT_3D('',#3610,#2993,#2994);
#2426=AXIS2_PLACEMENT_3D('',#3611,#2995,#2996);
#2427=AXIS2_PLACEMENT_3D('',#3612,#2997,#2998);
#2428=AXIS2_PLACEMENT_3D('',#3621,#3003,#3004);
#2429=AXIS2_PLACEMENT_3D('',#3623,#3005,#3006);
#2430=AXIS2_PLACEMENT_3D('',#3625,#3007,#3008);
#2431=AXIS2_PLACEMENT_3D('',#3627,#3010,#3011);
#2432=AXIS2_PLACEMENT_3D('',#3633,#3015,#3016);
#2433=AXIS2_PLACEMENT_3D('',#3634,#3017,#3018);
#2434=AXIS2_PLACEMENT_3D('',#3635,#3019,#3020);
#2435=AXIS2_PLACEMENT_3D('',#3636,#3021,#3022);
#2436=AXIS2_PLACEMENT_3D('',#3645,#3027,#3028);
#2437=AXIS2_PLACEMENT_3D('',#3647,#3029,#3030);
#2438=AXIS2_PLACEMENT_3D('',#3649,#3031,#3032);
#2439=AXIS2_PLACEMENT_3D('',#3651,#3034,#3035);
#2440=AXIS2_PLACEMENT_3D('',#3657,#3039,#3040);
#2441=AXIS2_PLACEMENT_3D('',#3658,#3041,#3042);
#2442=AXIS2_PLACEMENT_3D('',#3659,#3043,#3044);
#2443=AXIS2_PLACEMENT_3D('',#3660,#3045,#3046);
#2444=AXIS2_PLACEMENT_3D('',#3669,#3051,#3052);
#2445=AXIS2_PLACEMENT_3D('',#3671,#3053,#3054);
#2446=AXIS2_PLACEMENT_3D('',#3673,#3055,#3056);
#2447=AXIS2_PLACEMENT_3D('',#3675,#3058,#3059);
#2448=AXIS2_PLACEMENT_3D('',#3681,#3063,#3064);
#2449=AXIS2_PLACEMENT_3D('',#3682,#3065,#3066);
#2450=AXIS2_PLACEMENT_3D('',#3683,#3067,#3068);
#2451=AXIS2_PLACEMENT_3D('',#3684,#3069,#3070);
#2452=AXIS2_PLACEMENT_3D('',#3693,#3075,#3076);
#2453=AXIS2_PLACEMENT_3D('',#3695,#3077,#3078);
#2454=AXIS2_PLACEMENT_3D('',#3697,#3079,#3080);
#2455=AXIS2_PLACEMENT_3D('',#3699,#3082,#3083);
#2456=AXIS2_PLACEMENT_3D('',#3705,#3087,#3088);
#2457=AXIS2_PLACEMENT_3D('',#3706,#3089,#3090);
#2458=AXIS2_PLACEMENT_3D('',#3707,#3091,#3092);
#2459=AXIS2_PLACEMENT_3D('',#3708,#3093,#3094);
#2460=AXIS2_PLACEMENT_3D('',#3717,#3099,#3100);
#2461=AXIS2_PLACEMENT_3D('',#3719,#3101,#3102);
#2462=AXIS2_PLACEMENT_3D('',#3721,#3103,#3104);
#2463=AXIS2_PLACEMENT_3D('',#3723,#3106,#3107);
#2464=AXIS2_PLACEMENT_3D('',#3729,#3111,#3112);
#2465=AXIS2_PLACEMENT_3D('',#3730,#3113,#3114);
#2466=AXIS2_PLACEMENT_3D('',#3731,#3115,#3116);
#2467=AXIS2_PLACEMENT_3D('',#3732,#3117,#3118);
#2468=AXIS2_PLACEMENT_3D('',#3741,#3123,#3124);
#2469=AXIS2_PLACEMENT_3D('',#3743,#3125,#3126);
#2470=AXIS2_PLACEMENT_3D('',#3745,#3127,#3128);
#2471=AXIS2_PLACEMENT_3D('',#3747,#3130,#3131);
#2472=AXIS2_PLACEMENT_3D('',#3753,#3135,#3136);
#2473=AXIS2_PLACEMENT_3D('',#3754,#3137,#3138);
#2474=AXIS2_PLACEMENT_3D('',#3755,#3139,#3140);
#2475=AXIS2_PLACEMENT_3D('',#3756,#3141,#3142);
#2476=AXIS2_PLACEMENT_3D('',#3765,#3147,#3148);
#2477=AXIS2_PLACEMENT_3D('',#3767,#3149,#3150);
#2478=AXIS2_PLACEMENT_3D('',#3769,#3151,#3152);
#2479=AXIS2_PLACEMENT_3D('',#3771,#3154,#3155);
#2480=AXIS2_PLACEMENT_3D('',#3777,#3159,#3160);
#2481=AXIS2_PLACEMENT_3D('',#3778,#3161,#3162);
#2482=AXIS2_PLACEMENT_3D('',#3779,#3163,#3164);
#2483=AXIS2_PLACEMENT_3D('',#3780,#3165,#3166);
#2484=AXIS2_PLACEMENT_3D('',#3789,#3171,#3172);
#2485=AXIS2_PLACEMENT_3D('',#3791,#3173,#3174);
#2486=AXIS2_PLACEMENT_3D('',#3793,#3175,#3176);
#2487=AXIS2_PLACEMENT_3D('',#3795,#3178,#3179);
#2488=AXIS2_PLACEMENT_3D('',#3801,#3183,#3184);
#2489=AXIS2_PLACEMENT_3D('',#3802,#3185,#3186);
#2490=AXIS2_PLACEMENT_3D('',#3803,#3187,#3188);
#2491=AXIS2_PLACEMENT_3D('',#3804,#3189,#3190);
#2492=AXIS2_PLACEMENT_3D('',#3813,#3195,#3196);
#2493=AXIS2_PLACEMENT_3D('',#3819,#3200,#3201);
#2494=AXIS2_PLACEMENT_3D('',#3825,#3205,#3206);
#2495=AXIS2_PLACEMENT_3D('',#3828,#3209,#3210);
#2496=AXIS2_PLACEMENT_3D('',#3829,#3211,#3212);
#2497=DIRECTION('axis',(0.,0.,1.));
#2498=DIRECTION('refdir',(1.,0.,0.));
#2499=DIRECTION('center_axis',(-1.,0.,0.));
#2500=DIRECTION('ref_axis',(0.,1.,0.));
#2501=DIRECTION('center_axis',(-1.,0.,0.));
#2502=DIRECTION('ref_axis',(0.,1.,0.));
#2503=DIRECTION('',(-1.,0.,0.));
#2504=DIRECTION('center_axis',(-1.,0.,0.));
#2505=DIRECTION('ref_axis',(0.,1.,0.));
#2506=DIRECTION('center_axis',(-1.,0.,0.));
#2507=DIRECTION('ref_axis',(0.,1.,0.));
#2508=DIRECTION('center_axis',(-1.,0.,0.));
#2509=DIRECTION('ref_axis',(0.,1.,0.));
#2510=DIRECTION('center_axis',(-1.,0.,0.));
#2511=DIRECTION('ref_axis',(0.,1.,0.));
#2512=DIRECTION('',(-1.,0.,0.));
#2513=DIRECTION('center_axis',(-1.,0.,0.));
#2514=DIRECTION('ref_axis',(0.,1.,0.));
#2515=DIRECTION('center_axis',(-1.,0.,0.));
#2516=DIRECTION('ref_axis',(0.,1.,0.));
#2517=DIRECTION('center_axis',(-1.,0.,0.));
#2518=DIRECTION('ref_axis',(0.,1.,0.));
#2519=DIRECTION('center_axis',(-1.,0.,0.));
#2520=DIRECTION('ref_axis',(0.,1.,0.));
#2521=DIRECTION('',(-1.,0.,0.));
#2522=DIRECTION('center_axis',(-1.,0.,0.));
#2523=DIRECTION('ref_axis',(0.,1.,0.));
#2524=DIRECTION('center_axis',(-1.,0.,0.));
#2525=DIRECTION('ref_axis',(0.,1.,0.));
#2526=DIRECTION('center_axis',(-1.,0.,0.));
#2527=DIRECTION('ref_axis',(0.,1.,0.));
#2528=DIRECTION('center_axis',(-1.,0.,0.));
#2529=DIRECTION('ref_axis',(0.,1.,0.));
#2530=DIRECTION('',(-1.,0.,0.));
#2531=DIRECTION('center_axis',(-1.,0.,0.));
#2532=DIRECTION('ref_axis',(0.,1.,0.));
#2533=DIRECTION('center_axis',(-1.,0.,0.));
#2534=DIRECTION('ref_axis',(0.,1.,0.));
#2535=DIRECTION('center_axis',(-1.,0.,0.));
#2536=DIRECTION('ref_axis',(0.,1.,0.));
#2537=DIRECTION('center_axis',(-1.,0.,0.));
#2538=DIRECTION('ref_axis',(0.,1.,0.));
#2539=DIRECTION('',(-1.,0.,0.));
#2540=DIRECTION('center_axis',(-1.,0.,0.));
#2541=DIRECTION('ref_axis',(0.,1.,0.));
#2542=DIRECTION('center_axis',(-1.,0.,0.));
#2543=DIRECTION('ref_axis',(0.,1.,0.));
#2544=DIRECTION('center_axis',(-1.,0.,0.));
#2545=DIRECTION('ref_axis',(0.,1.,0.));
#2546=DIRECTION('center_axis',(-1.,0.,0.));
#2547=DIRECTION('ref_axis',(0.,1.,0.));
#2548=DIRECTION('',(-1.,0.,0.));
#2549=DIRECTION('center_axis',(-1.,0.,0.));
#2550=DIRECTION('ref_axis',(0.,1.,0.));
#2551=DIRECTION('center_axis',(-1.,0.,0.));
#2552=DIRECTION('ref_axis',(0.,1.,0.));
#2553=DIRECTION('center_axis',(-1.,0.,0.));
#2554=DIRECTION('ref_axis',(0.,1.,0.));
#2555=DIRECTION('center_axis',(-1.,0.,0.));
#2556=DIRECTION('ref_axis',(0.,1.,0.));
#2557=DIRECTION('',(-1.,0.,0.));
#2558=DIRECTION('center_axis',(-1.,0.,0.));
#2559=DIRECTION('ref_axis',(0.,1.,0.));
#2560=DIRECTION('center_axis',(-1.,0.,0.));
#2561=DIRECTION('ref_axis',(0.,1.,0.));
#2562=DIRECTION('center_axis',(-1.,0.,0.));
#2563=DIRECTION('ref_axis',(0.,1.,0.));
#2564=DIRECTION('center_axis',(-1.,0.,0.));
#2565=DIRECTION('ref_axis',(0.,1.,0.));
#2566=DIRECTION('',(-1.,0.,0.));
#2567=DIRECTION('center_axis',(-1.,0.,0.));
#2568=DIRECTION('ref_axis',(0.,1.,0.));
#2569=DIRECTION('center_axis',(-1.,0.,0.));
#2570=DIRECTION('ref_axis',(0.,1.,0.));
#2571=DIRECTION('center_axis',(-1.,0.,0.));
#2572=DIRECTION('ref_axis',(0.,1.,0.));
#2573=DIRECTION('center_axis',(-1.,0.,0.));
#2574=DIRECTION('ref_axis',(0.,1.,0.));
#2575=DIRECTION('',(-1.,0.,0.));
#2576=DIRECTION('center_axis',(-1.,0.,0.));
#2577=DIRECTION('ref_axis',(0.,1.,0.));
#2578=DIRECTION('center_axis',(-1.,0.,0.));
#2579=DIRECTION('ref_axis',(0.,1.,0.));
#2580=DIRECTION('center_axis',(-1.,0.,0.));
#2581=DIRECTION('ref_axis',(0.,1.,0.));
#2582=DIRECTION('center_axis',(-1.,0.,0.));
#2583=DIRECTION('ref_axis',(0.,1.,0.));
#2584=DIRECTION('',(-1.,0.,0.));
#2585=DIRECTION('center_axis',(-1.,0.,0.));
#2586=DIRECTION('ref_axis',(0.,1.,0.));
#2587=DIRECTION('center_axis',(-1.,0.,0.));
#2588=DIRECTION('ref_axis',(0.,1.,0.));
#2589=DIRECTION('center_axis',(-1.,0.,0.));
#2590=DIRECTION('ref_axis',(0.,1.,0.));
#2591=DIRECTION('center_axis',(-1.,0.,0.));
#2592=DIRECTION('ref_axis',(0.,1.,0.));
#2593=DIRECTION('',(-1.,0.,0.));
#2594=DIRECTION('center_axis',(-1.,0.,0.));
#2595=DIRECTION('ref_axis',(0.,1.,0.));
#2596=DIRECTION('center_axis',(-1.,0.,0.));
#2597=DIRECTION('ref_axis',(0.,1.,0.));
#2598=DIRECTION('center_axis',(-1.,0.,0.));
#2599=DIRECTION('ref_axis',(0.,1.,0.));
#2600=DIRECTION('center_axis',(-1.,0.,0.));
#2601=DIRECTION('ref_axis',(0.,1.,0.));
#2602=DIRECTION('',(-1.,0.,0.));
#2603=DIRECTION('center_axis',(-1.,0.,0.));
#2604=DIRECTION('ref_axis',(0.,1.,0.));
#2605=DIRECTION('center_axis',(-1.,0.,0.));
#2606=DIRECTION('ref_axis',(0.,1.,0.));
#2607=DIRECTION('center_axis',(-1.,0.,0.));
#2608=DIRECTION('ref_axis',(0.,1.,0.));
#2609=DIRECTION('center_axis',(-1.,0.,0.));
#2610=DIRECTION('ref_axis',(0.,1.,0.));
#2611=DIRECTION('',(-1.,0.,0.));
#2612=DIRECTION('center_axis',(-1.,0.,0.));
#2613=DIRECTION('ref_axis',(0.,1.,0.));
#2614=DIRECTION('center_axis',(-1.,0.,0.));
#2615=DIRECTION('ref_axis',(0.,1.,0.));
#2616=DIRECTION('center_axis',(-1.,0.,0.));
#2617=DIRECTION('ref_axis',(0.,1.,0.));
#2618=DIRECTION('center_axis',(-1.,0.,0.));
#2619=DIRECTION('ref_axis',(0.,1.,0.));
#2620=DIRECTION('',(-1.,0.,0.));
#2621=DIRECTION('center_axis',(-1.,0.,0.));
#2622=DIRECTION('ref_axis',(0.,1.,0.));
#2623=DIRECTION('center_axis',(-1.,0.,0.));
#2624=DIRECTION('ref_axis',(0.,1.,0.));
#2625=DIRECTION('center_axis',(-1.,0.,0.));
#2626=DIRECTION('ref_axis',(0.,1.,0.));
#2627=DIRECTION('center_axis',(-1.,0.,0.));
#2628=DIRECTION('ref_axis',(0.,1.,0.));
#2629=DIRECTION('',(-1.,0.,0.));
#2630=DIRECTION('center_axis',(-1.,0.,0.));
#2631=DIRECTION('ref_axis',(0.,1.,0.));
#2632=DIRECTION('center_axis',(-1.,0.,0.));
#2633=DIRECTION('ref_axis',(0.,1.,0.));
#2634=DIRECTION('center_axis',(-1.,0.,0.));
#2635=DIRECTION('ref_axis',(0.,1.,0.));
#2636=DIRECTION('center_axis',(-1.,0.,0.));
#2637=DIRECTION('ref_axis',(0.,1.,0.));
#2638=DIRECTION('',(-1.,0.,0.));
#2639=DIRECTION('center_axis',(-1.,0.,0.));
#2640=DIRECTION('ref_axis',(0.,1.,0.));
#2641=DIRECTION('center_axis',(-1.,0.,0.));
#2642=DIRECTION('ref_axis',(0.,1.,0.));
#2643=DIRECTION('center_axis',(-1.,0.,0.));
#2644=DIRECTION('ref_axis',(0.,1.,0.));
#2645=DIRECTION('center_axis',(-1.,0.,0.));
#2646=DIRECTION('ref_axis',(0.,1.,0.));
#2647=DIRECTION('',(-1.,0.,0.));
#2648=DIRECTION('center_axis',(-1.,0.,0.));
#2649=DIRECTION('ref_axis',(0.,1.,0.));
#2650=DIRECTION('center_axis',(-1.,0.,0.));
#2651=DIRECTION('ref_axis',(0.,1.,0.));
#2652=DIRECTION('center_axis',(-1.,0.,0.));
#2653=DIRECTION('ref_axis',(0.,1.,0.));
#2654=DIRECTION('center_axis',(-1.,0.,0.));
#2655=DIRECTION('ref_axis',(0.,1.,0.));
#2656=DIRECTION('',(-1.,0.,0.));
#2657=DIRECTION('center_axis',(-1.,0.,0.));
#2658=DIRECTION('ref_axis',(0.,1.,0.));
#2659=DIRECTION('center_axis',(-1.,0.,0.));
#2660=DIRECTION('ref_axis',(0.,1.,0.));
#2661=DIRECTION('center_axis',(-1.,0.,0.));
#2662=DIRECTION('ref_axis',(0.,1.,0.));
#2663=DIRECTION('center_axis',(-1.,0.,0.));
#2664=DIRECTION('ref_axis',(0.,1.,0.));
#2665=DIRECTION('',(-1.,0.,0.));
#2666=DIRECTION('center_axis',(-1.,0.,0.));
#2667=DIRECTION('ref_axis',(0.,1.,0.));
#2668=DIRECTION('center_axis',(-1.,0.,0.));
#2669=DIRECTION('ref_axis',(0.,1.,0.));
#2670=DIRECTION('center_axis',(-1.,0.,0.));
#2671=DIRECTION('ref_axis',(0.,1.,0.));
#2672=DIRECTION('center_axis',(-1.,0.,0.));
#2673=DIRECTION('ref_axis',(0.,1.,0.));
#2674=DIRECTION('',(-1.,0.,0.));
#2675=DIRECTION('center_axis',(-1.,0.,0.));
#2676=DIRECTION('ref_axis',(0.,1.,0.));
#2677=DIRECTION('center_axis',(-1.,0.,0.));
#2678=DIRECTION('ref_axis',(0.,1.,0.));
#2679=DIRECTION('center_axis',(-1.,0.,0.));
#2680=DIRECTION('ref_axis',(0.,1.,0.));
#2681=DIRECTION('center_axis',(-1.,0.,0.));
#2682=DIRECTION('ref_axis',(0.,1.,0.));
#2683=DIRECTION('',(-1.,0.,0.));
#2684=DIRECTION('center_axis',(-1.,0.,0.));
#2685=DIRECTION('ref_axis',(0.,1.,0.));
#2686=DIRECTION('center_axis',(-1.,0.,0.));
#2687=DIRECTION('ref_axis',(0.,1.,0.));
#2688=DIRECTION('center_axis',(-1.,0.,0.));
#2689=DIRECTION('ref_axis',(0.,1.,0.));
#2690=DIRECTION('center_axis',(-1.,0.,0.));
#2691=DIRECTION('ref_axis',(0.,1.,0.));
#2692=DIRECTION('',(-1.,0.,0.));
#2693=DIRECTION('center_axis',(-1.,0.,0.));
#2694=DIRECTION('ref_axis',(0.,1.,0.));
#2695=DIRECTION('center_axis',(-1.,0.,0.));
#2696=DIRECTION('ref_axis',(0.,1.,0.));
#2697=DIRECTION('center_axis',(-1.,0.,0.));
#2698=DIRECTION('ref_axis',(0.,1.,0.));
#2699=DIRECTION('center_axis',(-1.,0.,0.));
#2700=DIRECTION('ref_axis',(0.,1.,0.));
#2701=DIRECTION('',(-1.,0.,0.));
#2702=DIRECTION('center_axis',(-1.,0.,0.));
#2703=DIRECTION('ref_axis',(0.,1.,0.));
#2704=DIRECTION('center_axis',(-1.,0.,0.));
#2705=DIRECTION('ref_axis',(0.,1.,0.));
#2706=DIRECTION('center_axis',(-1.,0.,0.));
#2707=DIRECTION('ref_axis',(0.,1.,0.));
#2708=DIRECTION('center_axis',(-1.,0.,0.));
#2709=DIRECTION('ref_axis',(0.,1.,0.));
#2710=DIRECTION('',(-1.,0.,0.));
#2711=DIRECTION('center_axis',(-1.,0.,0.));
#2712=DIRECTION('ref_axis',(0.,1.,0.));
#2713=DIRECTION('center_axis',(-1.,0.,0.));
#2714=DIRECTION('ref_axis',(0.,1.,0.));
#2715=DIRECTION('center_axis',(-1.,0.,0.));
#2716=DIRECTION('ref_axis',(0.,1.,0.));
#2717=DIRECTION('center_axis',(-1.,0.,0.));
#2718=DIRECTION('ref_axis',(0.,1.,0.));
#2719=DIRECTION('',(-1.,0.,0.));
#2720=DIRECTION('center_axis',(-1.,0.,0.));
#2721=DIRECTION('ref_axis',(0.,1.,0.));
#2722=DIRECTION('center_axis',(-1.,0.,0.));
#2723=DIRECTION('ref_axis',(0.,1.,0.));
#2724=DIRECTION('center_axis',(-1.,0.,0.));
#2725=DIRECTION('ref_axis',(0.,1.,0.));
#2726=DIRECTION('center_axis',(-1.,0.,0.));
#2727=DIRECTION('ref_axis',(0.,1.,0.));
#2728=DIRECTION('',(-1.,0.,0.));
#2729=DIRECTION('center_axis',(-1.,0.,0.));
#2730=DIRECTION('ref_axis',(0.,1.,0.));
#2731=DIRECTION('center_axis',(-1.,0.,0.));
#2732=DIRECTION('ref_axis',(0.,1.,0.));
#2733=DIRECTION('center_axis',(-1.,0.,0.));
#2734=DIRECTION('ref_axis',(0.,1.,0.));
#2735=DIRECTION('center_axis',(-1.,0.,0.));
#2736=DIRECTION('ref_axis',(0.,1.,0.));
#2737=DIRECTION('',(-1.,0.,0.));
#2738=DIRECTION('center_axis',(-1.,0.,0.));
#2739=DIRECTION('ref_axis',(0.,1.,0.));
#2740=DIRECTION('center_axis',(-1.,0.,0.));
#2741=DIRECTION('ref_axis',(0.,1.,0.));
#2742=DIRECTION('center_axis',(-1.,0.,0.));
#2743=DIRECTION('ref_axis',(0.,1.,0.));
#2744=DIRECTION('center_axis',(-1.,0.,0.));
#2745=DIRECTION('ref_axis',(0.,1.,0.));
#2746=DIRECTION('',(-1.,0.,0.));
#2747=DIRECTION('center_axis',(-1.,0.,0.));
#2748=DIRECTION('ref_axis',(0.,1.,0.));
#2749=DIRECTION('center_axis',(-1.,0.,0.));
#2750=DIRECTION('ref_axis',(0.,1.,0.));
#2751=DIRECTION('center_axis',(-1.,0.,0.));
#2752=DIRECTION('ref_axis',(0.,1.,0.));
#2753=DIRECTION('center_axis',(-1.,0.,0.));
#2754=DIRECTION('ref_axis',(0.,1.,0.));
#2755=DIRECTION('',(-1.,0.,0.));
#2756=DIRECTION('center_axis',(-1.,0.,0.));
#2757=DIRECTION('ref_axis',(0.,1.,0.));
#2758=DIRECTION('center_axis',(-1.,0.,0.));
#2759=DIRECTION('ref_axis',(0.,1.,0.));
#2760=DIRECTION('center_axis',(-1.,0.,0.));
#2761=DIRECTION('ref_axis',(0.,1.,0.));
#2762=DIRECTION('center_axis',(-1.,0.,0.));
#2763=DIRECTION('ref_axis',(0.,1.,0.));
#2764=DIRECTION('',(-1.,0.,0.));
#2765=DIRECTION('center_axis',(-1.,0.,0.));
#2766=DIRECTION('ref_axis',(0.,1.,0.));
#2767=DIRECTION('center_axis',(-1.,0.,0.));
#2768=DIRECTION('ref_axis',(0.,1.,0.));
#2769=DIRECTION('center_axis',(-1.,0.,0.));
#2770=DIRECTION('ref_axis',(0.,1.,0.));
#2771=DIRECTION('center_axis',(-1.,0.,0.));
#2772=DIRECTION('ref_axis',(0.,1.,0.));
#2773=DIRECTION('',(-1.,0.,0.));
#2774=DIRECTION('center_axis',(-1.,0.,0.));
#2775=DIRECTION('ref_axis',(0.,1.,0.));
#2776=DIRECTION('center_axis',(-1.,0.,0.));
#2777=DIRECTION('ref_axis',(0.,1.,0.));
#2778=DIRECTION('center_axis',(-1.,0.,0.));
#2779=DIRECTION('ref_axis',(0.,1.,0.));
#2780=DIRECTION('center_axis',(-1.,0.,0.));
#2781=DIRECTION('ref_axis',(0.,1.,0.));
#2782=DIRECTION('',(-1.,0.,0.));
#2783=DIRECTION('center_axis',(-1.,0.,0.));
#2784=DIRECTION('ref_axis',(0.,1.,0.));
#2785=DIRECTION('center_axis',(-1.,0.,0.));
#2786=DIRECTION('ref_axis',(0.,1.,0.));
#2787=DIRECTION('center_axis',(-1.,0.,0.));
#2788=DIRECTION('ref_axis',(0.,1.,0.));
#2789=DIRECTION('center_axis',(-1.,0.,0.));
#2790=DIRECTION('ref_axis',(0.,1.,0.));
#2791=DIRECTION('',(-1.,0.,0.));
#2792=DIRECTION('center_axis',(-1.,0.,0.));
#2793=DIRECTION('ref_axis',(0.,1.,0.));
#2794=DIRECTION('center_axis',(-1.,0.,0.));
#2795=DIRECTION('ref_axis',(0.,1.,0.));
#2796=DIRECTION('center_axis',(-1.,0.,0.));
#2797=DIRECTION('ref_axis',(0.,1.,0.));
#2798=DIRECTION('center_axis',(-1.,0.,0.));
#2799=DIRECTION('ref_axis',(0.,1.,0.));
#2800=DIRECTION('',(-1.,0.,0.));
#2801=DIRECTION('center_axis',(-1.,0.,0.));
#2802=DIRECTION('ref_axis',(0.,1.,0.));
#2803=DIRECTION('center_axis',(-1.,0.,0.));
#2804=DIRECTION('ref_axis',(0.,1.,0.));
#2805=DIRECTION('center_axis',(-1.,0.,0.));
#2806=DIRECTION('ref_axis',(0.,1.,0.));
#2807=DIRECTION('center_axis',(-1.,0.,0.));
#2808=DIRECTION('ref_axis',(0.,1.,0.));
#2809=DIRECTION('',(-1.,0.,0.));
#2810=DIRECTION('center_axis',(-1.,0.,0.));
#2811=DIRECTION('ref_axis',(0.,1.,0.));
#2812=DIRECTION('center_axis',(-1.,0.,0.));
#2813=DIRECTION('ref_axis',(0.,1.,0.));
#2814=DIRECTION('center_axis',(-1.,0.,0.));
#2815=DIRECTION('ref_axis',(0.,1.,0.));
#2816=DIRECTION('center_axis',(-1.,0.,0.));
#2817=DIRECTION('ref_axis',(0.,1.,0.));
#2818=DIRECTION('',(-1.,0.,0.));
#2819=DIRECTION('center_axis',(-1.,0.,0.));
#2820=DIRECTION('ref_axis',(0.,1.,0.));
#2821=DIRECTION('center_axis',(-1.,0.,0.));
#2822=DIRECTION('ref_axis',(0.,1.,0.));
#2823=DIRECTION('center_axis',(-1.,0.,0.));
#2824=DIRECTION('ref_axis',(0.,1.,0.));
#2825=DIRECTION('center_axis',(-1.,0.,0.));
#2826=DIRECTION('ref_axis',(0.,1.,0.));
#2827=DIRECTION('',(-1.,0.,0.));
#2828=DIRECTION('center_axis',(-1.,0.,0.));
#2829=DIRECTION('ref_axis',(0.,1.,0.));
#2830=DIRECTION('center_axis',(-1.,0.,0.));
#2831=DIRECTION('ref_axis',(0.,1.,0.));
#2832=DIRECTION('center_axis',(-1.,0.,0.));
#2833=DIRECTION('ref_axis',(0.,1.,0.));
#2834=DIRECTION('center_axis',(-1.,0.,0.));
#2835=DIRECTION('ref_axis',(0.,1.,0.));
#2836=DIRECTION('',(-1.,0.,0.));
#2837=DIRECTION('center_axis',(-1.,0.,0.));
#2838=DIRECTION('ref_axis',(0.,1.,0.));
#2839=DIRECTION('center_axis',(-1.,0.,0.));
#2840=DIRECTION('ref_axis',(0.,1.,0.));
#2841=DIRECTION('center_axis',(-1.,0.,0.));
#2842=DIRECTION('ref_axis',(0.,1.,0.));
#2843=DIRECTION('center_axis',(-1.,0.,0.));
#2844=DIRECTION('ref_axis',(0.,1.,0.));
#2845=DIRECTION('',(-1.,0.,0.));
#2846=DIRECTION('center_axis',(-1.,0.,0.));
#2847=DIRECTION('ref_axis',(0.,1.,0.));
#2848=DIRECTION('center_axis',(-1.,0.,0.));
#2849=DIRECTION('ref_axis',(0.,1.,0.));
#2850=DIRECTION('center_axis',(-1.,0.,0.));
#2851=DIRECTION('ref_axis',(0.,1.,0.));
#2852=DIRECTION('center_axis',(-1.,0.,0.));
#2853=DIRECTION('ref_axis',(0.,1.,0.));
#2854=DIRECTION('',(-1.,0.,0.));
#2855=DIRECTION('center_axis',(-1.,0.,0.));
#2856=DIRECTION('ref_axis',(0.,1.,0.));
#2857=DIRECTION('center_axis',(-1.,0.,0.));
#2858=DIRECTION('ref_axis',(0.,1.,0.));
#2859=DIRECTION('center_axis',(-1.,0.,0.));
#2860=DIRECTION('ref_axis',(0.,1.,0.));
#2861=DIRECTION('center_axis',(-1.,0.,0.));
#2862=DIRECTION('ref_axis',(0.,1.,0.));
#2863=DIRECTION('',(-1.,0.,0.));
#2864=DIRECTION('center_axis',(-1.,0.,0.));
#2865=DIRECTION('ref_axis',(0.,1.,0.));
#2866=DIRECTION('center_axis',(-1.,0.,0.));
#2867=DIRECTION('ref_axis',(0.,1.,0.));
#2868=DIRECTION('center_axis',(-1.,0.,0.));
#2869=DIRECTION('ref_axis',(0.,1.,0.));
#2870=DIRECTION('center_axis',(-1.,0.,0.));
#2871=DIRECTION('ref_axis',(0.,1.,0.));
#2872=DIRECTION('',(-1.,0.,0.));
#2873=DIRECTION('center_axis',(-1.,0.,0.));
#2874=DIRECTION('ref_axis',(0.,1.,0.));
#2875=DIRECTION('center_axis',(-1.,0.,0.));
#2876=DIRECTION('ref_axis',(0.,1.,0.));
#2877=DIRECTION('center_axis',(-1.,0.,0.));
#2878=DIRECTION('ref_axis',(0.,1.,0.));
#2879=DIRECTION('center_axis',(-1.,0.,0.));
#2880=DIRECTION('ref_axis',(0.,1.,0.));
#2881=DIRECTION('',(-1.,0.,0.));
#2882=DIRECTION('center_axis',(-1.,0.,0.));
#2883=DIRECTION('ref_axis',(0.,1.,0.));
#2884=DIRECTION('center_axis',(-1.,0.,0.));
#2885=DIRECTION('ref_axis',(0.,1.,0.));
#2886=DIRECTION('center_axis',(-1.,0.,0.));
#2887=DIRECTION('ref_axis',(0.,1.,0.));
#2888=DIRECTION('center_axis',(-1.,0.,0.));
#2889=DIRECTION('ref_axis',(0.,1.,0.));
#2890=DIRECTION('',(-1.,0.,0.));
#2891=DIRECTION('center_axis',(-1.,0.,0.));
#2892=DIRECTION('ref_axis',(0.,1.,0.));
#2893=DIRECTION('center_axis',(-1.,0.,0.));
#2894=DIRECTION('ref_axis',(0.,1.,0.));
#2895=DIRECTION('center_axis',(-1.,0.,0.));
#2896=DIRECTION('ref_axis',(0.,1.,0.));
#2897=DIRECTION('center_axis',(-1.,0.,0.));
#2898=DIRECTION('ref_axis',(0.,1.,0.));
#2899=DIRECTION('',(-1.,0.,0.));
#2900=DIRECTION('center_axis',(-1.,0.,0.));
#2901=DIRECTION('ref_axis',(0.,1.,0.));
#2902=DIRECTION('center_axis',(-1.,0.,0.));
#2903=DIRECTION('ref_axis',(0.,1.,0.));
#2904=DIRECTION('center_axis',(-1.,0.,0.));
#2905=DIRECTION('ref_axis',(0.,1.,0.));
#2906=DIRECTION('center_axis',(-1.,0.,0.));
#2907=DIRECTION('ref_axis',(0.,1.,0.));
#2908=DIRECTION('',(-1.,0.,0.));
#2909=DIRECTION('center_axis',(-1.,0.,0.));
#2910=DIRECTION('ref_axis',(0.,1.,0.));
#2911=DIRECTION('center_axis',(-1.,0.,0.));
#2912=DIRECTION('ref_axis',(0.,1.,0.));
#2913=DIRECTION('center_axis',(-1.,0.,0.));
#2914=DIRECTION('ref_axis',(0.,1.,0.));
#2915=DIRECTION('center_axis',(-1.,0.,0.));
#2916=DIRECTION('ref_axis',(0.,1.,0.));
#2917=DIRECTION('',(-1.,0.,0.));
#2918=DIRECTION('center_axis',(-1.,0.,0.));
#2919=DIRECTION('ref_axis',(0.,1.,0.));
#2920=DIRECTION('center_axis',(-1.,0.,0.));
#2921=DIRECTION('ref_axis',(0.,1.,0.));
#2922=DIRECTION('center_axis',(-1.,0.,0.));
#2923=DIRECTION('ref_axis',(0.,1.,0.));
#2924=DIRECTION('center_axis',(-1.,0.,0.));
#2925=DIRECTION('ref_axis',(0.,1.,0.));
#2926=DIRECTION('',(-1.,0.,0.));
#2927=DIRECTION('center_axis',(-1.,0.,0.));
#2928=DIRECTION('ref_axis',(0.,1.,0.));
#2929=DIRECTION('center_axis',(-1.,0.,0.));
#2930=DIRECTION('ref_axis',(0.,1.,0.));
#2931=DIRECTION('center_axis',(-1.,0.,0.));
#2932=DIRECTION('ref_axis',(0.,1.,0.));
#2933=DIRECTION('center_axis',(-1.,0.,0.));
#2934=DIRECTION('ref_axis',(0.,1.,0.));
#2935=DIRECTION('',(-1.,0.,0.));
#2936=DIRECTION('center_axis',(-1.,0.,0.));
#2937=DIRECTION('ref_axis',(0.,1.,0.));
#2938=DIRECTION('center_axis',(-1.,0.,0.));
#2939=DIRECTION('ref_axis',(0.,1.,0.));
#2940=DIRECTION('center_axis',(-1.,0.,0.));
#2941=DIRECTION('ref_axis',(0.,1.,0.));
#2942=DIRECTION('center_axis',(-1.,0.,0.));
#2943=DIRECTION('ref_axis',(0.,1.,0.));
#2944=DIRECTION('',(-1.,0.,0.));
#2945=DIRECTION('center_axis',(-1.,0.,0.));
#2946=DIRECTION('ref_axis',(0.,1.,0.));
#2947=DIRECTION('center_axis',(-1.,0.,0.));
#2948=DIRECTION('ref_axis',(0.,1.,0.));
#2949=DIRECTION('center_axis',(0.,-1.,0.));
#2950=DIRECTION('ref_axis',(-1.,0.,0.));
#2951=DIRECTION('',(1.,0.,0.));
#2952=DIRECTION('',(0.,0.,-1.));
#2953=DIRECTION('',(-1.,0.,0.));
#2954=DIRECTION('',(0.,0.,-1.));
#2955=DIRECTION('center_axis',(0.,0.,-1.));
#2956=DIRECTION('ref_axis',(0.,-1.,0.));
#2957=DIRECTION('center_axis',(0.,0.,1.));
#2958=DIRECTION('ref_axis',(0.,-1.,0.));
#2959=DIRECTION('center_axis',(0.,0.,-1.));
#2960=DIRECTION('ref_axis',(0.,-1.,0.));
#2961=DIRECTION('',(0.,0.,-1.));
#2962=DIRECTION('center_axis',(0.,1.,0.));
#2963=DIRECTION('ref_axis',(1.,0.,0.));
#2964=DIRECTION('',(-1.,0.,0.));
#2965=DIRECTION('',(1.,0.,0.));
#2966=DIRECTION('',(0.,0.,-1.));
#2967=DIRECTION('center_axis',(0.,0.,-1.));
#2968=DIRECTION('ref_axis',(0.,1.,0.));
#2969=DIRECTION('center_axis',(0.,0.,1.));
#2970=DIRECTION('ref_axis',(0.,1.,0.));
#2971=DIRECTION('center_axis',(0.,0.,-1.));
#2972=DIRECTION('ref_axis',(0.,1.,0.));
#2973=DIRECTION('center_axis',(0.,-1.,0.));
#2974=DIRECTION('ref_axis',(-1.,0.,0.));
#2975=DIRECTION('',(1.,0.,0.));
#2976=DIRECTION('',(0.,0.,-1.));
#2977=DIRECTION('',(-1.,0.,0.));
#2978=DIRECTION('',(0.,0.,-1.));
#2979=DIRECTION('center_axis',(0.,0.,-1.));
#2980=DIRECTION('ref_axis',(0.,-1.,0.));
#2981=DIRECTION('center_axis',(0.,0.,1.));
#2982=DIRECTION('ref_axis',(0.,-1.,0.));
#2983=DIRECTION('center_axis',(0.,0.,-1.));
#2984=DIRECTION('ref_axis',(0.,-1.,0.));
#2985=DIRECTION('',(0.,0.,-1.));
#2986=DIRECTION('center_axis',(0.,1.,0.));
#2987=DIRECTION('ref_axis',(1.,0.,0.));
#2988=DIRECTION('',(-1.,0.,0.));
#2989=DIRECTION('',(1.,0.,0.));
#2990=DIRECTION('',(0.,0.,-1.));
#2991=DIRECTION('center_axis',(0.,0.,-1.));
#2992=DIRECTION('ref_axis',(0.,1.,0.));
#2993=DIRECTION('center_axis',(0.,0.,1.));
#2994=DIRECTION('ref_axis',(0.,1.,0.));
#2995=DIRECTION('center_axis',(0.,0.,-1.));
#2996=DIRECTION('ref_axis',(0.,1.,0.));
#2997=DIRECTION('center_axis',(0.,-1.,0.));
#2998=DIRECTION('ref_axis',(-1.,0.,0.));
#2999=DIRECTION('',(1.,0.,0.));
#3000=DIRECTION('',(0.,0.,-1.));
#3001=DIRECTION('',(-1.,0.,0.));
#3002=DIRECTION('',(0.,0.,-1.));
#3003=DIRECTION('center_axis',(0.,0.,-1.));
#3004=DIRECTION('ref_axis',(0.,-1.,0.));
#3005=DIRECTION('center_axis',(0.,0.,1.));
#3006=DIRECTION('ref_axis',(0.,-1.,0.));
#3007=DIRECTION('center_axis',(0.,0.,-1.));
#3008=DIRECTION('ref_axis',(0.,-1.,0.));
#3009=DIRECTION('',(0.,0.,-1.));
#3010=DIRECTION('center_axis',(0.,1.,0.));
#3011=DIRECTION('ref_axis',(1.,0.,0.));
#3012=DIRECTION('',(-1.,0.,0.));
#3013=DIRECTION('',(1.,0.,0.));
#3014=DIRECTION('',(0.,0.,-1.));
#3015=DIRECTION('center_axis',(0.,0.,-1.));
#3016=DIRECTION('ref_axis',(0.,1.,0.));
#3017=DIRECTION('center_axis',(0.,0.,1.));
#3018=DIRECTION('ref_axis',(0.,1.,0.));
#3019=DIRECTION('center_axis',(0.,0.,-1.));
#3020=DIRECTION('ref_axis',(0.,1.,0.));
#3021=DIRECTION('center_axis',(0.,-1.,0.));
#3022=DIRECTION('ref_axis',(-1.,0.,0.));
#3023=DIRECTION('',(1.,0.,0.));
#3024=DIRECTION('',(0.,0.,-1.));
#3025=DIRECTION('',(-1.,0.,0.));
#3026=DIRECTION('',(0.,0.,-1.));
#3027=DIRECTION('center_axis',(0.,0.,-1.));
#3028=DIRECTION('ref_axis',(0.,-1.,0.));
#3029=DIRECTION('center_axis',(0.,0.,1.));
#3030=DIRECTION('ref_axis',(0.,-1.,0.));
#3031=DIRECTION('center_axis',(0.,0.,-1.));
#3032=DIRECTION('ref_axis',(0.,-1.,0.));
#3033=DIRECTION('',(0.,0.,-1.));
#3034=DIRECTION('center_axis',(0.,1.,0.));
#3035=DIRECTION('ref_axis',(1.,0.,0.));
#3036=DIRECTION('',(-1.,0.,0.));
#3037=DIRECTION('',(1.,0.,0.));
#3038=DIRECTION('',(0.,0.,-1.));
#3039=DIRECTION('center_axis',(0.,0.,-1.));
#3040=DIRECTION('ref_axis',(0.,1.,0.));
#3041=DIRECTION('center_axis',(0.,0.,1.));
#3042=DIRECTION('ref_axis',(0.,1.,0.));
#3043=DIRECTION('center_axis',(0.,0.,-1.));
#3044=DIRECTION('ref_axis',(0.,1.,0.));
#3045=DIRECTION('center_axis',(0.,-1.,0.));
#3046=DIRECTION('ref_axis',(-1.,0.,0.));
#3047=DIRECTION('',(1.,0.,0.));
#3048=DIRECTION('',(0.,0.,-1.));
#3049=DIRECTION('',(-1.,0.,0.));
#3050=DIRECTION('',(0.,0.,-1.));
#3051=DIRECTION('center_axis',(0.,0.,-1.));
#3052=DIRECTION('ref_axis',(0.,-1.,0.));
#3053=DIRECTION('center_axis',(0.,0.,1.));
#3054=DIRECTION('ref_axis',(0.,-1.,0.));
#3055=DIRECTION('center_axis',(0.,0.,-1.));
#3056=DIRECTION('ref_axis',(0.,-1.,0.));
#3057=DIRECTION('',(0.,0.,-1.));
#3058=DIRECTION('center_axis',(0.,1.,0.));
#3059=DIRECTION('ref_axis',(1.,0.,0.));
#3060=DIRECTION('',(-1.,0.,0.));
#3061=DIRECTION('',(1.,0.,0.));
#3062=DIRECTION('',(0.,0.,-1.));
#3063=DIRECTION('center_axis',(0.,0.,-1.));
#3064=DIRECTION('ref_axis',(0.,1.,0.));
#3065=DIRECTION('center_axis',(0.,0.,1.));
#3066=DIRECTION('ref_axis',(0.,1.,0.));
#3067=DIRECTION('center_axis',(0.,0.,-1.));
#3068=DIRECTION('ref_axis',(0.,1.,0.));
#3069=DIRECTION('center_axis',(0.,-1.,0.));
#3070=DIRECTION('ref_axis',(-1.,0.,0.));
#3071=DIRECTION('',(1.,0.,0.));
#3072=DIRECTION('',(0.,0.,-1.));
#3073=DIRECTION('',(-1.,0.,0.));
#3074=DIRECTION('',(0.,0.,-1.));
#3075=DIRECTION('center_axis',(0.,0.,-1.));
#3076=DIRECTION('ref_axis',(0.,-1.,0.));
#3077=DIRECTION('center_axis',(0.,0.,1.));
#3078=DIRECTION('ref_axis',(0.,-1.,0.));
#3079=DIRECTION('center_axis',(0.,0.,-1.));
#3080=DIRECTION('ref_axis',(0.,-1.,0.));
#3081=DIRECTION('',(0.,0.,-1.));
#3082=DIRECTION('center_axis',(0.,1.,0.));
#3083=DIRECTION('ref_axis',(1.,0.,0.));
#3084=DIRECTION('',(-1.,0.,0.));
#3085=DIRECTION('',(1.,0.,0.));
#3086=DIRECTION('',(0.,0.,-1.));
#3087=DIRECTION('center_axis',(0.,0.,-1.));
#3088=DIRECTION('ref_axis',(0.,1.,0.));
#3089=DIRECTION('center_axis',(0.,0.,1.));
#3090=DIRECTION('ref_axis',(0.,1.,0.));
#3091=DIRECTION('center_axis',(0.,0.,-1.));
#3092=DIRECTION('ref_axis',(0.,1.,0.));
#3093=DIRECTION('center_axis',(0.,-1.,0.));
#3094=DIRECTION('ref_axis',(-1.,0.,0.));
#3095=DIRECTION('',(1.,0.,0.));
#3096=DIRECTION('',(0.,0.,-1.));
#3097=DIRECTION('',(-1.,0.,0.));
#3098=DIRECTION('',(0.,0.,-1.));
#3099=DIRECTION('center_axis',(0.,0.,-1.));
#3100=DIRECTION('ref_axis',(0.,-1.,0.));
#3101=DIRECTION('center_axis',(0.,0.,1.));
#3102=DIRECTION('ref_axis',(0.,-1.,0.));
#3103=DIRECTION('center_axis',(0.,0.,-1.));
#3104=DIRECTION('ref_axis',(0.,-1.,0.));
#3105=DIRECTION('',(0.,0.,-1.));
#3106=DIRECTION('center_axis',(0.,1.,0.));
#3107=DIRECTION('ref_axis',(1.,0.,0.));
#3108=DIRECTION('',(-1.,0.,0.));
#3109=DIRECTION('',(1.,0.,0.));
#3110=DIRECTION('',(0.,0.,-1.));
#3111=DIRECTION('center_axis',(0.,0.,-1.));
#3112=DIRECTION('ref_axis',(0.,1.,0.));
#3113=DIRECTION('center_axis',(0.,0.,1.));
#3114=DIRECTION('ref_axis',(0.,1.,0.));
#3115=DIRECTION('center_axis',(0.,0.,-1.));
#3116=DIRECTION('ref_axis',(0.,1.,0.));
#3117=DIRECTION('center_axis',(0.,-1.,0.));
#3118=DIRECTION('ref_axis',(-1.,0.,0.));
#3119=DIRECTION('',(1.,0.,0.));
#3120=DIRECTION('',(0.,0.,-1.));
#3121=DIRECTION('',(-1.,0.,0.));
#3122=DIRECTION('',(0.,0.,-1.));
#3123=DIRECTION('center_axis',(0.,0.,-1.));
#3124=DIRECTION('ref_axis',(0.,-1.,0.));
#3125=DIRECTION('center_axis',(0.,0.,1.));
#3126=DIRECTION('ref_axis',(0.,-1.,0.));
#3127=DIRECTION('center_axis',(0.,0.,-1.));
#3128=DIRECTION('ref_axis',(0.,-1.,0.));
#3129=DIRECTION('',(0.,0.,-1.));
#3130=DIRECTION('center_axis',(0.,1.,0.));
#3131=DIRECTION('ref_axis',(1.,0.,0.));
#3132=DIRECTION('',(-1.,0.,0.));
#3133=DIRECTION('',(1.,0.,0.));
#3134=DIRECTION('',(0.,0.,-1.));
#3135=DIRECTION('center_axis',(0.,0.,-1.));
#3136=DIRECTION('ref_axis',(0.,1.,0.));
#3137=DIRECTION('center_axis',(0.,0.,1.));
#3138=DIRECTION('ref_axis',(0.,1.,0.));
#3139=DIRECTION('center_axis',(0.,0.,-1.));
#3140=DIRECTION('ref_axis',(0.,1.,0.));
#3141=DIRECTION('center_axis',(0.,-1.,0.));
#3142=DIRECTION('ref_axis',(-1.,0.,0.));
#3143=DIRECTION('',(1.,0.,0.));
#3144=DIRECTION('',(0.,0.,-1.));
#3145=DIRECTION('',(-1.,0.,0.));
#3146=DIRECTION('',(0.,0.,-1.));
#3147=DIRECTION('center_axis',(0.,0.,-1.));
#3148=DIRECTION('ref_axis',(0.,-1.,0.));
#3149=DIRECTION('center_axis',(0.,0.,1.));
#3150=DIRECTION('ref_axis',(0.,-1.,0.));
#3151=DIRECTION('center_axis',(0.,0.,-1.));
#3152=DIRECTION('ref_axis',(0.,-1.,0.));
#3153=DIRECTION('',(0.,0.,-1.));
#3154=DIRECTION('center_axis',(0.,1.,0.));
#3155=DIRECTION('ref_axis',(1.,0.,0.));
#3156=DIRECTION('',(-1.,0.,0.));
#3157=DIRECTION('',(1.,0.,0.));
#3158=DIRECTION('',(0.,0.,-1.));
#3159=DIRECTION('center_axis',(0.,0.,-1.));
#3160=DIRECTION('ref_axis',(0.,1.,0.));
#3161=DIRECTION('center_axis',(0.,0.,1.));
#3162=DIRECTION('ref_axis',(0.,1.,0.));
#3163=DIRECTION('center_axis',(0.,0.,-1.));
#3164=DIRECTION('ref_axis',(0.,1.,0.));
#3165=DIRECTION('center_axis',(0.,-1.,0.));
#3166=DIRECTION('ref_axis',(-1.,0.,0.));
#3167=DIRECTION('',(1.,0.,0.));
#3168=DIRECTION('',(0.,0.,-1.));
#3169=DIRECTION('',(-1.,0.,0.));
#3170=DIRECTION('',(0.,0.,-1.));
#3171=DIRECTION('center_axis',(0.,0.,-1.));
#3172=DIRECTION('ref_axis',(0.,-1.,0.));
#3173=DIRECTION('center_axis',(0.,0.,1.));
#3174=DIRECTION('ref_axis',(0.,-1.,0.));
#3175=DIRECTION('center_axis',(0.,0.,-1.));
#3176=DIRECTION('ref_axis',(0.,-1.,0.));
#3177=DIRECTION('',(0.,0.,-1.));
#3178=DIRECTION('center_axis',(0.,1.,0.));
#3179=DIRECTION('ref_axis',(1.,0.,0.));
#3180=DIRECTION('',(-1.,0.,0.));
#3181=DIRECTION('',(1.,0.,0.));
#3182=DIRECTION('',(0.,0.,-1.));
#3183=DIRECTION('center_axis',(0.,0.,-1.));
#3184=DIRECTION('ref_axis',(0.,1.,0.));
#3185=DIRECTION('center_axis',(0.,0.,1.));
#3186=DIRECTION('ref_axis',(0.,1.,0.));
#3187=DIRECTION('center_axis',(0.,0.,-1.));
#3188=DIRECTION('ref_axis',(0.,1.,0.));
#3189=DIRECTION('center_axis',(0.,1.,0.));
#3190=DIRECTION('ref_axis',(-1.,0.,0.));
#3191=DIRECTION('',(-1.,0.,0.));
#3192=DIRECTION('',(0.,0.,1.));
#3193=DIRECTION('',(-1.,0.,0.));
#3194=DIRECTION('',(0.,0.,1.));
#3195=DIRECTION('center_axis',(1.,0.,0.));
#3196=DIRECTION('ref_axis',(0.,1.,0.));
#3197=DIRECTION('',(0.,1.,0.));
#3198=DIRECTION('',(0.,1.,0.));
#3199=DIRECTION('',(0.,0.,1.));
#3200=DIRECTION('center_axis',(0.,-1.,0.));
#3201=DIRECTION('ref_axis',(1.,0.,0.));
#3202=DIRECTION('',(1.,0.,0.));
#3203=DIRECTION('',(1.,0.,0.));
#3204=DIRECTION('',(0.,0.,1.));
#3205=DIRECTION('center_axis',(-1.,4.54114007939727E-33,0.));
#3206=DIRECTION('ref_axis',(-4.54114007939727E-33,-1.,0.));
#3207=DIRECTION('',(-4.54114007939727E-33,-1.,0.));
#3208=DIRECTION('',(-4.54114007939727E-33,-1.,0.));
#3209=DIRECTION('center_axis',(0.,0.,1.));
#3210=DIRECTION('ref_axis',(1.,0.,0.));
#3211=DIRECTION('center_axis',(0.,0.,1.));
#3212=DIRECTION('ref_axis',(1.,0.,0.));
#3213=CARTESIAN_POINT('',(0.,0.,0.));
#3214=CARTESIAN_POINT('Origin',(175.,93.7635214394683,1.29974948640462));
#3215=CARTESIAN_POINT('',(180.,93.0135214394683,1.29974948640462));
#3216=CARTESIAN_POINT('Origin',(180.,93.7635214394683,1.29974948640462));
#3217=CARTESIAN_POINT('',(170.,93.0135214394683,1.29974948640462));
#3218=CARTESIAN_POINT('',(175.,93.0135214394683,1.29974948640462));
#3219=CARTESIAN_POINT('Origin',(170.,93.7635214394683,1.29974948640462));
#3220=CARTESIAN_POINT('Origin',(170.,93.7635214394683,1.29974948640462));
#3221=CARTESIAN_POINT('Origin',(175.,91.8859704190601,1.29974948640462));
#3222=CARTESIAN_POINT('',(180.,91.1359704190602,1.29974948640462));
#3223=CARTESIAN_POINT('Origin',(180.,91.8859704190601,1.29974948640462));
#3224=CARTESIAN_POINT('',(170.,91.1359704190602,1.29974948640462));
#3225=CARTESIAN_POINT('',(175.,91.1359704190602,1.29974948640462));
#3226=CARTESIAN_POINT('Origin',(170.,91.8859704190601,1.29974948640462));
#3227=CARTESIAN_POINT('Origin',(170.,91.8859704190601,1.29974948640462));
#3228=CARTESIAN_POINT('Origin',(175.,90.008419398652,1.29974948640462));
#3229=CARTESIAN_POINT('',(180.,89.258419398652,1.29974948640462));
#3230=CARTESIAN_POINT('Origin',(180.,90.008419398652,1.29974948640462));
#3231=CARTESIAN_POINT('',(170.,89.258419398652,1.29974948640462));
#3232=CARTESIAN_POINT('',(175.,89.258419398652,1.29974948640462));
#3233=CARTESIAN_POINT('Origin',(170.,90.008419398652,1.29974948640462));
#3234=CARTESIAN_POINT('Origin',(170.,90.008419398652,1.29974948640462));
#3235=CARTESIAN_POINT('Origin',(175.,88.1308683782438,1.29974948640462));
#3236=CARTESIAN_POINT('',(180.,87.3808683782438,1.29974948640462));
#3237=CARTESIAN_POINT('Origin',(180.,88.1308683782438,1.29974948640462));
#3238=CARTESIAN_POINT('',(170.,87.3808683782438,1.29974948640462));
#3239=CARTESIAN_POINT('',(175.,87.3808683782438,1.29974948640462));
#3240=CARTESIAN_POINT('Origin',(170.,88.1308683782438,1.29974948640462));
#3241=CARTESIAN_POINT('Origin',(170.,88.1308683782438,1.29974948640462));
#3242=CARTESIAN_POINT('Origin',(175.,86.2533173578356,1.29974948640462));
#3243=CARTESIAN_POINT('',(180.,85.5033173578357,1.29974948640462));
#3244=CARTESIAN_POINT('Origin',(180.,86.2533173578356,1.29974948640462));
#3245=CARTESIAN_POINT('',(170.,85.5033173578357,1.29974948640462));
#3246=CARTESIAN_POINT('',(175.,85.5033173578357,1.29974948640462));
#3247=CARTESIAN_POINT('Origin',(170.,86.2533173578356,1.29974948640462));
#3248=CARTESIAN_POINT('Origin',(170.,86.2533173578356,1.29974948640462));
#3249=CARTESIAN_POINT('Origin',(175.,84.3757663374275,1.29974948640462));
#3250=CARTESIAN_POINT('',(180.,83.6257663374275,1.29974948640462));
#3251=CARTESIAN_POINT('Origin',(180.,84.3757663374275,1.29974948640462));
#3252=CARTESIAN_POINT('',(170.,83.6257663374275,1.29974948640462));
#3253=CARTESIAN_POINT('',(175.,83.6257663374275,1.29974948640462));
#3254=CARTESIAN_POINT('Origin',(170.,84.3757663374275,1.29974948640462));
#3255=CARTESIAN_POINT('Origin',(170.,84.3757663374275,1.29974948640462));
#3256=CARTESIAN_POINT('Origin',(175.,82.4982153170193,1.29974948640462));
#3257=CARTESIAN_POINT('',(180.,81.7482153170193,1.29974948640462));
#3258=CARTESIAN_POINT('Origin',(180.,82.4982153170193,1.29974948640462));
#3259=CARTESIAN_POINT('',(170.,81.7482153170193,1.29974948640462));
#3260=CARTESIAN_POINT('',(175.,81.7482153170193,1.29974948640462));
#3261=CARTESIAN_POINT('Origin',(170.,82.4982153170193,1.29974948640462));
#3262=CARTESIAN_POINT('Origin',(170.,82.4982153170193,1.29974948640462));
#3263=CARTESIAN_POINT('Origin',(175.,80.6206642966112,1.29974948640462));
#3264=CARTESIAN_POINT('',(180.,79.8706642966112,1.29974948640462));
#3265=CARTESIAN_POINT('Origin',(180.,80.6206642966112,1.29974948640462));
#3266=CARTESIAN_POINT('',(170.,79.8706642966112,1.29974948640462));
#3267=CARTESIAN_POINT('',(175.,79.8706642966112,1.29974948640462));
#3268=CARTESIAN_POINT('Origin',(170.,80.6206642966112,1.29974948640462));
#3269=CARTESIAN_POINT('Origin',(170.,80.6206642966112,1.29974948640462));
#3270=CARTESIAN_POINT('Origin',(175.,78.743113276203,1.29974948640462));
#3271=CARTESIAN_POINT('',(180.,77.993113276203,1.29974948640462));
#3272=CARTESIAN_POINT('Origin',(180.,78.743113276203,1.29974948640462));
#3273=CARTESIAN_POINT('',(170.,77.993113276203,1.29974948640462));
#3274=CARTESIAN_POINT('',(175.,77.993113276203,1.29974948640462));
#3275=CARTESIAN_POINT('Origin',(170.,78.743113276203,1.29974948640462));
#3276=CARTESIAN_POINT('Origin',(170.,78.743113276203,1.29974948640462));
#3277=CARTESIAN_POINT('Origin',(175.,76.8655622557948,1.29974948640462));
#3278=CARTESIAN_POINT('',(180.,76.1155622557948,1.29974948640462));
#3279=CARTESIAN_POINT('Origin',(180.,76.8655622557948,1.29974948640462));
#3280=CARTESIAN_POINT('',(170.,76.1155622557948,1.29974948640462));
#3281=CARTESIAN_POINT('',(175.,76.1155622557948,1.29974948640462));
#3282=CARTESIAN_POINT('Origin',(170.,76.8655622557948,1.29974948640462));
#3283=CARTESIAN_POINT('Origin',(170.,76.8655622557948,1.29974948640462));
#3284=CARTESIAN_POINT('Origin',(175.,74.9880112353867,1.29974948640462));
#3285=CARTESIAN_POINT('',(180.,74.2380112353867,1.29974948640462));
#3286=CARTESIAN_POINT('Origin',(180.,74.9880112353867,1.29974948640462));
#3287=CARTESIAN_POINT('',(170.,74.2380112353867,1.29974948640462));
#3288=CARTESIAN_POINT('',(175.,74.2380112353867,1.29974948640462));
#3289=CARTESIAN_POINT('Origin',(170.,74.9880112353867,1.29974948640462));
#3290=CARTESIAN_POINT('Origin',(170.,74.9880112353867,1.29974948640462));
#3291=CARTESIAN_POINT('Origin',(175.,73.1104602149785,1.29974948640462));
#3292=CARTESIAN_POINT('',(180.,72.3604602149785,1.29974948640462));
#3293=CARTESIAN_POINT('Origin',(180.,73.1104602149785,1.29974948640462));
#3294=CARTESIAN_POINT('',(170.,72.3604602149785,1.29974948640462));
#3295=CARTESIAN_POINT('',(175.,72.3604602149785,1.29974948640462));
#3296=CARTESIAN_POINT('Origin',(170.,73.1104602149785,1.29974948640462));
#3297=CARTESIAN_POINT('Origin',(170.,73.1104602149785,1.29974948640462));
#3298=CARTESIAN_POINT('Origin',(175.,71.2329091945703,1.29974948640462));
#3299=CARTESIAN_POINT('',(180.,70.4829091945703,1.29974948640462));
#3300=CARTESIAN_POINT('Origin',(180.,71.2329091945703,1.29974948640462));
#3301=CARTESIAN_POINT('',(170.,70.4829091945703,1.29974948640462));
#3302=CARTESIAN_POINT('',(175.,70.4829091945703,1.29974948640462));
#3303=CARTESIAN_POINT('Origin',(170.,71.2329091945703,1.29974948640462));
#3304=CARTESIAN_POINT('Origin',(170.,71.2329091945703,1.29974948640462));
#3305=CARTESIAN_POINT('Origin',(175.,69.3553581741622,1.29974948640462));
#3306=CARTESIAN_POINT('',(180.,68.6053581741622,1.29974948640462));
#3307=CARTESIAN_POINT('Origin',(180.,69.3553581741622,1.29974948640462));
#3308=CARTESIAN_POINT('',(170.,68.6053581741622,1.29974948640462));
#3309=CARTESIAN_POINT('',(175.,68.6053581741622,1.29974948640462));
#3310=CARTESIAN_POINT('Origin',(170.,69.3553581741622,1.29974948640462));
#3311=CARTESIAN_POINT('Origin',(170.,69.3553581741622,1.29974948640462));
#3312=CARTESIAN_POINT('Origin',(175.,67.477807153754,1.29974948640462));
#3313=CARTESIAN_POINT('',(180.,66.727807153754,1.29974948640462));
#3314=CARTESIAN_POINT('Origin',(180.,67.477807153754,1.29974948640462));
#3315=CARTESIAN_POINT('',(170.,66.727807153754,1.29974948640462));
#3316=CARTESIAN_POINT('',(175.,66.727807153754,1.29974948640462));
#3317=CARTESIAN_POINT('Origin',(170.,67.477807153754,1.29974948640462));
#3318=CARTESIAN_POINT('Origin',(170.,67.477807153754,1.29974948640462));
#3319=CARTESIAN_POINT('Origin',(175.,65.6002561333459,1.29974948640462));
#3320=CARTESIAN_POINT('',(180.,64.8502561333458,1.29974948640462));
#3321=CARTESIAN_POINT('Origin',(180.,65.6002561333459,1.29974948640462));
#3322=CARTESIAN_POINT('',(170.,64.8502561333458,1.29974948640462));
#3323=CARTESIAN_POINT('',(175.,64.8502561333458,1.29974948640462));
#3324=CARTESIAN_POINT('Origin',(170.,65.6002561333459,1.29974948640462));
#3325=CARTESIAN_POINT('Origin',(170.,65.6002561333459,1.29974948640462));
#3326=CARTESIAN_POINT('Origin',(175.,63.7227051129377,1.29974948640462));
#3327=CARTESIAN_POINT('',(180.,62.9727051129377,1.29974948640462));
#3328=CARTESIAN_POINT('Origin',(180.,63.7227051129377,1.29974948640462));
#3329=CARTESIAN_POINT('',(170.,62.9727051129377,1.29974948640462));
#3330=CARTESIAN_POINT('',(175.,62.9727051129377,1.29974948640462));
#3331=CARTESIAN_POINT('Origin',(170.,63.7227051129377,1.29974948640462));
#3332=CARTESIAN_POINT('Origin',(170.,63.7227051129377,1.29974948640462));
#3333=CARTESIAN_POINT('Origin',(175.,61.8451540925295,1.29974948640462));
#3334=CARTESIAN_POINT('',(180.,61.0951540925295,1.29974948640462));
#3335=CARTESIAN_POINT('Origin',(180.,61.8451540925295,1.29974948640462));
#3336=CARTESIAN_POINT('',(170.,61.0951540925295,1.29974948640462));
#3337=CARTESIAN_POINT('',(175.,61.0951540925295,1.29974948640462));
#3338=CARTESIAN_POINT('Origin',(170.,61.8451540925295,1.29974948640462));
#3339=CARTESIAN_POINT('Origin',(170.,61.8451540925295,1.29974948640462));
#3340=CARTESIAN_POINT('Origin',(175.,59.9676030721214,1.29974948640462));
#3341=CARTESIAN_POINT('',(180.,59.2176030721214,1.29974948640462));
#3342=CARTESIAN_POINT('Origin',(180.,59.9676030721214,1.29974948640462));
#3343=CARTESIAN_POINT('',(170.,59.2176030721214,1.29974948640462));
#3344=CARTESIAN_POINT('',(175.,59.2176030721214,1.29974948640462));
#3345=CARTESIAN_POINT('Origin',(170.,59.9676030721214,1.29974948640462));
#3346=CARTESIAN_POINT('Origin',(170.,59.9676030721214,1.29974948640462));
#3347=CARTESIAN_POINT('Origin',(175.,58.0900520517132,1.29974948640462));
#3348=CARTESIAN_POINT('',(180.,57.3400520517132,1.29974948640462));
#3349=CARTESIAN_POINT('Origin',(180.,58.0900520517132,1.29974948640462));
#3350=CARTESIAN_POINT('',(170.,57.3400520517132,1.29974948640462));
#3351=CARTESIAN_POINT('',(175.,57.3400520517132,1.29974948640462));
#3352=CARTESIAN_POINT('Origin',(170.,58.0900520517132,1.29974948640462));
#3353=CARTESIAN_POINT('Origin',(170.,58.0900520517132,1.29974948640462));
#3354=CARTESIAN_POINT('Origin',(175.,56.212501031305,1.29974948640462));
#3355=CARTESIAN_POINT('',(180.,55.462501031305,1.29974948640462));
#3356=CARTESIAN_POINT('Origin',(180.,56.212501031305,1.29974948640462));
#3357=CARTESIAN_POINT('',(170.,55.462501031305,1.29974948640462));
#3358=CARTESIAN_POINT('',(175.,55.462501031305,1.29974948640462));
#3359=CARTESIAN_POINT('Origin',(170.,56.212501031305,1.29974948640462));
#3360=CARTESIAN_POINT('Origin',(170.,56.212501031305,1.29974948640462));
#3361=CARTESIAN_POINT('Origin',(175.,54.3349500108969,1.29974948640462));
#3362=CARTESIAN_POINT('',(180.,53.5849500108969,1.29974948640462));
#3363=CARTESIAN_POINT('Origin',(180.,54.3349500108969,1.29974948640462));
#3364=CARTESIAN_POINT('',(170.,53.5849500108969,1.29974948640462));
#3365=CARTESIAN_POINT('',(175.,53.5849500108969,1.29974948640462));
#3366=CARTESIAN_POINT('Origin',(170.,54.3349500108969,1.29974948640462));
#3367=CARTESIAN_POINT('Origin',(170.,54.3349500108969,1.29974948640462));
#3368=CARTESIAN_POINT('Origin',(175.,52.4573989904887,1.29974948640462));
#3369=CARTESIAN_POINT('',(180.,51.7073989904887,1.29974948640462));
#3370=CARTESIAN_POINT('Origin',(180.,52.4573989904887,1.29974948640462));
#3371=CARTESIAN_POINT('',(170.,51.7073989904887,1.29974948640462));
#3372=CARTESIAN_POINT('',(175.,51.7073989904887,1.29974948640462));
#3373=CARTESIAN_POINT('Origin',(170.,52.4573989904887,1.29974948640462));
#3374=CARTESIAN_POINT('Origin',(170.,52.4573989904887,1.29974948640462));
#3375=CARTESIAN_POINT('Origin',(175.,50.5798479700805,1.29974948640462));
#3376=CARTESIAN_POINT('',(180.,49.8298479700805,1.29974948640462));
#3377=CARTESIAN_POINT('Origin',(180.,50.5798479700805,1.29974948640462));
#3378=CARTESIAN_POINT('',(170.,49.8298479700805,1.29974948640462));
#3379=CARTESIAN_POINT('',(175.,49.8298479700805,1.29974948640462));
#3380=CARTESIAN_POINT('Origin',(170.,50.5798479700805,1.29974948640462));
#3381=CARTESIAN_POINT('Origin',(170.,50.5798479700805,1.29974948640462));
#3382=CARTESIAN_POINT('Origin',(175.,48.7022969496724,1.29974948640462));
#3383=CARTESIAN_POINT('',(180.,47.9522969496724,1.29974948640462));
#3384=CARTESIAN_POINT('Origin',(180.,48.7022969496724,1.29974948640462));
#3385=CARTESIAN_POINT('',(170.,47.9522969496724,1.29974948640462));
#3386=CARTESIAN_POINT('',(175.,47.9522969496724,1.29974948640462));
#3387=CARTESIAN_POINT('Origin',(170.,48.7022969496724,1.29974948640462));
#3388=CARTESIAN_POINT('Origin',(170.,48.7022969496724,1.29974948640462));
#3389=CARTESIAN_POINT('Origin',(175.,46.8247459292642,1.29974948640462));
#3390=CARTESIAN_POINT('',(180.,46.0747459292642,1.29974948640462));
#3391=CARTESIAN_POINT('Origin',(180.,46.8247459292642,1.29974948640462));
#3392=CARTESIAN_POINT('',(170.,46.0747459292642,1.29974948640462));
#3393=CARTESIAN_POINT('',(175.,46.0747459292642,1.29974948640462));
#3394=CARTESIAN_POINT('Origin',(170.,46.8247459292642,1.29974948640462));
#3395=CARTESIAN_POINT('Origin',(170.,46.8247459292642,1.29974948640462));
#3396=CARTESIAN_POINT('Origin',(175.,44.9471949088561,1.29974948640462));
#3397=CARTESIAN_POINT('',(180.,44.1971949088561,1.29974948640462));
#3398=CARTESIAN_POINT('Origin',(180.,44.9471949088561,1.29974948640462));
#3399=CARTESIAN_POINT('',(170.,44.1971949088561,1.29974948640462));
#3400=CARTESIAN_POINT('',(175.,44.1971949088561,1.29974948640462));
#3401=CARTESIAN_POINT('Origin',(170.,44.9471949088561,1.29974948640462));
#3402=CARTESIAN_POINT('Origin',(170.,44.9471949088561,1.29974948640462));
#3403=CARTESIAN_POINT('Origin',(175.,43.0696438884479,1.29974948640462));
#3404=CARTESIAN_POINT('',(180.,42.3196438884479,1.29974948640462));
#3405=CARTESIAN_POINT('Origin',(180.,43.0696438884479,1.29974948640462));
#3406=CARTESIAN_POINT('',(170.,42.3196438884479,1.29974948640462));
#3407=CARTESIAN_POINT('',(175.,42.3196438884479,1.29974948640462));
#3408=CARTESIAN_POINT('Origin',(170.,43.0696438884479,1.29974948640462));
#3409=CARTESIAN_POINT('Origin',(170.,43.0696438884479,1.29974948640462));
#3410=CARTESIAN_POINT('Origin',(175.,41.1920928680397,1.29974948640462));
#3411=CARTESIAN_POINT('',(180.,40.4420928680397,1.29974948640462));
#3412=CARTESIAN_POINT('Origin',(180.,41.1920928680397,1.29974948640462));
#3413=CARTESIAN_POINT('',(170.,40.4420928680397,1.29974948640462));
#3414=CARTESIAN_POINT('',(175.,40.4420928680397,1.29974948640462));
#3415=CARTESIAN_POINT('Origin',(170.,41.1920928680397,1.29974948640462));
#3416=CARTESIAN_POINT('Origin',(170.,41.1920928680397,1.29974948640462));
#3417=CARTESIAN_POINT('Origin',(175.,39.3145418476316,1.29974948640462));
#3418=CARTESIAN_POINT('',(180.,38.5645418476316,1.29974948640462));
#3419=CARTESIAN_POINT('Origin',(180.,39.3145418476316,1.29974948640462));
#3420=CARTESIAN_POINT('',(170.,38.5645418476316,1.29974948640462));
#3421=CARTESIAN_POINT('',(175.,38.5645418476316,1.29974948640462));
#3422=CARTESIAN_POINT('Origin',(170.,39.3145418476316,1.29974948640462));
#3423=CARTESIAN_POINT('Origin',(170.,39.3145418476316,1.29974948640462));
#3424=CARTESIAN_POINT('Origin',(175.,37.4369908272234,1.29974948640462));
#3425=CARTESIAN_POINT('',(180.,36.6869908272234,1.29974948640462));
#3426=CARTESIAN_POINT('Origin',(180.,37.4369908272234,1.29974948640462));
#3427=CARTESIAN_POINT('',(170.,36.6869908272234,1.29974948640462));
#3428=CARTESIAN_POINT('',(175.,36.6869908272234,1.29974948640462));
#3429=CARTESIAN_POINT('Origin',(170.,37.4369908272234,1.29974948640462));
#3430=CARTESIAN_POINT('Origin',(170.,37.4369908272234,1.29974948640462));
#3431=CARTESIAN_POINT('Origin',(175.,35.5594398068152,1.29974948640462));
#3432=CARTESIAN_POINT('',(180.,34.8094398068152,1.29974948640462));
#3433=CARTESIAN_POINT('Origin',(180.,35.5594398068152,1.29974948640462));
#3434=CARTESIAN_POINT('',(170.,34.8094398068152,1.29974948640462));
#3435=CARTESIAN_POINT('',(175.,34.8094398068152,1.29974948640462));
#3436=CARTESIAN_POINT('Origin',(170.,35.5594398068152,1.29974948640462));
#3437=CARTESIAN_POINT('Origin',(170.,35.5594398068152,1.29974948640462));
#3438=CARTESIAN_POINT('Origin',(175.,33.6818887864071,1.29974948640462));
#3439=CARTESIAN_POINT('',(180.,32.9318887864071,1.29974948640462));
#3440=CARTESIAN_POINT('Origin',(180.,33.6818887864071,1.29974948640462));
#3441=CARTESIAN_POINT('',(170.,32.9318887864071,1.29974948640462));
#3442=CARTESIAN_POINT('',(175.,32.9318887864071,1.29974948640462));
#3443=CARTESIAN_POINT('Origin',(170.,33.6818887864071,1.29974948640462));
#3444=CARTESIAN_POINT('Origin',(170.,33.6818887864071,1.29974948640462));
#3445=CARTESIAN_POINT('Origin',(175.,31.8043377659989,1.29974948640462));
#3446=CARTESIAN_POINT('',(180.,31.0543377659989,1.29974948640462));
#3447=CARTESIAN_POINT('Origin',(180.,31.8043377659989,1.29974948640462));
#3448=CARTESIAN_POINT('',(170.,31.0543377659989,1.29974948640462));
#3449=CARTESIAN_POINT('',(175.,31.0543377659989,1.29974948640462));
#3450=CARTESIAN_POINT('Origin',(170.,31.8043377659989,1.29974948640462));
#3451=CARTESIAN_POINT('Origin',(170.,31.8043377659989,1.29974948640462));
#3452=CARTESIAN_POINT('Origin',(175.,29.9267867455907,1.29974948640462));
#3453=CARTESIAN_POINT('',(180.,29.1767867455907,1.29974948640462));
#3454=CARTESIAN_POINT('Origin',(180.,29.9267867455907,1.29974948640462));
#3455=CARTESIAN_POINT('',(170.,29.1767867455907,1.29974948640462));
#3456=CARTESIAN_POINT('',(175.,29.1767867455907,1.29974948640462));
#3457=CARTESIAN_POINT('Origin',(170.,29.9267867455907,1.29974948640462));
#3458=CARTESIAN_POINT('Origin',(170.,29.9267867455907,1.29974948640462));
#3459=CARTESIAN_POINT('Origin',(175.,28.0492357251826,1.29974948640462));
#3460=CARTESIAN_POINT('',(180.,27.2992357251826,1.29974948640462));
#3461=CARTESIAN_POINT('Origin',(180.,28.0492357251826,1.29974948640462));
#3462=CARTESIAN_POINT('',(170.,27.2992357251826,1.29974948640462));
#3463=CARTESIAN_POINT('',(175.,27.2992357251826,1.29974948640462));
#3464=CARTESIAN_POINT('Origin',(170.,28.0492357251826,1.29974948640462));
#3465=CARTESIAN_POINT('Origin',(170.,28.0492357251826,1.29974948640462));
#3466=CARTESIAN_POINT('Origin',(175.,26.1716847047744,1.29974948640462));
#3467=CARTESIAN_POINT('',(180.,25.4216847047744,1.29974948640462));
#3468=CARTESIAN_POINT('Origin',(180.,26.1716847047744,1.29974948640462));
#3469=CARTESIAN_POINT('',(170.,25.4216847047744,1.29974948640462));
#3470=CARTESIAN_POINT('',(175.,25.4216847047744,1.29974948640462));
#3471=CARTESIAN_POINT('Origin',(170.,26.1716847047744,1.29974948640462));
#3472=CARTESIAN_POINT('Origin',(170.,26.1716847047744,1.29974948640462));
#3473=CARTESIAN_POINT('Origin',(175.,24.2941336843663,1.29974948640462));
#3474=CARTESIAN_POINT('',(180.,23.5441336843663,1.29974948640462));
#3475=CARTESIAN_POINT('Origin',(180.,24.2941336843663,1.29974948640462));
#3476=CARTESIAN_POINT('',(170.,23.5441336843663,1.29974948640462));
#3477=CARTESIAN_POINT('',(175.,23.5441336843663,1.29974948640462));
#3478=CARTESIAN_POINT('Origin',(170.,24.2941336843663,1.29974948640462));
#3479=CARTESIAN_POINT('Origin',(170.,24.2941336843663,1.29974948640462));
#3480=CARTESIAN_POINT('Origin',(175.,22.4165826639581,1.29974948640462));
#3481=CARTESIAN_POINT('',(180.,21.6665826639581,1.29974948640462));
#3482=CARTESIAN_POINT('Origin',(180.,22.4165826639581,1.29974948640462));
#3483=CARTESIAN_POINT('',(170.,21.6665826639581,1.29974948640462));
#3484=CARTESIAN_POINT('',(175.,21.6665826639581,1.29974948640462));
#3485=CARTESIAN_POINT('Origin',(170.,22.4165826639581,1.29974948640462));
#3486=CARTESIAN_POINT('Origin',(170.,22.4165826639581,1.29974948640462));
#3487=CARTESIAN_POINT('Origin',(175.,20.5390316435499,1.29974948640462));
#3488=CARTESIAN_POINT('',(180.,19.7890316435499,1.29974948640462));
#3489=CARTESIAN_POINT('Origin',(180.,20.5390316435499,1.29974948640462));
#3490=CARTESIAN_POINT('',(170.,19.7890316435499,1.29974948640462));
#3491=CARTESIAN_POINT('',(175.,19.7890316435499,1.29974948640462));
#3492=CARTESIAN_POINT('Origin',(170.,20.5390316435499,1.29974948640462));
#3493=CARTESIAN_POINT('Origin',(170.,20.5390316435499,1.29974948640462));
#3494=CARTESIAN_POINT('Origin',(175.,18.6614806231418,1.29974948640462));
#3495=CARTESIAN_POINT('',(180.,17.9114806231418,1.29974948640462));
#3496=CARTESIAN_POINT('Origin',(180.,18.6614806231418,1.29974948640462));
#3497=CARTESIAN_POINT('',(170.,17.9114806231418,1.29974948640462));
#3498=CARTESIAN_POINT('',(175.,17.9114806231418,1.29974948640462));
#3499=CARTESIAN_POINT('Origin',(170.,18.6614806231418,1.29974948640462));
#3500=CARTESIAN_POINT('Origin',(170.,18.6614806231418,1.29974948640462));
#3501=CARTESIAN_POINT('Origin',(175.,16.7839296027336,1.29974948640462));
#3502=CARTESIAN_POINT('',(180.,16.0339296027336,1.29974948640462));
#3503=CARTESIAN_POINT('Origin',(180.,16.7839296027336,1.29974948640462));
#3504=CARTESIAN_POINT('',(170.,16.0339296027336,1.29974948640462));
#3505=CARTESIAN_POINT('',(175.,16.0339296027336,1.29974948640462));
#3506=CARTESIAN_POINT('Origin',(170.,16.7839296027336,1.29974948640462));
#3507=CARTESIAN_POINT('Origin',(170.,16.7839296027336,1.29974948640462));
#3508=CARTESIAN_POINT('Origin',(175.,14.9063785823254,1.29974948640462));
#3509=CARTESIAN_POINT('',(180.,14.1563785823254,1.29974948640462));
#3510=CARTESIAN_POINT('Origin',(180.,14.9063785823254,1.29974948640462));
#3511=CARTESIAN_POINT('',(170.,14.1563785823254,1.29974948640462));
#3512=CARTESIAN_POINT('',(175.,14.1563785823254,1.29974948640462));
#3513=CARTESIAN_POINT('Origin',(170.,14.9063785823254,1.29974948640462));
#3514=CARTESIAN_POINT('Origin',(170.,14.9063785823254,1.29974948640462));
#3515=CARTESIAN_POINT('Origin',(175.,13.0288275619173,1.29974948640462));
#3516=CARTESIAN_POINT('',(180.,12.2788275619173,1.29974948640462));
#3517=CARTESIAN_POINT('Origin',(180.,13.0288275619173,1.29974948640462));
#3518=CARTESIAN_POINT('',(170.,12.2788275619173,1.29974948640462));
#3519=CARTESIAN_POINT('',(175.,12.2788275619173,1.29974948640462));
#3520=CARTESIAN_POINT('Origin',(170.,13.0288275619173,1.29974948640462));
#3521=CARTESIAN_POINT('Origin',(170.,13.0288275619173,1.29974948640462));
#3522=CARTESIAN_POINT('Origin',(175.,11.1512765415091,1.29974948640462));
#3523=CARTESIAN_POINT('',(180.,10.4012765415091,1.29974948640462));
#3524=CARTESIAN_POINT('Origin',(180.,11.1512765415091,1.29974948640462));
#3525=CARTESIAN_POINT('',(170.,10.4012765415091,1.29974948640462));
#3526=CARTESIAN_POINT('',(175.,10.4012765415091,1.29974948640462));
#3527=CARTESIAN_POINT('Origin',(170.,11.1512765415091,1.29974948640462));
#3528=CARTESIAN_POINT('Origin',(170.,11.1512765415091,1.29974948640462));
#3529=CARTESIAN_POINT('Origin',(175.,9.27372552110095,1.29974948640462));
#3530=CARTESIAN_POINT('',(180.,8.52372552110095,1.29974948640462));
#3531=CARTESIAN_POINT('Origin',(180.,9.27372552110095,1.29974948640462));
#3532=CARTESIAN_POINT('',(170.,8.52372552110095,1.29974948640462));
#3533=CARTESIAN_POINT('',(175.,8.52372552110095,1.29974948640462));
#3534=CARTESIAN_POINT('Origin',(170.,9.27372552110095,1.29974948640462));
#3535=CARTESIAN_POINT('Origin',(170.,9.27372552110095,1.29974948640462));
#3536=CARTESIAN_POINT('Origin',(175.,7.39617450069279,1.29974948640462));
#3537=CARTESIAN_POINT('',(180.,6.64617450069279,1.29974948640462));
#3538=CARTESIAN_POINT('Origin',(180.,7.39617450069279,1.29974948640462));
#3539=CARTESIAN_POINT('',(170.,6.64617450069279,1.29974948640462));
#3540=CARTESIAN_POINT('',(175.,6.64617450069279,1.29974948640462));
#3541=CARTESIAN_POINT('Origin',(170.,7.39617450069279,1.29974948640462));
#3542=CARTESIAN_POINT('Origin',(170.,7.39617450069279,1.29974948640462));
#3543=CARTESIAN_POINT('Origin',(175.,5.51862348028462,1.29974948640462));
#3544=CARTESIAN_POINT('',(180.,4.76862348028462,1.29974948640462));
#3545=CARTESIAN_POINT('Origin',(180.,5.51862348028462,1.29974948640462));
#3546=CARTESIAN_POINT('',(170.,4.76862348028462,1.29974948640462));
#3547=CARTESIAN_POINT('',(175.,4.76862348028462,1.29974948640462));
#3548=CARTESIAN_POINT('Origin',(170.,5.51862348028462,1.29974948640462));
#3549=CARTESIAN_POINT('Origin',(170.,5.51862348028462,1.29974948640462));
#3550=CARTESIAN_POINT('Origin',(175.,3.64107245987646,1.29974948640462));
#3551=CARTESIAN_POINT('',(180.,2.89107245987646,1.29974948640462));
#3552=CARTESIAN_POINT('Origin',(180.,3.64107245987646,1.29974948640462));
#3553=CARTESIAN_POINT('',(170.,2.89107245987646,1.29974948640462));
#3554=CARTESIAN_POINT('',(175.,2.89107245987646,1.29974948640462));
#3555=CARTESIAN_POINT('Origin',(170.,3.64107245987646,1.29974948640462));
#3556=CARTESIAN_POINT('Origin',(170.,3.64107245987646,1.29974948640462));
#3557=CARTESIAN_POINT('Origin',(175.,1.7635214394683,1.29974948640462));
#3558=CARTESIAN_POINT('',(180.,1.0135214394683,1.29974948640462));
#3559=CARTESIAN_POINT('Origin',(180.,1.7635214394683,1.29974948640462));
#3560=CARTESIAN_POINT('',(170.,1.0135214394683,1.29974948640462));
#3561=CARTESIAN_POINT('',(175.,1.0135214394683,1.29974948640462));
#3562=CARTESIAN_POINT('Origin',(170.,1.7635214394683,1.29974948640462));
#3563=CARTESIAN_POINT('Origin',(170.,1.7635214394683,1.29974948640462));
#3564=CARTESIAN_POINT('Origin',(150.,9.00000000000001,2.5));
#3565=CARTESIAN_POINT('',(30.,8.99999999999999,0.));
#3566=CARTESIAN_POINT('',(150.,9.00000000000001,0.));
#3567=CARTESIAN_POINT('',(120.,9.00000000000001,0.));
#3568=CARTESIAN_POINT('',(30.,8.99999999999999,2.5));
#3569=CARTESIAN_POINT('',(30.,8.99999999999999,2.5));
#3570=CARTESIAN_POINT('',(150.,9.00000000000001,2.5));
#3571=CARTESIAN_POINT('',(120.,9.00000000000001,2.5));
#3572=CARTESIAN_POINT('',(150.,9.00000000000001,2.5));
#3573=CARTESIAN_POINT('Origin',(150.,12.,2.5));
#3574=CARTESIAN_POINT('',(150.,15.,0.));
#3575=CARTESIAN_POINT('Origin',(150.,12.,0.));
#3576=CARTESIAN_POINT('',(150.,15.,2.5));
#3577=CARTESIAN_POINT('Origin',(150.,12.,2.5));
#3578=CARTESIAN_POINT('',(150.,15.,2.5));
#3579=CARTESIAN_POINT('Origin',(30.,15.,2.5));
#3580=CARTESIAN_POINT('',(30.,15.,0.));
#3581=CARTESIAN_POINT('',(60.,15.,0.));
#3582=CARTESIAN_POINT('',(30.,15.,2.5));
#3583=CARTESIAN_POINT('',(60.,15.,2.5));
#3584=CARTESIAN_POINT('',(30.,15.,2.5));
#3585=CARTESIAN_POINT('Origin',(30.,12.,2.5));
#3586=CARTESIAN_POINT('Origin',(30.,12.,0.));
#3587=CARTESIAN_POINT('Origin',(30.,12.,2.5));
#3588=CARTESIAN_POINT('Origin',(150.,16.7777777777778,2.5));
#3589=CARTESIAN_POINT('',(30.,16.7777777777778,0.));
#3590=CARTESIAN_POINT('',(150.,16.7777777777778,0.));
#3591=CARTESIAN_POINT('',(120.,16.7777777777778,0.));
#3592=CARTESIAN_POINT('',(30.,16.7777777777778,2.5));
#3593=CARTESIAN_POINT('',(30.,16.7777777777778,2.5));
#3594=CARTESIAN_POINT('',(150.,16.7777777777778,2.5));
#3595=CARTESIAN_POINT('',(120.,16.7777777777778,2.5));
#3596=CARTESIAN_POINT('',(150.,16.7777777777778,2.5));
#3597=CARTESIAN_POINT('Origin',(150.,19.7777777777778,2.5));
#3598=CARTESIAN_POINT('',(150.,22.7777777777778,0.));
#3599=CARTESIAN_POINT('Origin',(150.,19.7777777777778,0.));
#3600=CARTESIAN_POINT('',(150.,22.7777777777778,2.5));
#3601=CARTESIAN_POINT('Origin',(150.,19.7777777777778,2.5));
#3602=CARTESIAN_POINT('',(150.,22.7777777777778,2.5));
#3603=CARTESIAN_POINT('Origin',(30.,22.7777777777778,2.5));
#3604=CARTESIAN_POINT('',(30.,22.7777777777778,0.));
#3605=CARTESIAN_POINT('',(60.,22.7777777777778,0.));
#3606=CARTESIAN_POINT('',(30.,22.7777777777778,2.5));
#3607=CARTESIAN_POINT('',(60.,22.7777777777778,2.5));
#3608=CARTESIAN_POINT('',(30.,22.7777777777778,2.5));
#3609=CARTESIAN_POINT('Origin',(30.,19.7777777777778,2.5));
#3610=CARTESIAN_POINT('Origin',(30.,19.7777777777778,0.));
#3611=CARTESIAN_POINT('Origin',(30.,19.7777777777778,2.5));
#3612=CARTESIAN_POINT('Origin',(150.,24.5555555555556,2.5));
#3613=CARTESIAN_POINT('',(30.,24.5555555555556,0.));
#3614=CARTESIAN_POINT('',(150.,24.5555555555556,0.));
#3615=CARTESIAN_POINT('',(120.,24.5555555555556,0.));
#3616=CARTESIAN_POINT('',(30.,24.5555555555556,2.5));
#3617=CARTESIAN_POINT('',(30.,24.5555555555556,2.5));
#3618=CARTESIAN_POINT('',(150.,24.5555555555556,2.5));
#3619=CARTESIAN_POINT('',(120.,24.5555555555556,2.5));
#3620=CARTESIAN_POINT('',(150.,24.5555555555556,2.5));
#3621=CARTESIAN_POINT('Origin',(150.,27.5555555555556,2.5));
#3622=CARTESIAN_POINT('',(150.,30.5555555555555,0.));
#3623=CARTESIAN_POINT('Origin',(150.,27.5555555555556,0.));
#3624=CARTESIAN_POINT('',(150.,30.5555555555555,2.5));
#3625=CARTESIAN_POINT('Origin',(150.,27.5555555555556,2.5));
#3626=CARTESIAN_POINT('',(150.,30.5555555555555,2.5));
#3627=CARTESIAN_POINT('Origin',(30.,30.5555555555556,2.5));
#3628=CARTESIAN_POINT('',(30.,30.5555555555556,0.));
#3629=CARTESIAN_POINT('',(60.,30.5555555555556,0.));
#3630=CARTESIAN_POINT('',(30.,30.5555555555556,2.5));
#3631=CARTESIAN_POINT('',(60.,30.5555555555556,2.5));
#3632=CARTESIAN_POINT('',(30.,30.5555555555556,2.5));
#3633=CARTESIAN_POINT('Origin',(30.,27.5555555555556,2.5));
#3634=CARTESIAN_POINT('Origin',(30.,27.5555555555556,0.));
#3635=CARTESIAN_POINT('Origin',(30.,27.5555555555556,2.5));
#3636=CARTESIAN_POINT('Origin',(150.,32.3333333333333,2.5));
#3637=CARTESIAN_POINT('',(30.,32.3333333333333,0.));
#3638=CARTESIAN_POINT('',(150.,32.3333333333333,0.));
#3639=CARTESIAN_POINT('',(120.,32.3333333333333,0.));
#3640=CARTESIAN_POINT('',(30.,32.3333333333333,2.5));
#3641=CARTESIAN_POINT('',(30.,32.3333333333333,2.5));
#3642=CARTESIAN_POINT('',(150.,32.3333333333333,2.5));
#3643=CARTESIAN_POINT('',(120.,32.3333333333333,2.5));
#3644=CARTESIAN_POINT('',(150.,32.3333333333333,2.5));
#3645=CARTESIAN_POINT('Origin',(150.,35.3333333333333,2.5));
#3646=CARTESIAN_POINT('',(150.,38.3333333333333,0.));
#3647=CARTESIAN_POINT('Origin',(150.,35.3333333333333,0.));
#3648=CARTESIAN_POINT('',(150.,38.3333333333333,2.5));
#3649=CARTESIAN_POINT('Origin',(150.,35.3333333333333,2.5));
#3650=CARTESIAN_POINT('',(150.,38.3333333333333,2.5));
#3651=CARTESIAN_POINT('Origin',(30.,38.3333333333333,2.5));
#3652=CARTESIAN_POINT('',(30.,38.3333333333333,0.));
#3653=CARTESIAN_POINT('',(60.,38.3333333333333,0.));
#3654=CARTESIAN_POINT('',(30.,38.3333333333333,2.5));
#3655=CARTESIAN_POINT('',(60.,38.3333333333333,2.5));
#3656=CARTESIAN_POINT('',(30.,38.3333333333333,2.5));
#3657=CARTESIAN_POINT('Origin',(30.,35.3333333333333,2.5));
#3658=CARTESIAN_POINT('Origin',(30.,35.3333333333333,0.));
#3659=CARTESIAN_POINT('Origin',(30.,35.3333333333333,2.5));
#3660=CARTESIAN_POINT('Origin',(150.,40.1111111111111,2.5));
#3661=CARTESIAN_POINT('',(30.,40.1111111111111,0.));
#3662=CARTESIAN_POINT('',(150.,40.1111111111111,0.));
#3663=CARTESIAN_POINT('',(120.,40.1111111111111,0.));
#3664=CARTESIAN_POINT('',(30.,40.1111111111111,2.5));
#3665=CARTESIAN_POINT('',(30.,40.1111111111111,2.5));
#3666=CARTESIAN_POINT('',(150.,40.1111111111111,2.5));
#3667=CARTESIAN_POINT('',(120.,40.1111111111111,2.5));
#3668=CARTESIAN_POINT('',(150.,40.1111111111111,2.5));
#3669=CARTESIAN_POINT('Origin',(150.,43.1111111111111,2.5));
#3670=CARTESIAN_POINT('',(150.,46.1111111111111,0.));
#3671=CARTESIAN_POINT('Origin',(150.,43.1111111111111,0.));
#3672=CARTESIAN_POINT('',(150.,46.1111111111111,2.5));
#3673=CARTESIAN_POINT('Origin',(150.,43.1111111111111,2.5));
#3674=CARTESIAN_POINT('',(150.,46.1111111111111,2.5));
#3675=CARTESIAN_POINT('Origin',(30.,46.1111111111111,2.5));
#3676=CARTESIAN_POINT('',(30.,46.1111111111111,0.));
#3677=CARTESIAN_POINT('',(60.,46.1111111111111,0.));
#3678=CARTESIAN_POINT('',(30.,46.1111111111111,2.5));
#3679=CARTESIAN_POINT('',(60.,46.1111111111111,2.5));
#3680=CARTESIAN_POINT('',(30.,46.1111111111111,2.5));
#3681=CARTESIAN_POINT('Origin',(30.,43.1111111111111,2.5));
#3682=CARTESIAN_POINT('Origin',(30.,43.1111111111111,0.));
#3683=CARTESIAN_POINT('Origin',(30.,43.1111111111111,2.5));
#3684=CARTESIAN_POINT('Origin',(150.,47.8888888888889,2.5));
#3685=CARTESIAN_POINT('',(30.,47.8888888888889,0.));
#3686=CARTESIAN_POINT('',(150.,47.8888888888889,0.));
#3687=CARTESIAN_POINT('',(120.,47.8888888888889,0.));
#3688=CARTESIAN_POINT('',(30.,47.8888888888889,2.5));
#3689=CARTESIAN_POINT('',(30.,47.8888888888889,2.5));
#3690=CARTESIAN_POINT('',(150.,47.8888888888889,2.5));
#3691=CARTESIAN_POINT('',(120.,47.8888888888889,2.5));
#3692=CARTESIAN_POINT('',(150.,47.8888888888889,2.5));
#3693=CARTESIAN_POINT('Origin',(150.,50.8888888888889,2.5));
#3694=CARTESIAN_POINT('',(150.,53.8888888888889,0.));
#3695=CARTESIAN_POINT('Origin',(150.,50.8888888888889,0.));
#3696=CARTESIAN_POINT('',(150.,53.8888888888889,2.5));
#3697=CARTESIAN_POINT('Origin',(150.,50.8888888888889,2.5));
#3698=CARTESIAN_POINT('',(150.,53.8888888888889,2.5));
#3699=CARTESIAN_POINT('Origin',(30.,53.8888888888889,2.5));
#3700=CARTESIAN_POINT('',(30.,53.8888888888889,0.));
#3701=CARTESIAN_POINT('',(60.,53.8888888888889,0.));
#3702=CARTESIAN_POINT('',(30.,53.8888888888889,2.5));
#3703=CARTESIAN_POINT('',(60.,53.8888888888889,2.5));
#3704=CARTESIAN_POINT('',(30.,53.8888888888889,2.5));
#3705=CARTESIAN_POINT('Origin',(30.,50.8888888888889,2.5));
#3706=CARTESIAN_POINT('Origin',(30.,50.8888888888889,0.));
#3707=CARTESIAN_POINT('Origin',(30.,50.8888888888889,2.5));
#3708=CARTESIAN_POINT('Origin',(150.,55.6666666666667,2.5));
#3709=CARTESIAN_POINT('',(30.,55.6666666666667,0.));
#3710=CARTESIAN_POINT('',(150.,55.6666666666667,0.));
#3711=CARTESIAN_POINT('',(120.,55.6666666666667,0.));
#3712=CARTESIAN_POINT('',(30.,55.6666666666667,2.5));
#3713=CARTESIAN_POINT('',(30.,55.6666666666667,2.5));
#3714=CARTESIAN_POINT('',(150.,55.6666666666667,2.5));
#3715=CARTESIAN_POINT('',(120.,55.6666666666667,2.5));
#3716=CARTESIAN_POINT('',(150.,55.6666666666667,2.5));
#3717=CARTESIAN_POINT('Origin',(150.,58.6666666666667,2.5));
#3718=CARTESIAN_POINT('',(150.,61.6666666666667,0.));
#3719=CARTESIAN_POINT('Origin',(150.,58.6666666666667,0.));
#3720=CARTESIAN_POINT('',(150.,61.6666666666667,2.5));
#3721=CARTESIAN_POINT('Origin',(150.,58.6666666666667,2.5));
#3722=CARTESIAN_POINT('',(150.,61.6666666666667,2.5));
#3723=CARTESIAN_POINT('Origin',(30.,61.6666666666667,2.5));
#3724=CARTESIAN_POINT('',(30.,61.6666666666667,0.));
#3725=CARTESIAN_POINT('',(60.,61.6666666666667,0.));
#3726=CARTESIAN_POINT('',(30.,61.6666666666667,2.5));
#3727=CARTESIAN_POINT('',(60.,61.6666666666667,2.5));
#3728=CARTESIAN_POINT('',(30.,61.6666666666667,2.5));
#3729=CARTESIAN_POINT('Origin',(30.,58.6666666666667,2.5));
#3730=CARTESIAN_POINT('Origin',(30.,58.6666666666667,0.));
#3731=CARTESIAN_POINT('Origin',(30.,58.6666666666667,2.5));
#3732=CARTESIAN_POINT('Origin',(150.,63.4444444444444,2.5));
#3733=CARTESIAN_POINT('',(30.,63.4444444444444,0.));
#3734=CARTESIAN_POINT('',(150.,63.4444444444444,0.));
#3735=CARTESIAN_POINT('',(120.,63.4444444444444,0.));
#3736=CARTESIAN_POINT('',(30.,63.4444444444444,2.5));
#3737=CARTESIAN_POINT('',(30.,63.4444444444444,2.5));
#3738=CARTESIAN_POINT('',(150.,63.4444444444444,2.5));
#3739=CARTESIAN_POINT('',(120.,63.4444444444444,2.5));
#3740=CARTESIAN_POINT('',(150.,63.4444444444444,2.5));
#3741=CARTESIAN_POINT('Origin',(150.,66.4444444444444,2.5));
#3742=CARTESIAN_POINT('',(150.,69.4444444444444,0.));
#3743=CARTESIAN_POINT('Origin',(150.,66.4444444444444,0.));
#3744=CARTESIAN_POINT('',(150.,69.4444444444444,2.5));
#3745=CARTESIAN_POINT('Origin',(150.,66.4444444444444,2.5));
#3746=CARTESIAN_POINT('',(150.,69.4444444444444,2.5));
#3747=CARTESIAN_POINT('Origin',(30.,69.4444444444444,2.5));
#3748=CARTESIAN_POINT('',(30.,69.4444444444444,0.));
#3749=CARTESIAN_POINT('',(60.,69.4444444444444,0.));
#3750=CARTESIAN_POINT('',(30.,69.4444444444444,2.5));
#3751=CARTESIAN_POINT('',(60.,69.4444444444444,2.5));
#3752=CARTESIAN_POINT('',(30.,69.4444444444444,2.5));
#3753=CARTESIAN_POINT('Origin',(30.,66.4444444444444,2.5));
#3754=CARTESIAN_POINT('Origin',(30.,66.4444444444444,0.));
#3755=CARTESIAN_POINT('Origin',(30.,66.4444444444444,2.5));
#3756=CARTESIAN_POINT('Origin',(150.,71.2222222222222,2.5));
#3757=CARTESIAN_POINT('',(30.,71.2222222222222,0.));
#3758=CARTESIAN_POINT('',(150.,71.2222222222222,0.));
#3759=CARTESIAN_POINT('',(120.,71.2222222222222,0.));
#3760=CARTESIAN_POINT('',(30.,71.2222222222222,2.5));
#3761=CARTESIAN_POINT('',(30.,71.2222222222222,2.5));
#3762=CARTESIAN_POINT('',(150.,71.2222222222222,2.5));
#3763=CARTESIAN_POINT('',(120.,71.2222222222222,2.5));
#3764=CARTESIAN_POINT('',(150.,71.2222222222222,2.5));
#3765=CARTESIAN_POINT('Origin',(150.,74.2222222222222,2.5));
#3766=CARTESIAN_POINT('',(150.,77.2222222222222,0.));
#3767=CARTESIAN_POINT('Origin',(150.,74.2222222222222,0.));
#3768=CARTESIAN_POINT('',(150.,77.2222222222222,2.5));
#3769=CARTESIAN_POINT('Origin',(150.,74.2222222222222,2.5));
#3770=CARTESIAN_POINT('',(150.,77.2222222222222,2.5));
#3771=CARTESIAN_POINT('Origin',(30.,77.2222222222222,2.5));
#3772=CARTESIAN_POINT('',(30.,77.2222222222222,0.));
#3773=CARTESIAN_POINT('',(60.,77.2222222222222,0.));
#3774=CARTESIAN_POINT('',(30.,77.2222222222222,2.5));
#3775=CARTESIAN_POINT('',(60.,77.2222222222222,2.5));
#3776=CARTESIAN_POINT('',(30.,77.2222222222222,2.5));
#3777=CARTESIAN_POINT('Origin',(30.,74.2222222222222,2.5));
#3778=CARTESIAN_POINT('Origin',(30.,74.2222222222222,0.));
#3779=CARTESIAN_POINT('Origin',(30.,74.2222222222222,2.5));
#3780=CARTESIAN_POINT('Origin',(150.,79.,2.5));
#3781=CARTESIAN_POINT('',(30.,79.,0.));
#3782=CARTESIAN_POINT('',(150.,79.,0.));
#3783=CARTESIAN_POINT('',(120.,79.,0.));
#3784=CARTESIAN_POINT('',(30.,79.,2.5));
#3785=CARTESIAN_POINT('',(30.,79.,2.5));
#3786=CARTESIAN_POINT('',(150.,79.,2.5));
#3787=CARTESIAN_POINT('',(120.,79.,2.5));
#3788=CARTESIAN_POINT('',(150.,79.,2.5));
#3789=CARTESIAN_POINT('Origin',(150.,82.,2.5));
#3790=CARTESIAN_POINT('',(150.,85.,0.));
#3791=CARTESIAN_POINT('Origin',(150.,82.,0.));
#3792=CARTESIAN_POINT('',(150.,85.,2.5));
#3793=CARTESIAN_POINT('Origin',(150.,82.,2.5));
#3794=CARTESIAN_POINT('',(150.,85.,2.5));
#3795=CARTESIAN_POINT('Origin',(30.,85.,2.5));
#3796=CARTESIAN_POINT('',(30.,85.,0.));
#3797=CARTESIAN_POINT('',(60.,85.,0.));
#3798=CARTESIAN_POINT('',(30.,85.,2.5));
#3799=CARTESIAN_POINT('',(60.,85.,2.5));
#3800=CARTESIAN_POINT('',(30.,85.,2.5));
#3801=CARTESIAN_POINT('Origin',(30.,82.,2.5));
#3802=CARTESIAN_POINT('Origin',(30.,82.,0.));
#3803=CARTESIAN_POINT('Origin',(30.,82.,2.5));
#3804=CARTESIAN_POINT('Origin',(180.,95.,0.));
#3805=CARTESIAN_POINT('',(180.,95.,0.));
#3806=CARTESIAN_POINT('',(4.31408307542741E-31,95.,0.));
#3807=CARTESIAN_POINT('',(180.,95.,0.));
#3808=CARTESIAN_POINT('',(4.31408307542741E-31,95.,2.5));
#3809=CARTESIAN_POINT('',(4.31408307542741E-31,95.,0.));
#3810=CARTESIAN_POINT('',(180.,95.,2.5));
#3811=CARTESIAN_POINT('',(180.,95.,2.5));
#3812=CARTESIAN_POINT('',(180.,95.,0.));
#3813=CARTESIAN_POINT('Origin',(180.,0.,0.));
#3814=CARTESIAN_POINT('',(180.,0.,0.));
#3815=CARTESIAN_POINT('',(180.,0.,0.));
#3816=CARTESIAN_POINT('',(180.,0.,2.5));
#3817=CARTESIAN_POINT('',(180.,0.,2.5));
#3818=CARTESIAN_POINT('',(180.,0.,0.));
#3819=CARTESIAN_POINT('Origin',(0.,0.,0.));
#3820=CARTESIAN_POINT('',(0.,0.,0.));
#3821=CARTESIAN_POINT('',(0.,0.,0.));
#3822=CARTESIAN_POINT('',(0.,0.,2.5));
#3823=CARTESIAN_POINT('',(0.,0.,2.5));
#3824=CARTESIAN_POINT('',(0.,0.,0.));
#3825=CARTESIAN_POINT('Origin',(4.31408307542741E-31,95.,0.));
#3826=CARTESIAN_POINT('',(4.31408307542741E-31,95.,0.));
#3827=CARTESIAN_POINT('',(4.31408307542741E-31,95.,2.5));
#3828=CARTESIAN_POINT('Origin',(90.,47.5,2.5));
#3829=CARTESIAN_POINT('Origin',(90.,47.5,0.));
#3830=UNCERTAINTY_MEASURE_WITH_UNIT(LENGTH_MEASURE(0.01),#3834,
'DISTANCE_ACCURACY_VALUE',
'Maximum model space distance between geometric entities at asserted c
onnectivities');
#3831=UNCERTAINTY_MEASURE_WITH_UNIT(LENGTH_MEASURE(0.01),#3834,
'DISTANCE_ACCURACY_VALUE',
'Maximum model space distance between geometric entities at asserted c
onnectivities');
#3832=(
GEOMETRIC_REPRESENTATION_CONTEXT(3)
GLOBAL_UNCERTAINTY_ASSIGNED_CONTEXT((#3830))
GLOBAL_UNIT_ASSIGNED_CONTEXT((#3834,#3836,#3837))
REPRESENTATION_CONTEXT('','3D')
);
#3833=(
GEOMETRIC_REPRESENTATION_CONTEXT(3)
GLOBAL_UNCERTAINTY_ASSIGNED_CONTEXT((#3831))
GLOBAL_UNIT_ASSIGNED_CONTEXT((#3834,#3836,#3837))
REPRESENTATION_CONTEXT('','3D')
);
#3834=(
LENGTH_UNIT()
NAMED_UNIT(*)
SI_UNIT(.MILLI.,.METRE.)
);
#3835=(
LENGTH_UNIT()
NAMED_UNIT(*)
SI_UNIT($,.METRE.)
);
#3836=(
NAMED_UNIT(*)
PLANE_ANGLE_UNIT()
SI_UNIT($,.RADIAN.)
);
#3837=(
NAMED_UNIT(*)
SI_UNIT($,.STERADIAN.)
SOLID_ANGLE_UNIT()
);
#3838=SHAPE_DEFINITION_REPRESENTATION(#3839,#3840);
#3839=PRODUCT_DEFINITION_SHAPE('',$,#3842);
#3840=SHAPE_REPRESENTATION('',(#2210),#3832);
#3841=PRODUCT_DEFINITION_CONTEXT('part definition',#3846,'design');
#3842=PRODUCT_DEFINITION('2026-07-10-03-02-22-020','the_gate',#3843,#3841);
#3843=PRODUCT_DEFINITION_FORMATION('',$,#3848);
#3844=PRODUCT_RELATED_PRODUCT_CATEGORY('the_gate','the_gate',(#3848));
#3845=APPLICATION_PROTOCOL_DEFINITION('international standard',
'automotive_design',2009,#3846);
#3846=APPLICATION_CONTEXT(
'Core Data for Automotive Mechanical Design Process');
#3847=PRODUCT_CONTEXT('part definition',#3846,'mechanical');
#3848=PRODUCT('2026-07-10-03-02-22-020','the_gate',$,(#3847));
#3849=PRESENTATION_STYLE_ASSIGNMENT((#3851));
#3850=PRESENTATION_STYLE_ASSIGNMENT((#3852));
#3851=SURFACE_STYLE_USAGE(.BOTH.,#3853);
#3852=SURFACE_STYLE_USAGE(.BOTH.,#3854);
#3853=SURFACE_SIDE_STYLE('',(#3855));
#3854=SURFACE_SIDE_STYLE('',(#3856));
#3855=SURFACE_STYLE_FILL_AREA(#3857);
#3856=SURFACE_STYLE_FILL_AREA(#3858);
#3857=FILL_AREA_STYLE('Steel - Satin',(#3859));
#3858=FILL_AREA_STYLE('Powder Coat (Blue)',(#3860));
#3859=FILL_AREA_STYLE_COLOUR('Steel - Satin',#3861);
#3860=FILL_AREA_STYLE_COLOUR('Powder Coat (Blue)',#3862);
#3861=COLOUR_RGB('Steel - Satin',0.627450980392157,0.627450980392157,0.627450980392157);
#3862=COLOUR_RGB('Powder Coat (Blue)',0.188235294117647,0.231372549019608,
0.588235294117647);
ENDSEC;
END-ISO-10303-21;
