ISO-10303-21;
HEADER;
FILE_DESCRIPTION (( 'STEP AP214' ),
    '1' );
FILE_NAME ('HEX COUPLER.STEP',
    '2022-10-10T04:54:32',
    ( '' ),
    ( '' ),
    'SwSTEP 2.0',
    'SolidWorks 2020',
    '' );
FILE_SCHEMA (( 'AUTOMOTIVE_DESIGN' ));
ENDSEC;

DATA;
#1 = EDGE_CURVE ( 'NONE', #2092, #636, #2075, .T. ) ;
#2 = ORIENTED_EDGE ( 'NONE', *, *, #2141, .F. ) ;
#3 = CARTESIAN_POINT ( 'NONE',  ( -1.412234682781530859, 0.3796300415683245277, 12.83671976372975010 ) ) ;
#4 = CARTESIAN_POINT ( 'NONE',  ( 0.3796313338023984962, 1.412234335408962593, 16.86210634004736875 ) ) ;
#5 = CARTESIAN_POINT ( 'NONE',  ( 0.000000000000000000, 0.000000000000000000, 22.10121933088197821 ) ) ;
#6 = DIRECTION ( 'NONE',  ( -1.000000000000000000, 0.000000000000000000, 0.000000000000000000 ) ) ;
#7 = CARTESIAN_POINT ( 'NONE',  ( -0.1897588717644391743, 1.450006522985893609, 17.60593192610518543 ) ) ;
#8 = VECTOR ( 'NONE', #2568, 1000.000000000000000 ) ;
#9 = CARTESIAN_POINT ( 'NONE',  ( 5.740000000000001990, 0.1962599634861671438, 5.839946296394551872 ) ) ;
#10 = ORIENTED_EDGE ( 'NONE', *, *, #359, .T. ) ;
#11 = DIRECTION ( 'NONE',  ( 1.000000000000000000, -0.000000000000000000, -0.000000000000000000 ) ) ;
#12 = CARTESIAN_POINT ( 'NONE',  ( 1.499999999999999778, 0.8660254037844391517, 8.608333333333336057 ) ) ;
#13 = ORIENTED_EDGE ( 'NONE', *, *, #672, .T. ) ;
#14 =( BOUNDED_CURVE ( )  B_SPLINE_CURVE ( 2, ( #777, #323, #1965, #575, #558, #730, #2615, #745, #1122 ),
 .UNSPECIFIED., .F., .F. ) 
 B_SPLINE_CURVE_WITH_KNOTS ( ( 3, 2, 2, 2, 3 ),
 ( 0.6499677649015580538, 0.6499833466336797372, 0.6616505684125569831, 0.6733177901914343400, 0.6849781626602226003 ),
 .UNSPECIFIED. ) 
 CURVE ( )  GEOMETRIC_REPRESENTATION_ITEM ( )  RATIONAL_B_SPLINE_CURVE ( ( 0.9996426281510231160, 0.9998210751189184897, 1.000000000000000000, 0.8660254037844387076, 1.000000000000000000, 0.8660254037844387076, 1.000000000000000000, 0.8661040543467521946, 0.9998427912199088219 ) ) 
 REPRESENTATION_ITEM ( '' )  );
#15 = EDGE_CURVE ( 'NONE', #1636, #1076, #2203, .T. ) ;
#16 = CARTESIAN_POINT ( 'NONE',  ( -0.3794388583074386201, 1.412286061858066377, 12.72004189195223134 ) ) ;
#17 = CARTESIAN_POINT ( 'NONE',  ( -1.412234984894205292, 0.3796289176978696056, 9.336383610424944024 ) ) ;
#18 = ORIENTED_EDGE ( 'NONE', *, *, #15, .T. ) ;
#19 = DIRECTION ( 'NONE',  ( -0.000000000000000000, -0.000000000000000000, -1.000000000000000000 ) ) ;
#20 = MECHANICAL_DESIGN_GEOMETRIC_PRESENTATION_REPRESENTATION (  '', ( #1187 ), #1142 ) ;
#21 = CARTESIAN_POINT ( 'NONE',  ( -1.474999330912075468, 0.001001671158375019247, 15.18549875261936677 ) ) ;
#22 = CARTESIAN_POINT ( 'NONE',  ( 5.654225371484683293, 0.9911058091005403581, 5.470112195336580108 ) ) ;
#23 = ORIENTED_EDGE ( 'NONE', *, *, #2662, .T. ) ;
#24 = CARTESIAN_POINT ( 'NONE',  ( 0.7499999999999996669, 1.299038105676658228, 10.76666666666666927 ) ) ;
#25 = CARTESIAN_POINT ( 'NONE',  ( -0.7499999999999988898, -1.299038105676658672, 15.05416666748602594 ) ) ;
#26 = ORIENTED_EDGE ( 'NONE', *, *, #2114, .T. ) ;
#27 = CARTESIAN_POINT ( 'NONE',  ( -1.159576982633042652, -0.8910145840890816293, 11.53867844020996891 ) ) ;
#28 = CARTESIAN_POINT ( 'NONE',  ( 0.8911722904492932473, 1.159455784602388961, 16.81835213813057806 ) ) ;
#29 = EDGE_CURVE ( 'NONE', #815, #2539, #1033, .T. ) ;
#30 = CARTESIAN_POINT ( 'NONE',  ( 0.000000000000000000, 0.000000000000000000, 22.10121933088197821 ) ) ;
#31 = CARTESIAN_POINT ( 'NONE',  ( -3.464101615137756607, -6.000000000000002665, 18.00000000000000355 ) ) ;
#32 = CARTESIAN_POINT ( 'NONE',  ( 3.181725716174720005E-16, -1.732050807568877193, 9.074999999999999289 ) ) ;
#33 = CARTESIAN_POINT ( 'NONE',  ( -0.7500000000000002220, 1.299038105676658006, 17.88333333333333286 ) ) ;
#34 = CARTESIAN_POINT ( 'NONE',  ( 1.474999870590340878, -0.0003952071523593068242, 17.64365492102817967 ) ) ;
#35 = CARTESIAN_POINT ( 'NONE',  ( -1.499999999999999778, -0.8660254037844394848, 14.99583333415269237 ) ) ;
#36 = VERTEX_POINT ( 'NONE', #1330 ) ;
#37 = CARTESIAN_POINT ( 'NONE',  ( -1.449987206051319699, 0.1899022643342989369, 11.45117003637734854 ) ) ;
#38 = CARTESIAN_POINT ( 'NONE',  ( -1.267039014786671913, -0.7301629288864085465, 8.723824783598459476 ) ) ;
#39 = CARTESIAN_POINT ( 'NONE',  ( -1.437815128856893443, -0.2153603214388777887, 2.851734196148492995 ) ) ;
#40 = ORIENTED_EDGE ( 'NONE', *, *, #2280, .T. ) ;
#41 = CARTESIAN_POINT ( 'NONE',  ( 0.7500000000000006661, -1.299038105676657562, 14.03333333333333499 ) ) ;
#42 = CARTESIAN_POINT ( 'NONE',  ( 1.266941582135515887, -0.7303319759995816618, 8.257113296492917698 ) ) ;
#43 = EDGE_CURVE ( 'NONE', #334, #305, #2135, .T. ) ;
#44 = CARTESIAN_POINT ( 'NONE',  ( 1.499999999999999778, 0.8660254037844391517, 9.745833334152690597 ) ) ;
#45 = CARTESIAN_POINT ( 'NONE',  ( -0.7499999999999988898, -1.299038105676658672, 17.41666666666667140 ) ) ;
#46 = CARTESIAN_POINT ( 'NONE',  ( 0.000000000000000000, 0.000000000000000000, 12.00000000000000000 ) ) ;
#47 = CARTESIAN_POINT ( 'NONE',  ( 1.499999999999999778, 0.8660254037844391517, 13.24583333415269237 ) ) ;
#48 = VERTEX_POINT ( 'NONE', #2584 ) ;
#49 = FACE_BOUND ( 'NONE', #2471, .T. ) ;
#50 = CARTESIAN_POINT ( 'NONE',  ( -0.1899011680280511538, -1.449987349632085643, 8.125850690744529814 ) ) ;
#51 = CARTESIAN_POINT ( 'NONE',  ( 3.181725716174720005E-16, -1.732050807568877193, 10.21250000081935916 ) ) ;
#52 = CARTESIAN_POINT ( 'NONE',  ( -1.500000000000000222, 0.8660254037844384856, 16.54166666666667140 ) ) ;
#53 = EDGE_CURVE ( 'NONE', #1736, #826, #714, .T. ) ;
#54 = AXIS2_PLACEMENT_3D ( 'NONE', #189, #1654, #1021 ) ;
#55 = CARTESIAN_POINT ( 'NONE',  ( 1.474998345270565281, -0.001415080955896812860, 8.527327675927862671 ) ) ;
#56 = CARTESIAN_POINT ( 'NONE',  ( -1.500000000000000222, 0.8660254037844384856, 12.77916666748602736 ) ) ;
#57 = ORIENTED_EDGE ( 'NONE', *, *, #1538, .F. ) ;
#58 = ADVANCED_FACE ( 'NONE', ( #1157 ), #1969, .F. ) ;
#59 = ORIENTED_EDGE ( 'NONE', *, *, #225, .F. ) ;
#60 = CARTESIAN_POINT ( 'NONE',  ( -0.8910153685234161181, 1.159576379876116947, 8.563392709905903288 ) ) ;
#61 = CYLINDRICAL_SURFACE ( 'NONE', #2658, 1.449999999999999956 ) ;
#62 = CARTESIAN_POINT ( 'NONE',  ( -0.1899018604539956245, -1.449987258946712210, 10.22605238272146266 ) ) ;
#63 = CARTESIAN_POINT ( 'NONE',  ( -0.7500000000000002220, 1.299038105676658006, 9.220833334152690242 ) ) ;
#64 = CARTESIAN_POINT ( 'NONE',  ( -0.7499999999999988898, -1.299038105676658672, 16.01666666666666927 ) ) ;
#65 = CARTESIAN_POINT ( 'NONE',  ( -1.357817023811580093, -0.5183845404837724713, 5.750985036308773779 ) ) ;
#66 = DIRECTION ( 'NONE',  ( -0.000000000000000000, -0.000000000000000000, -1.000000000000000000 ) ) ;
#67 = CARTESIAN_POINT ( 'NONE',  ( 1.500000000000000444, -0.8660254037844380415, 12.42916666748602594 ) ) ;
#68 = ORIENTED_EDGE ( 'NONE', *, *, #2263, .F. ) ;
#69 = EDGE_CURVE ( 'NONE', #2285, #1925, #2040, .T. ) ;
#70 = CARTESIAN_POINT ( 'NONE',  ( -0.8910146302290772313, 1.159576947179249418, 11.36366163254471928 ) ) ;
#71 = VERTEX_POINT ( 'NONE', #1815 ) ;
#72 = CARTESIAN_POINT ( 'NONE',  ( 1.049426382394226254, 1.004587972062896961, 3.222706299722348344 ) ) ;
#73 = CYLINDRICAL_SURFACE ( 'NONE', #1039, 1.449999999999999956 ) ;
#74 = ORIENTED_EDGE ( 'NONE', *, *, #1257, .F. ) ;
#75 = FILL_AREA_STYLE ('',( #1329 ) ) ;
#76 = B_SPLINE_CURVE_WITH_KNOTS ( 'NONE', 3,
 ( #896, #1497, #2365, #2326, #913, #1522, #1718, #2167, #50, #2540, #1744, #1292, #2128, #2348, #42, #1487, #677, #1708 ),
 .UNSPECIFIED., .F., .F.,
 ( 4, 2, 2, 2, 2, 2, 2, 2, 4 ),
 ( 0.01999886198847195332, 0.02437386364598762012, 0.02874886530350328692, 0.03312386696101895373, 0.03749886861853462400, 0.04187387027605028733, 0.04624887193356595760, 0.05062387359108162788, 0.05499887524859729815 ),
 .UNSPECIFIED. ) ;
#77 = CARTESIAN_POINT ( 'NONE',  ( -1.498843650294446439, 0.8666930225982174552, 14.44157672835623885 ) ) ;
#78 = CARTESIAN_POINT ( 'NONE',  ( -0.8910148148038402605, 1.159576805352760642, 10.66359440188511520 ) ) ;
#79 = VECTOR ( 'NONE', #2227, 1000.000000000000000 ) ;
#80 = CARTESIAN_POINT ( 'NONE',  ( 0.7500000000000006661, -1.299038105676657562, 8.170833334152693084 ) ) ;
#81 = CARTESIAN_POINT ( 'NONE',  ( -1.060575238724906915E-16, 1.732050807568877193, 13.62500000000000355 ) ) ;
#82 = DIRECTION ( 'NONE',  ( -0.000000000000000000, -0.000000000000000000, -1.000000000000000000 ) ) ;
#83 = CARTESIAN_POINT ( 'NONE',  ( -5.553342084449327309, 1.452027857082119011, 4.728884801425548901 ) ) ;
#84 = CARTESIAN_POINT ( 'NONE',  ( 1.474999431122188565, 0.0008739829654390883018, 9.001571886986463156 ) ) ;
#85 = CARTESIAN_POINT ( 'NONE',  ( 0.7500000000000006661, -1.299038105676657562, 13.33333333333333570 ) ) ;
#86 = CARTESIAN_POINT ( 'NONE',  ( 3.181725716174720005E-16, -1.732050807568877193, 11.61250000081935774 ) ) ;
#87 = ORIENTED_EDGE ( 'NONE', *, *, #2586, .F. ) ;
#88 = EDGE_CURVE ( 'NONE', #1925, #2285, #2513, .T. ) ;
#89 = CYLINDRICAL_SURFACE ( 'NONE', #2576, 1.449999999999999956 ) ;
#90 = CARTESIAN_POINT ( 'NONE',  ( -1.449987266503438343, 0.1899018027548761978, 10.05103557505648659 ) ) ;
#91 = B_SPLINE_CURVE_WITH_KNOTS ( 'NONE', 3,
 ( #1706, #2611, #1924, #132 ),
 .UNSPECIFIED., .F., .F.,
 ( 4, 4 ),
 ( 0.000000000000000000, 1.000000000000000000 ),
 .UNSPECIFIED. ) ;
#92 = DIRECTION ( 'NONE',  ( 0.000000000000000000, 0.000000000000000000, 1.000000000000000000 ) ) ;
#93 = CARTESIAN_POINT ( 'NONE',  ( 1.474999425643015449, 0.0008781838631647275644, 10.40163941636691725 ) ) ;
#94 =( BOUNDED_CURVE ( )  B_SPLINE_CURVE ( 2, ( #1694, #1863, #1653, #605, #833, #1422, #638, #1435, #2477 ),
 .UNSPECIFIED., .F., .F. ) 
 B_SPLINE_CURVE_WITH_KNOTS ( ( 3, 2, 2, 2, 3 ),
 ( 0.4049648492328323801, 0.4049716892772555754, 0.4166389110561328768, 0.4283061328350102892, 0.4399576923372353066 ),
 .UNSPECIFIED. ) 
 CURVE ( )  GEOMETRIC_REPRESENTATION_ITEM ( )  RATIONAL_B_SPLINE_CURVE ( ( 0.9998430037653397440, 0.9999214558352400584, 1.000000000000000000, 0.8660254037844387076, 1.000000000000000000, 0.8660254037844387076, 1.000000000000000000, 0.8662052535575959222, 0.9996407833204650206 ) ) 
 REPRESENTATION_ITEM ( '' )  );
#95 = CARTESIAN_POINT ( 'NONE',  ( 1.500000000000000000, 1.836970198721029934E-16, 9.687500000819358803 ) ) ;
#96 = CARTESIAN_POINT ( 'NONE',  ( -1.500000000000000222, 0.8660254037844384856, 15.14166666666666927 ) ) ;
#97 = CARTESIAN_POINT ( 'NONE',  ( 1.159577620748268867, 0.8910137536378958112, 14.68898097819116266 ) ) ;
#98 = CARTESIAN_POINT ( 'NONE',  ( -5.740000000000001990, 0.1962599634861658671, 2.839946296394552316 ) ) ;
#99 = CARTESIAN_POINT ( 'NONE',  ( -0.7301627776197592290, 1.267039101957863512, 9.248875206592570564 ) ) ;
#100 = CARTESIAN_POINT ( 'NONE',  ( 0.3794398698288562466, -1.412285790092035143, 9.569739353978029328 ) ) ;
#101 = CARTESIAN_POINT ( 'NONE',  ( -0.7500000000000002220, 1.299038105676658006, 10.62083333415269060 ) ) ;
#102 = CARTESIAN_POINT ( 'NONE',  ( 1.449987130491586118, -0.1899028412647312813, 13.20133811303179705 ) ) ;
#103 = AXIS2_PLACEMENT_3D ( 'NONE', #1496, #1878, #214 ) ;
#104 = ORIENTED_EDGE ( 'NONE', *, *, #993, .F. ) ;
#105 = CARTESIAN_POINT ( 'NONE',  ( -0.7500000000000002220, 1.299038105676658006, 12.28333333333333499 ) ) ;
#106 = VERTEX_POINT ( 'NONE', #125 ) ;
#107 = CARTESIAN_POINT ( 'NONE',  ( -1.474999330900318206, 0.001001814967775740148, 16.58549874092828702 ) ) ;
#108 = ORIENTED_EDGE ( 'NONE', *, *, #1170, .T. ) ;
#109 = DIRECTION ( 'NONE',  ( -0.000000000000000000, -0.000000000000000000, -1.000000000000000000 ) ) ;
#110 = CARTESIAN_POINT ( 'NONE',  ( 1.449999999999999956, 1.775737858763661670E-16, 22.10121933088197821 ) ) ;
#111 = EDGE_CURVE ( 'NONE', #2433, #1992, #2216, .T. ) ;
#112 = CARTESIAN_POINT ( 'NONE',  ( 1.266940884652197896, -0.7303331859559316630, 12.45751668045313743 ) ) ;
#113 = CARTESIAN_POINT ( 'NONE',  ( -1.060575238724906915E-16, 1.732050807568877193, 14.32500000000000284 ) ) ;
#114 = CARTESIAN_POINT ( 'NONE',  ( -1.474999407653935224, -0.0008918372243540888342, 14.95185888689138132 ) ) ;
#115 = CARTESIAN_POINT ( 'NONE',  ( -5.720067572136305678, 0.4864807762660763313, 5.762234785718986174 ) ) ;
#116 = CARTESIAN_POINT ( 'NONE',  ( -1.449999999999999956, 0.000000000000000000, 22.10121933088197821 ) ) ;
#117 = CYLINDRICAL_SURFACE ( 'NONE', #615, 1.449999999999999956 ) ;
#118 = CARTESIAN_POINT ( 'NONE',  ( -1.500000000000000000, 0.000000000000000000, 11.43750000081935880 ) ) ;
#119 = CARTESIAN_POINT ( 'NONE',  ( -1.412286076953218172, -0.3794388021219382567, 12.89505869961828211 ) ) ;
#120 = CARTESIAN_POINT ( 'NONE',  ( 1.499999999999999778, 0.8660254037844391517, 10.70833333333333393 ) ) ;
#121 = EDGE_LOOP ( 'NONE', ( #2117, #40, #2484, #1639 ) ) ;
#122 = CARTESIAN_POINT ( 'NONE',  ( 1.399034111309003237, 0.4304329303417901986, 2.889348053055894372 ) ) ;
#123 = CARTESIAN_POINT ( 'NONE',  ( 0.000000000000000000, 0.000000000000000000, 22.10121933088197821 ) ) ;
#124 = DIRECTION ( 'NONE',  ( -0.000000000000000000, -0.000000000000000000, -1.000000000000000000 ) ) ;
#125 = CARTESIAN_POINT ( 'NONE',  ( 1.474999409047581311, 0.0008907869414301579705, 14.60184200454126291 ) ) ;
#126 = CYLINDRICAL_SURFACE ( 'NONE', #2577, 1.449999999999999956 ) ;
#127 = CARTESIAN_POINT ( 'NONE',  ( -5.737412702234397699, -0.1974002006156186928, 5.830130362381835241 ) ) ;
#128 = EDGE_CURVE ( 'NONE', #1466, #1441, #1514, .T. ) ;
#129 = CARTESIAN_POINT ( 'NONE',  ( -0.1897066644097515631, 1.450012810009078335, 12.00538992731754639 ) ) ;
#130 = CARTESIAN_POINT ( 'NONE',  ( -0.3796300977634922691, -1.412234667675214661, 13.01173657139485940 ) ) ;
#131 = ORIENTED_EDGE ( 'NONE', *, *, #1712, .F. ) ;
#132 = CARTESIAN_POINT ( 'NONE',  ( 0.3253829399931809641, 1.425844378719818062, 7.758194157689427328 ) ) ;
#133 = CARTESIAN_POINT ( 'NONE',  ( -0.7499999999999988898, -1.299038105676658672, 13.21666666666666856 ) ) ;
#134 = ORIENTED_EDGE ( 'NONE', *, *, #236, .T. ) ;
#135 = FACE_OUTER_BOUND ( 'NONE', #2291, .T. ) ;
#136 = VECTOR ( 'NONE', #1850, 1000.000000000000000 ) ;
#137 = LINE ( 'NONE', #1826, #302 ) ;
#138 = CARTESIAN_POINT ( 'NONE',  ( 1.266940419744806201, -0.7303339924507110670, 15.25778560310580367 ) ) ;
#139 = CARTESIAN_POINT ( 'NONE',  ( 0.3796308843702803637, 1.412234456223332435, 15.46197187871630163 ) ) ;
#140 = CARTESIAN_POINT ( 'NONE',  ( 3.464101615137754830, -6.000000000000003553, 18.00000000000000355 ) ) ;
#141 = FACE_OUTER_BOUND ( 'NONE', #1516, .T. ) ;
#142 = CARTESIAN_POINT ( 'NONE',  ( -0.04827810647610900063, 1.450203448343355461, 4.723235564194702363 ) ) ;
#143 = DIRECTION ( 'NONE',  ( -1.000000000000000000, 0.000000000000000000, 0.000000000000000000 ) ) ;
#144 = ORIENTED_EDGE ( 'NONE', *, *, #15, .F. ) ;
#145 = CARTESIAN_POINT ( 'NONE',  ( -0.7301613659904612197, 1.267039915443467279, 14.14934582122125306 ) ) ;
#146 = CARTESIAN_POINT ( 'NONE',  ( 0.7500000000000006661, -1.299038105676657562, 13.33333333333333570 ) ) ;
#147 = EDGE_CURVE ( 'NONE', #2475, #2356, #573, .T. ) ;
#148 = VERTEX_POINT ( 'NONE', #228 ) ;
#149 = CARTESIAN_POINT ( 'NONE',  ( -0.7303335388116480864, -1.266940681247100464, 13.68263433411243213 ) ) ;
#150 = CARTESIAN_POINT ( 'NONE',  ( 6.928203230275509661, 2.578718702502464065E-15, 18.00000000000000355 ) ) ;
#151 = CARTESIAN_POINT ( 'NONE',  ( 1.221524443351432287, -0.7868449093688623108, 5.620305366632359245 ) ) ;
#152 = CARTESIAN_POINT ( 'NONE',  ( -1.474999418757037883, -0.0008834350774435461651, 12.15172382810035145 ) ) ;
#153 = DIRECTION ( 'NONE',  ( -0.000000000000000000, -0.000000000000000000, -1.000000000000000000 ) ) ;
#154 = CARTESIAN_POINT ( 'NONE',  ( -1.266940942771250578, 0.7303330851343065033, 12.10748306512241257 ) ) ;
#155 = CARTESIAN_POINT ( 'NONE',  ( 0.05981020860531505168, 1.449773622362631631, 4.724858167216000382 ) ) ;
#156 = DIRECTION ( 'NONE',  ( -1.000000000000000000, 0.000000000000000000, 0.000000000000000000 ) ) ;
#157 = ORIENTED_EDGE ( 'NONE', *, *, #2232, .T. ) ;
#158 = CARTESIAN_POINT ( 'NONE',  ( 1.474999411829937435, 0.0008886863877209735677, 13.90180823984206882 ) ) ;
#159 = CARTESIAN_POINT ( 'NONE',  ( 1.500000000000000444, -0.8660254037844380415, 11.99166666666666892 ) ) ;
#160 = ORIENTED_EDGE ( 'NONE', *, *, #960, .F. ) ;
#161 = ADVANCED_FACE ( 'NONE', ( #1268 ), #2292, .F. ) ;
#162 = CARTESIAN_POINT ( 'NONE',  ( -1.437928388965507676, 0.2144772335977419009, 2.851624620627833284 ) ) ;
#163 = CARTESIAN_POINT ( 'NONE',  ( 0.7301622734324216824, -1.267039392508154450, 10.99904328324267055 ) ) ;
#164 = DIRECTION ( 'NONE',  ( -1.000000000000000000, 0.000000000000000000, 0.000000000000000000 ) ) ;
#165 = CARTESIAN_POINT ( 'NONE',  ( 1.499999999999999778, -0.0004409091927341107515, 16.24997030144520593 ) ) ;
#166 = CARTESIAN_POINT ( 'NONE',  ( 1.449999999999999956, 1.775737858763661670E-16, 0.000000000000000000 ) ) ;
#167 = CARTESIAN_POINT ( 'NONE',  ( 5.737412839261637920, 0.1976178327036627047, 2.849760059122793177 ) ) ;
#168 = ORIENTED_EDGE ( 'NONE', *, *, #1275, .T. ) ;
#169 = CARTESIAN_POINT ( 'NONE',  ( 0.7148685086574309011, -1.273027031721966518, 3.533384889633590653 ) ) ;
#170 = CARTESIAN_POINT ( 'NONE',  ( -1.499999999999999778, -0.8660254037844394848, 8.958333333333335702 ) ) ;
#171 = AXIS2_PLACEMENT_3D ( 'NONE', #556, #1640, #2007 ) ;
#172 = ORIENTED_EDGE ( 'NONE', *, *, #1761, .F. ) ;
#173 = CARTESIAN_POINT ( 'NONE',  ( -1.474999413218647915, -0.0008876361169675068847, 13.55179135749298780 ) ) ;
#174 = EDGE_CURVE ( 'NONE', #2341, #1455, #1423, .T. ) ;
#175 = CARTESIAN_POINT ( 'NONE',  ( 1.474999422893560341, 0.0008802843355025293534, 11.10167318105916401 ) ) ;
#176 = CYLINDRICAL_SURFACE ( 'NONE', #564, 1.449999999999999956 ) ;
#177 = SURFACE_STYLE_FILL_AREA ( #2676 ) ;
#178 = LINE ( 'NONE', #1799, #447 ) ;
#179 = CARTESIAN_POINT ( 'NONE',  ( 0.7301604587044983052, -1.267040438287785120, 17.29964835921358102 ) ) ;
#180 = ORIENTED_EDGE ( 'NONE', *, *, #53, .F. ) ;
#181 = CARTESIAN_POINT ( 'NONE',  ( 1.113836622984712310, -0.9330519511685437806, 3.161882274376819790 ) ) ;
#182 = CARTESIAN_POINT ( 'NONE',  ( 1.500000000000000444, -0.8660254037844380415, 8.491666666666668917 ) ) ;
#183 = ORIENTED_EDGE ( 'NONE', *, *, #2425, .T. ) ;
#184 = DIRECTION ( 'NONE',  ( -0.000000000000000000, -0.000000000000000000, -1.000000000000000000 ) ) ;
#185 = CARTESIAN_POINT ( 'NONE',  ( 0.8910147225141398231, -1.159576876267583101, 11.01362801721470319 ) ) ;
#186 = CIRCLE ( 'NONE', #1716, 1.449999999999999956 ) ;
#187 = CARTESIAN_POINT ( 'NONE',  ( -19.50000000000000355, 0.000000000000000000, 4.339946296394551872 ) ) ;
#188 = B_SPLINE_CURVE_WITH_KNOTS ( 'NONE', 3,
 ( #810, #767, #565, #2621, #1843, #356, #2665, #1158, #1645, #129, #1397, #384, #2444, #797, #154, #1186, #343, #1011 ),
 .UNSPECIFIED., .F., .F.,
 ( 4, 2, 2, 2, 2, 2, 2, 2, 4 ),
 ( 0.4049990078506940372, 0.4093740095082340491, 0.4137490111657740055, 0.4181240128233140174, 0.4224990144808540293, 0.4268740161383940412, 0.4312490177959340532, 0.4356240194534740096, 0.4399990211110140215 ),
 .UNSPECIFIED. ) ;
#189 = CARTESIAN_POINT ( 'NONE',  ( 0.000000000000000000, 0.000000000000000000, 22.10121933088197821 ) ) ;
#190 = CYLINDRICAL_SURFACE ( 'NONE', #926, 1.449999999999999956 ) ;
#191 = CARTESIAN_POINT ( 'NONE',  ( 5.690914701377133511, -0.7535283385702348236, 5.640605962126704398 ) ) ;
#192 = EDGE_CURVE ( 'NONE', #1191, #1596, #1818, .T. ) ;
#193 = CARTESIAN_POINT ( 'NONE',  ( -0.7499999999999988898, -1.299038105676658672, 15.31666666666666998 ) ) ;
#194 = CARTESIAN_POINT ( 'NONE',  ( -1.499999999999999778, -0.8660254037844394848, 8.958333333333335702 ) ) ;
#195 = CARTESIAN_POINT ( 'NONE',  ( 5.628219228117902873, 1.129470493912013263, 5.331844520682925470 ) ) ;
#196 = ORIENTED_EDGE ( 'NONE', *, *, #876, .F. ) ;
#197 = CARTESIAN_POINT ( 'NONE',  ( -1.474999432487869466, -0.0008729327513734931382, 8.651555004642229818 ) ) ;
#198 = CARTESIAN_POINT ( 'NONE',  ( 1.500000000000000000, 1.836970198721029934E-16, 15.98750000081935596 ) ) ;
#199 = ORIENTED_EDGE ( 'NONE', *, *, #907, .F. ) ;
#200 = CYLINDRICAL_SURFACE ( 'NONE', #1612, 1.449999999999999956 ) ;
#201 = DIRECTION ( 'NONE',  ( -0.000000000000000000, -0.000000000000000000, -1.000000000000000000 ) ) ;
#202 = CARTESIAN_POINT ( 'NONE',  ( 0.7499999999999996669, 1.299038105676658228, 11.46666666666666856 ) ) ;
#203 = DIRECTION ( 'NONE',  ( -1.000000000000000000, 0.000000000000000000, 0.000000000000000000 ) ) ;
#204 = FACE_OUTER_BOUND ( 'NONE', #2195, .T. ) ;
#205 = LINE ( 'NONE', #1062, #1633 ) ;
#206 = CARTESIAN_POINT ( 'NONE',  ( 5.692709175019546208, 0.7573694940881832149, 3.030494571591575870 ) ) ;
#207 = EDGE_CURVE ( 'NONE', #2433, #2659, #1384, .T. ) ;
#208 = ORIENTED_EDGE ( 'NONE', *, *, #88, .F. ) ;
#209 = CYLINDRICAL_SURFACE ( 'NONE', #2131, 1.449999999999999956 ) ;
#210 = CARTESIAN_POINT ( 'NONE',  ( -1.500000000000000000, 0.000000000000000000, 8.200000000000002842 ) ) ;
#211 = ORIENTED_EDGE ( 'NONE', *, *, #321, .T. ) ;
#212 = CARTESIAN_POINT ( 'NONE',  ( 0.8911711833874984556, 1.159456635503003596, 12.61794875414690864 ) ) ;
#213 = ORIENTED_EDGE ( 'NONE', *, *, #1929, .T. ) ;
#214 = DIRECTION ( 'NONE',  ( -1.000000000000000000, 0.000000000000000000, 0.000000000000000000 ) ) ;
#215 = CARTESIAN_POINT ( 'NONE',  ( -1.449987115380461766, 0.1899029566453059314, 13.55137172836311521 ) ) ;
#216 = CARTESIAN_POINT ( 'NONE',  ( 1.449999999999999956, 1.775737858763661670E-16, 22.10121933088197821 ) ) ;
#217 = VECTOR ( 'NONE', #1997, 1000.000000000000000 ) ;
#218 = CARTESIAN_POINT ( 'NONE',  ( 1.474998354184326788, -0.001411258638435145549, 16.92738876018003324 ) ) ;
#219 = ORIENTED_EDGE ( 'NONE', *, *, #739, .F. ) ;
#220 = LINE ( 'NONE', #231, #998 ) ;
#221 = ADVANCED_FACE ( 'NONE', ( #204 ), #1606, .F. ) ;
#222 = CARTESIAN_POINT ( 'NONE',  ( 0.7500000000000006661, -1.299038105676657562, 12.37083333415269237 ) ) ;
#223 = ORIENTED_EDGE ( 'NONE', *, *, #876, .T. ) ;
#224 = FACE_OUTER_BOUND ( 'NONE', #121, .T. ) ;
#225 = EDGE_CURVE ( 'NONE', #2475, #1428, #986, .T. ) ;
#226 = CARTESIAN_POINT ( 'NONE',  ( -1.474999410439581826, -0.0008897366625755405694, 14.25182512219149444 ) ) ;
#227 =( LENGTH_UNIT ( ) NAMED_UNIT ( * ) SI_UNIT ( .MILLI., .METRE. ) );
#228 = CARTESIAN_POINT ( 'NONE',  ( 1.474999870590340656, -0.0003952071523593068242, 17.64365492102817967 ) ) ;
#229 = CARTESIAN_POINT ( 'NONE',  ( -1.412258709270532320, 0.3795427304065803753, 17.73719740733817929 ) ) ;
#230 = CARTESIAN_POINT ( 'NONE',  ( -1.500000000000000222, 0.8660254037844384856, 17.94166666666666998 ) ) ;
#231 = CARTESIAN_POINT ( 'NONE',  ( 1.449999999999999956, 1.775737858763661670E-16, 22.10121933088197821 ) ) ;
#232 = CARTESIAN_POINT ( 'NONE',  ( -0.7500000000000002220, 1.299038105676658006, 14.82083333415269166 ) ) ;
#233 = ORIENTED_EDGE ( 'NONE', *, *, #2425, .F. ) ;
#234 = CARTESIAN_POINT ( 'NONE',  ( -1.412234803617852252, 0.3796295920528994783, 11.43658530240524485 ) ) ;
#235 = CARTESIAN_POINT ( 'NONE',  ( -1.449987145605497796, 0.1899027258652194738, 12.85130449770194083 ) ) ;
#236 = EDGE_CURVE ( 'NONE', #1992, #683, #836, .T. ) ;
#237 = CARTESIAN_POINT ( 'NONE',  ( 0.000000000000000000, 0.000000000000000000, 22.10121933088197821 ) ) ;
#238 = ORIENTED_EDGE ( 'NONE', *, *, #509, .F. ) ;
#239 = CARTESIAN_POINT ( 'NONE',  ( -1.474999413218647915, -0.0008876361169675068847, 13.55179135749298780 ) ) ;
#240 = CARTESIAN_POINT ( 'NONE',  ( 0.7303326314187786883, 1.266941204317294956, 10.53233179613574855 ) ) ;
#241 = CARTESIAN_POINT ( 'NONE',  ( -0.8911720137102486783, -1.159455997307282882, 15.76825129213212406 ) ) ;
#242 = CARTESIAN_POINT ( 'NONE',  ( -1.500000000000000222, 0.8660254037844384856, 17.24166666666667069 ) ) ;
#243 = CARTESIAN_POINT ( 'NONE',  ( -3.464101615137755719, 6.000000000000003553, 12.00000000000000000 ) ) ;
#244 = CARTESIAN_POINT ( 'NONE',  ( -0.7500000000000002220, 1.299038105676658006, 13.42083333415269131 ) ) ;
#245 = ORIENTED_EDGE ( 'NONE', *, *, #1800, .F. ) ;
#246 = FACE_OUTER_BOUND ( 'NONE', #2487, .T. ) ;
#247 = VERTEX_POINT ( 'NONE', #1831 ) ;
#248 = EDGE_CURVE ( 'NONE', #1904, #2537, #2294, .T. ) ;
#249 = CARTESIAN_POINT ( 'NONE',  ( -0.3794395326453004480, 1.412285880683494144, 10.61984019996865847 ) ) ;
#250 = DIRECTION ( 'NONE',  ( -0.000000000000000000, -0.000000000000000000, -1.000000000000000000 ) ) ;
#251 = CARTESIAN_POINT ( 'NONE',  ( -1.159455890951567314, 0.8911721520839502864, 16.29330171513094427 ) ) ;
#252 = CARTESIAN_POINT ( 'NONE',  ( -1.499999999999999778, 0.001001785641730271398, 10.29993252219217581 ) ) ;
#253 = VECTOR ( 'NONE', #563, 1000.000000000000114 ) ;
#254 = CARTESIAN_POINT ( 'NONE',  ( -1.060575238724906915E-16, 1.732050807568877193, 14.76250000081935809 ) ) ;
#255 = ORIENTED_EDGE ( 'NONE', *, *, #993, .T. ) ;
#256 = CARTESIAN_POINT ( 'NONE',  ( -1.450012998695042521, -0.1897052221940395966, 16.38081011896410999 ) ) ;
#257 = DIRECTION ( 'NONE',  ( 0.4999999999999999445, 0.8660254037844387076, 0.000000000000000000 ) ) ;
#258 = ORIENTED_EDGE ( 'NONE', *, *, #2518, .F. ) ;
#259 = CARTESIAN_POINT ( 'NONE',  ( 5.739999999999999325, 7.029496622236176272E-16, 5.839946296394552760 ) ) ;
#260 = CARTESIAN_POINT ( 'NONE',  ( -0.3796291986878514435, -1.412234909360091883, 10.21146764874938206 ) ) ;
#261 = CARTESIAN_POINT ( 'NONE',  ( 0.7303340428527508310, 1.266940390690314944, 15.43280241077193793 ) ) ;
#262 = CARTESIAN_POINT ( 'NONE',  ( 0.7499999999999996669, 1.299038105676658228, 17.76666666666666927 ) ) ;
#263 = CARTESIAN_POINT ( 'NONE',  ( -1.500000000000000000, 0.000000000000000000, 12.40000000000000213 ) ) ;
#264 = EDGE_CURVE ( 'NONE', #1191, #1593, #1264, .T. ) ;
#265 = CARTESIAN_POINT ( 'NONE',  ( 1.499489339524721521, -0.8663202337473047132, 10.59162694862970255 ) ) ;
#266 = CARTESIAN_POINT ( 'NONE',  ( -1.060575238724906915E-16, 1.732050807568877193, 13.36250000081935774 ) ) ;
#267 = ORIENTED_EDGE ( 'NONE', *, *, #1943, .T. ) ;
#268 = CARTESIAN_POINT ( 'NONE',  ( -0.7301621725940512508, 1.267039450618859586, 11.34907689857260848 ) ) ;
#269 = ORIENTED_EDGE ( 'NONE', *, *, #1376, .F. ) ;
#270 = CARTESIAN_POINT ( 'NONE',  ( 1.412234410916141103, -0.3796310529139413914, 15.98702230171492467 ) ) ;
#271 = FACE_OUTER_BOUND ( 'NONE', #497, .T. ) ;
#272 = CARTESIAN_POINT ( 'NONE',  ( 5.560907068792818819, -1.423176201231365345, 4.823985365465578212 ) ) ;
#273 =( NAMED_UNIT ( * ) PLANE_ANGLE_UNIT ( ) SI_UNIT ( $, .RADIAN. ) );
#274 = CARTESIAN_POINT ( 'NONE',  ( 0.7499999999999996669, 1.299038105676658228, 14.26666666666666927 ) ) ;
#275 = DIRECTION ( 'NONE',  ( 0.000000000000000000, 0.000000000000000000, 1.000000000000000000 ) ) ;
#276 = CARTESIAN_POINT ( 'NONE',  ( -1.449999999999999956, 0.000000000000000000, 22.10121933088197821 ) ) ;
#277 = CARTESIAN_POINT ( 'NONE',  ( -0.7301607611131305520, 1.267040264018048479, 16.24954751321437030 ) ) ;
#278 = CARTESIAN_POINT ( 'NONE',  ( 0.1899033604583207080, 1.449987062493574674, 14.77648938202416495 ) ) ;
#279 = CARTESIAN_POINT ( 'NONE',  ( 1.267039653986663739, 0.7301618196931242144, 12.57419455223034355 ) ) ;
#280 = CARTESIAN_POINT ( 'NONE',  ( -1.500000000000000222, 0.001001815059741612999, 13.09993252021065402 ) ) ;
#281 = CARTESIAN_POINT ( 'NONE',  ( -1.499999999999999778, -0.8660254037844394848, 12.19583333415269166 ) ) ;
#282 = ADVANCED_FACE ( 'NONE', ( #1048 ), #630, .F. ) ;
#283 = EDGE_LOOP ( 'NONE', ( #495, #318, #2057, #1873 ) ) ;
#284 = ORIENTED_EDGE ( 'NONE', *, *, #2084, .F. ) ;
#285 = ORIENTED_EDGE ( 'NONE', *, *, #43, .F. ) ;
#286 = CARTESIAN_POINT ( 'NONE',  ( 1.450000000000002176, 3.430113790043681739E-16, 2.839946296394549208 ) ) ;
#287 = CARTESIAN_POINT ( 'NONE',  ( 0.3796290862933646704, 1.412234939573344228, 9.861434033419488543 ) ) ;
#288 = DIRECTION ( 'NONE',  ( -0.000000000000000000, -0.000000000000000000, -1.000000000000000000 ) ) ;
#289 = AXIS2_PLACEMENT_3D ( 'NONE', #1453, #1074, #1871 ) ;
#290 = CARTESIAN_POINT ( 'NONE',  ( -1.499999999999999778, -0.8660254037844394848, 10.09583333415269202 ) ) ;
#291 = CARTESIAN_POINT ( 'NONE',  ( 3.181725716174720005E-16, -1.732050807568877193, 15.37500000000000178 ) ) ;
#292 = DIRECTION ( 'NONE',  ( -1.000000000000000000, 0.000000000000000000, 0.000000000000000000 ) ) ;
#293 =( BOUNDED_CURVE ( )  B_SPLINE_CURVE ( 2, ( #308, #793, #1982, #338, #576, #1165, #531, #778, #1793 ),
 .UNSPECIFIED., .F., .F. ) 
 B_SPLINE_CURVE_WITH_KNOTS ( ( 3, 2, 2, 2, 3 ),
 ( 0.8599777567821283997, 0.8599933386534719393, 0.8716605604323491852, 0.8833277822112265421, 0.8949706875291318919 ),
 .UNSPECIFIED. ) 
 CURVE ( )  GEOMETRIC_REPRESENTATION_ITEM ( )  RATIONAL_B_SPLINE_CURVE ( ( 0.9996426249621972460, 0.9998210735202354149, 1.000000000000000000, 0.8660254037844387076, 1.000000000000000000, 0.8660254037844387076, 1.000000000000000000, 0.8663046294734554342, 0.9994427125289699898 ) ) 
 REPRESENTATION_ITEM ( '' )  );
#294 = CARTESIAN_POINT ( 'NONE',  ( -5.740000000000000213, -0.09957426395553775622, 5.839946296394553649 ) ) ;
#295 = CARTESIAN_POINT ( 'NONE',  ( -0.1897075875922637211, 1.450012689227758056, 9.205121004676382057 ) ) ;
#296 = CARTESIAN_POINT ( 'NONE',  ( -1.499999999999999778, -0.8660254037844394848, 9.658333333333334991 ) ) ;
#297 = CARTESIAN_POINT ( 'NONE',  ( 0.7500000000000006661, -1.299038105676657562, 11.67083333415269131 ) ) ;
#298 = CARTESIAN_POINT ( 'NONE',  ( -1.267039712082994374, -0.7301617188789654156, 12.92422816756242199 ) ) ;
#299 = ORIENTED_EDGE ( 'NONE', *, *, #425, .F. ) ;
#300 = CARTESIAN_POINT ( 'NONE',  ( 1.499999999999999778, 0.8660254037844391517, 10.00833333333333641 ) ) ;
#301 = EDGE_LOOP ( 'NONE', ( #1101, #1896, #1715, #2 ) ) ;
#302 = VECTOR ( 'NONE', #288, 1000.000000000000000 ) ;
#303 = EDGE_CURVE ( 'NONE', #2595, #1273, #1812, .T. ) ;
#304 = CARTESIAN_POINT ( 'NONE',  ( 0.8911700760939231802, 1.159457486579938745, 8.417545370185422371 ) ) ;
#305 = VERTEX_POINT ( 'NONE', #1730 ) ;
#306 = SURFACE_STYLE_FILL_AREA ( #75 ) ;
#307 = CARTESIAN_POINT ( 'NONE',  ( 1.499999999999999778, 0.8660254037844391517, 15.60833333333333428 ) ) ;
#308 = CARTESIAN_POINT ( 'NONE',  ( -1.474999330900318206, 0.001001814967775740148, 16.58549874092828702 ) ) ;
#309 = CARTESIAN_POINT ( 'NONE',  ( 0.7499999999999996669, 1.299038105676658228, 9.804166667486024167 ) ) ;
#310 = CARTESIAN_POINT ( 'NONE',  ( 0.7499999999999996669, 1.299038105676658228, 14.26666666666666927 ) ) ;
#311 = CARTESIAN_POINT ( 'NONE',  ( -1.449987054938525866, 0.1899034181440907021, 14.95150618969017309 ) ) ;
#312 = CARTESIAN_POINT ( 'NONE',  ( -5.666917631682574452, 0.9237038377334705341, 5.537711657079516847 ) ) ;
#313 = CARTESIAN_POINT ( 'NONE',  ( 1.412234773406524813, -0.3796297044400159248, 11.78661891773571391 ) ) ;
#314 = CARTESIAN_POINT ( 'NONE',  ( -1.267039131014463305, -0.7301627271983538447, 9.423892014257342353 ) ) ;
#315 = CARTESIAN_POINT ( 'NONE',  ( -1.500000000000000000, 0.000000000000000000, 10.73750000081935951 ) ) ;
#316 = CARTESIAN_POINT ( 'NONE',  ( 1.474999411829937435, 0.0008886863877209735677, 13.90180823984206882 ) ) ;
#317 = CARTESIAN_POINT ( 'NONE',  ( -0.7499999999999988898, -1.299038105676658672, 11.11666666666666892 ) ) ;
#318 = ORIENTED_EDGE ( 'NONE', *, *, #1070, .T. ) ;
#319 = CARTESIAN_POINT ( 'NONE',  ( 0.1899012834376159475, 1.449987334517189863, 8.475884306073616870 ) ) ;
#320 = CARTESIAN_POINT ( 'NONE',  ( 5.540564255139409866, -1.499915911721696915, 4.142670422019082643 ) ) ;
#321 = EDGE_CURVE ( 'NONE', #826, #1848, #1080, .T. ) ;
#322 = APPLICATION_PROTOCOL_DEFINITION ( 'draft international standard', 'automotive_design', 1998, #1485 ) ;
#323 = CARTESIAN_POINT ( 'NONE',  ( -1.499999999999999778, 0.001001814369918885197, 14.49993252025711676 ) ) ;
#324 = CARTESIAN_POINT ( 'NONE',  ( -1.449999999999999956, 0.000000000000000000, 22.10121933088197821 ) ) ;
#325 = CARTESIAN_POINT ( 'NONE',  ( 1.450012772266949135, 0.1897069528892490475, 11.13030588899102469 ) ) ;
#326 = CARTESIAN_POINT ( 'NONE',  ( -1.474999304264010602, 0.0008052504071538492403, 8.885515235953381108 ) ) ;
#327 = CARTESIAN_POINT ( 'NONE',  ( -0.2143334443513897902, -1.434970458061745946, 4.777307573887846104 ) ) ;
#328 = CARTESIAN_POINT ( 'NONE',  ( -5.543177312734244744, 1.490361863524032326, 4.536108408412672155 ) ) ;
#329 = CARTESIAN_POINT ( 'NONE',  ( -1.474999304264010602, 0.0008052504071538492403, 8.885515235953381108 ) ) ;
#330 = CARTESIAN_POINT ( 'NONE',  ( 1.500000000000000000, -0.0004403264738213669063, 14.84997034069571420 ) ) ;
#331 = ORIENTED_EDGE ( 'NONE', *, *, #2566, .T. ) ;
#332 = DIRECTION ( 'NONE',  ( -0.000000000000000000, -0.000000000000000000, -1.000000000000000000 ) ) ;
#333 = CARTESIAN_POINT ( 'NONE',  ( 1.500000000000000444, -0.8660254037844380415, 9.891666666666667496 ) ) ;
#334 = VERTEX_POINT ( 'NONE', #1106 ) ;
#335 = CARTESIAN_POINT ( 'NONE',  ( -1.471578160983296080, 0.000000000000000000, 17.87235525557022342 ) ) ;
#336 = FACE_OUTER_BOUND ( 'NONE', #1506, .T. ) ;
#337 = EDGE_CURVE ( 'NONE', #949, #2239, #76, .T. ) ;
#338 = CARTESIAN_POINT ( 'NONE',  ( -1.499999999999999778, -0.8660254037844394848, 16.65833333333333499 ) ) ;
#339 = CARTESIAN_POINT ( 'NONE',  ( -0.7500000000000002220, 1.299038105676658006, 8.783333333333334991 ) ) ;
#340 = FACE_OUTER_BOUND ( 'NONE', #283, .T. ) ;
#341 = CARTESIAN_POINT ( 'NONE',  ( -5.720179743108774417, -0.4852430989934570227, 5.762688890401609143 ) ) ;
#342 = EDGE_CURVE ( 'NONE', #1681, #2682, #2424, .T. ) ;
#343 = CARTESIAN_POINT ( 'NONE',  ( -1.449987175826925156, 0.1899024951109321291, 12.15123726703878759 ) ) ;
#344 = CARTESIAN_POINT ( 'NONE',  ( -19.50000000000000355, 0.000000000000000000, 2.839946296394551428 ) ) ;
#345 = CARTESIAN_POINT ( 'NONE',  ( 3.464101615137754830, -6.000000000000003553, 18.00000000000000355 ) ) ;
#346 = ORIENTED_EDGE ( 'NONE', *, *, #503, .T. ) ;
#347 = CARTESIAN_POINT ( 'NONE',  ( 1.450000000000002176, 3.430113790043681739E-16, 2.839946296394549208 ) ) ;
#348 = CARTESIAN_POINT ( 'NONE',  ( 3.181725716174720005E-16, -1.732050807568877193, 10.47500000000000142 ) ) ;
#349 = ORIENTED_EDGE ( 'NONE', *, *, #1665, .T. ) ;
#350 = CARTESIAN_POINT ( 'NONE',  ( -1.267039828294067583, -0.7301615172196830317, 13.62429539822383973 ) ) ;
#351 = CARTESIAN_POINT ( 'NONE',  ( 0.3794394202474139499, -1.412285910881271311, 10.96987381529861061 ) ) ;
#352 = CARTESIAN_POINT ( 'NONE',  ( 1.272323424961110616, -0.7026452450047047105, 5.668918306049904210 ) ) ;
#353 = CARTESIAN_POINT ( 'NONE',  ( -0.3794379592917316857, 1.412286303396269371, 15.52031081460502193 ) ) ;
#354 = CARTESIAN_POINT ( 'NONE',  ( 1.498191154272236814, -0.8670697413522847619, 12.69152597866562004 ) ) ;
#355 = CARTESIAN_POINT ( 'NONE',  ( -5.560972577207031087, 1.422912609350376334, 4.824617318560308732 ) ) ;
#356 = CARTESIAN_POINT ( 'NONE',  ( 0.8911709988580096553, 1.159456777334246347, 11.91788152348479990 ) ) ;
#357 = CARTESIAN_POINT ( 'NONE',  ( -1.474999435214295884, -0.0008708323358566176769, 7.951521239954840503 ) ) ;
#358 = AXIS2_PLACEMENT_3D ( 'NONE', #1498, #250, #678 ) ;
#359 = EDGE_CURVE ( 'NONE', #1923, #2433, #1091, .T. ) ;
#360 = CARTESIAN_POINT ( 'NONE',  ( 0.000000000000000000, 0.000000000000000000, 22.10121933088197821 ) ) ;
#361 = ORIENTED_EDGE ( 'NONE', *, *, #1070, .F. ) ;
#362 = FACE_OUTER_BOUND ( 'NONE', #892, .T. ) ;
#363 = CARTESIAN_POINT ( 'NONE',  ( 1.500000000000000000, 1.836970198721029934E-16, 10.65000000000000391 ) ) ;
#364 = EDGE_LOOP ( 'NONE', ( #2361, #1677, #180, #2376 ) ) ;
#365 = CARTESIAN_POINT ( 'NONE',  ( -0.1899030143342360921, -1.449987107825025490, 13.72638853602887288 ) ) ;
#366 = CARTESIAN_POINT ( 'NONE',  ( -1.449999999999999734, 0.1092708601230854282, 5.839946296394555425 ) ) ;
#367 = CARTESIAN_POINT ( 'NONE',  ( 0.7087968604254210048, -1.276523914767281553, 5.140973429419784857 ) ) ;
#368 = CARTESIAN_POINT ( 'NONE',  ( -0.7500000000000002220, 1.299038105676658006, 16.48333333333333428 ) ) ;
#369 = LINE ( 'NONE', #2634, #2673 ) ;
#370 = CARTESIAN_POINT ( 'NONE',  ( -19.50000000000000355, 0.000000000000000000, 4.339946296394551872 ) ) ;
#371 = CARTESIAN_POINT ( 'NONE',  ( 0.1897049337988304940, -1.450013036425689350, 17.25589415729710652 ) ) ;
#372 = CARTESIAN_POINT ( 'NONE',  ( 1.474999869795375895, -0.0003963830669403712041, 12.04363551952346967 ) ) ;
#373 =( BOUNDED_CURVE ( )  B_SPLINE_CURVE ( 2, ( #1337, #252, #491, #2574, #537, #693, #930, #265, #1784 ),
 .UNSPECIFIED., .F., .F. ) 
 B_SPLINE_CURVE_WITH_KNOTS ( ( 3, 2, 2, 2, 3 ),
 ( 0.2299477813087894562, 0.2299633625941668036, 0.2416305843730320313, 0.2532978061518972868, 0.2649581476100072441 ),
 .UNSPECIFIED. ) 
 CURVE ( )  GEOMETRIC_REPRESENTATION_ITEM ( )  RATIONAL_B_SPLINE_CURVE ( ( 0.9996426383835397278, 0.9998210802488788351, 1.000000000000000000, 0.8660254037844387076, 1.000000000000000000, 0.8660254037844387076, 1.000000000000000000, 0.8661044104419365341, 0.9998420798676240784 ) ) 
 REPRESENTATION_ITEM ( '' )  );
#374 = VERTEX_POINT ( 'NONE', #1303 ) ;
#375 = DIRECTION ( 'NONE',  ( -1.000000000000000000, 0.000000000000000000, 0.000000000000000000 ) ) ;
#376 = EDGE_CURVE ( 'NONE', #529, #1388, #437, .T. ) ;
#377 = CARTESIAN_POINT ( 'NONE',  ( -0.7499999999999988898, -1.299038105676658672, 9.016666666666669272 ) ) ;
#378 = ORIENTED_EDGE ( 'NONE', *, *, #2387, .F. ) ;
#379 = CARTESIAN_POINT ( 'NONE',  ( -1.450000000000000178, 0.1096111764832029128, 2.839946296394555425 ) ) ;
#380 = CARTESIAN_POINT ( 'NONE',  ( 1.159456954636152615, -0.8911707681793060720, 11.04279748515876491 ) ) ;
#381 = DIRECTION ( 'NONE',  ( 0.000000000000000000, 0.000000000000000000, -1.000000000000000000 ) ) ;
#382 = CARTESIAN_POINT ( 'NONE',  ( -1.450012817557167155, -0.1897066067161566616, 12.18040673498302695 ) ) ;
#383 = DIRECTION ( 'NONE',  ( -0.000000000000000000, -0.000000000000000000, -1.000000000000000000 ) ) ;
#384 = CARTESIAN_POINT ( 'NONE',  ( -0.7301619709334707942, 1.267039566830668207, 12.04914412923391254 ) ) ;
#385 = CARTESIAN_POINT ( 'NONE',  ( 5.588980798719273224, 1.310297227630033090, 3.583992362899242945 ) ) ;
#386 = ORIENTED_EDGE ( 'NONE', *, *, #393, .F. ) ;
#387 = CARTESIAN_POINT ( 'NONE',  ( 0.7303336396234619832, 1.266940623133693489, 14.03266794944402029 ) ) ;
#388 = CARTESIAN_POINT ( 'NONE',  ( -0.7499999999999988898, -1.299038105676658672, 8.316666666666668206 ) ) ;
#389 = VECTOR ( 'NONE', #1678, 1000.000000000000000 ) ;
#390 = EDGE_LOOP ( 'NONE', ( #2628, #1692, #2643, #855 ) ) ;
#391 =( BOUNDED_CURVE ( )  B_SPLINE_CURVE ( 2, ( #621, #1459, #2504, #1290, #434, #458, #41, #1267, #1449 ),
 .UNSPECIFIED., .F., .F. ) 
 B_SPLINE_CURVE_WITH_KNOTS ( ( 3, 2, 2, 2, 3 ),
 ( 0.5799644342136572872, 0.5799800159604155958, 0.5916472377392929527, 0.6033144595181703096, 0.6149573466444624437 ),
 .UNSPECIFIED. ) 
 CURVE ( )  GEOMETRIC_REPRESENTATION_ITEM ( )  RATIONAL_B_SPLINE_CURVE ( ( 0.9996426278157756196, 0.9998210749508458228, 1.000000000000000000, 0.8660254037844387076, 1.000000000000000000, 0.8660254037844387076, 1.000000000000000000, 0.8663048383675764352, 0.9994422964828619804 ) ) 
 REPRESENTATION_ITEM ( '' )  );
#392 = CARTESIAN_POINT ( 'NONE',  ( 0.3873243570228150356, 1.400399159998242826, 3.799268945996703284 ) ) ;
#393 = EDGE_CURVE ( 'NONE', #636, #1681, #1249, .T. ) ;
#394 = CARTESIAN_POINT ( 'NONE',  ( -5.739999999999999325, 0.000000000000000000, 12.00000000000000000 ) ) ;
#395 = CARTESIAN_POINT ( 'NONE',  ( -1.266940129218615985, 0.7303344964385151128, 17.00795367977000083 ) ) ;
#396 = CARTESIAN_POINT ( 'NONE',  ( -1.060575238724906915E-16, 1.732050807568877193, 13.62500000000000000 ) ) ;
#397 = CARTESIAN_POINT ( 'NONE',  ( 3.181725716174720005E-16, -1.732050807568877193, 11.17500000000000071 ) ) ;
#398 = CARTESIAN_POINT ( 'NONE',  ( -1.474999330912075468, 0.001001671158375019247, 15.18549875261936677 ) ) ;
#399 = CARTESIAN_POINT ( 'NONE',  ( 1.474999869451516288, -0.0003970733699533723102, 14.84362688741390990 ) ) ;
#400 = CARTESIAN_POINT ( 'NONE',  ( 0.1899038219285773821, 1.449987002055243002, 16.17662384335341130 ) ) ;
#401 = ORIENTED_EDGE ( 'NONE', *, *, #1414, .F. ) ;
#402 = CARTESIAN_POINT ( 'NONE',  ( -0.3794384087782107784, 1.412286182632933818, 14.12017635327694265 ) ) ;
#403 = CARTESIAN_POINT ( 'NONE',  ( -1.060575238724906915E-16, 1.732050807568877193, 17.56250000081935880 ) ) ;
#404 = EDGE_LOOP ( 'NONE', ( #587, #1416, #512, #2451, #1581, #1203, #454, #2560, #196, #2210, #1054, #57, #2163, #990, #1266, #2134, #1822, #1469, #1870, #2422, #639, #238, #2640, #386, #663, #1493, #401, #2147, #1910, #2545, #2581, #633, #213, #1959, #2685, #2463, #1891, #1565, #255, #267, #2074, #1900, #1452, #788, #2527, #539, #527, #2274, #1114, #773, #1788, #974, #2693, #2579, #346, #1300, #1857, #2654, #964 ) ) ;
#405 = CARTESIAN_POINT ( 'NONE',  ( -0.8911701683780248739, -1.159457415649510326, 8.767578985514624890 ) ) ;
#406 = VECTOR ( 'NONE', #1816, 1000.000000000000000 ) ;
#407 = CARTESIAN_POINT ( 'NONE',  ( -1.266941407750664883, 0.7303322785132504436, 9.307214142480820129 ) ) ;
#408 = ADVANCED_FACE ( 'NONE', ( #336 ), #761, .F. ) ;
#409 = CARTESIAN_POINT ( 'NONE',  ( 1.500000000000000000, 1.836970198721029934E-16, 11.35000000000000320 ) ) ;
#410 = CARTESIAN_POINT ( 'NONE',  ( 0.8911495862013948388, 1.159473915673843836, 17.51842160528317649 ) ) ;
#411 = CARTESIAN_POINT ( 'NONE',  ( 5.540555620639805667, 1.499947804930167328, 4.538179421627295262 ) ) ;
#412 = ORIENTED_EDGE ( 'NONE', *, *, #1301, .T. ) ;
#413 = LINE ( 'NONE', #2086, #2176 ) ;
#414 = CARTESIAN_POINT ( 'NONE',  ( 1.499999999999999778, 0.8660254037844391517, 9.308333333333335347 ) ) ;
#415 = EDGE_LOOP ( 'NONE', ( #1623, #1532, #1120, #624, #1949, #331, #1324, #18 ) ) ;
#416 = B_SPLINE_CURVE_WITH_KNOTS ( 'NONE', 3,
 ( #152, #382, #2217, #2428, #2254, #2413, #2649, #1998, #794, #2243, #547, #561, #1813, #1984, #112, #942, #996, #577 ),
 .UNSPECIFIED., .F., .F.,
 ( 4, 2, 2, 2, 2, 2, 2, 2, 4 ),
 ( 0.4399990211110140215, 0.4443740227685500921, 0.4487490244260861627, 0.4531240260836222333, 0.4574990277411583595, 0.4618740293986944301, 0.4662490310562305007, 0.4706240327137665713, 0.4749990343713026419 ),
 .UNSPECIFIED. ) ;
#417 = CARTESIAN_POINT ( 'NONE',  ( -0.8911709065887077896, -1.159456848253375805, 11.56784790815417274 ) ) ;
#418 = CARTESIAN_POINT ( 'NONE',  ( -0.7301605595123777936, 1.267040380195182836, 16.94961474388094658 ) ) ;
#419 = ORIENTED_EDGE ( 'NONE', *, *, #207, .T. ) ;
#420 = CARTESIAN_POINT ( 'NONE',  ( 6.928203230275509661, 2.578718702502464065E-15, 18.00000000000000355 ) ) ;
#421 = EDGE_CURVE ( 'NONE', #2659, #71, #938, .T. ) ;
#422 = CARTESIAN_POINT ( 'NONE',  ( -1.449999999999999956, 0.000000000000000000, 22.10121933088197821 ) ) ;
#423 = DIRECTION ( 'NONE',  ( 0.000000000000000000, 0.000000000000000000, -1.000000000000000000 ) ) ;
#424 = CARTESIAN_POINT ( 'NONE',  ( -1.267040409238664012, -0.7301605091131568859, 17.12463155154768657 ) ) ;
#425 = EDGE_CURVE ( 'NONE', #2239, #1069, #137, .T. ) ;
#426 = VERTEX_POINT ( 'NONE', #2647 ) ;
#427 = CARTESIAN_POINT ( 'NONE',  ( -6.928203230275513214, -2.596808198865154183E-15, 12.00000000000000000 ) ) ;
#428 = CARTESIAN_POINT ( 'NONE',  ( 1.500000000000000444, -0.8660254037844380415, 16.62916666748602523 ) ) ;
#429 = ORIENTED_EDGE ( 'NONE', *, *, #759, .T. ) ;
#430 = CARTESIAN_POINT ( 'NONE',  ( 0.1897077029994779507, -1.450012674128822843, 8.855087389346964599 ) ) ;
#431 = VECTOR ( 'NONE', #432, 1000.000000000000000 ) ;
#432 = DIRECTION ( 'NONE',  ( 1.000000000000000000, -1.251928832280965695E-16, 0.000000000000000000 ) ) ;
#433 = ORIENTED_EDGE ( 'NONE', *, *, #1359, .F. ) ;
#434 = CARTESIAN_POINT ( 'NONE',  ( -0.7499999999999988898, -1.299038105676658672, 13.91666666666666963 ) ) ;
#435 = DIRECTION ( 'NONE',  ( -0.000000000000000000, -0.000000000000000000, -1.000000000000000000 ) ) ;
#436 = LINE ( 'NONE', #2269, #705 ) ;
#437 = CIRCLE ( 'NONE', #2231, 5.739999999999999325 ) ;
#438 = CARTESIAN_POINT ( 'NONE',  ( 0.7500000000000006661, -1.299038105676657562, 16.13333333333333641 ) ) ;
#439 = CARTESIAN_POINT ( 'NONE',  ( -0.2402013110711791744, 1.593370515962230671, 8.043682324194426414 ) ) ;
#440 = CARTESIAN_POINT ( 'NONE',  ( 1.500000000000000000, 1.836970198721029934E-16, 14.58750000081935738 ) ) ;
#441 = ADVANCED_FACE ( 'NONE', ( #980 ), #1138, .F. ) ;
#442 = EDGE_LOOP ( 'NONE', ( #903, #26, #429, #1113, #660, #1044, #2624, #74 ) ) ;
#443 = CARTESIAN_POINT ( 'NONE',  ( 1.159577195347623935, 0.8910143072599667757, 12.58877928620253250 ) ) ;
#444 = PLANE ( 'NONE',  #2610 ) ;
#445 = ORIENTED_EDGE ( 'NONE', *, *, #859, .T. ) ;
#446 = CARTESIAN_POINT ( 'NONE',  ( 0.7500000000000006661, -1.299038105676657562, 11.23333333333333428 ) ) ;
#447 = VECTOR ( 'NONE', #751, 1000.000000000000000 ) ;
#448 = AXIS2_PLACEMENT_3D ( 'NONE', #1037, #423, #1073 ) ;
#449 = CARTESIAN_POINT ( 'NONE',  ( 0.8911706297676239563, 1.159457061021067492, 10.51774706216358979 ) ) ;
#450 = CARTESIAN_POINT ( 'NONE',  ( -1.498843683441333674, 0.8666930034608529843, 10.24157673093432841 ) ) ;
#451 = CARTESIAN_POINT ( 'NONE',  ( -1.474999402062900700, -0.0008960383963125353492, 16.35192641629530641 ) ) ;
#452 = CARTESIAN_POINT ( 'NONE',  ( -1.159456316390715225, 0.8911715985677051144, 14.19310002313771335 ) ) ;
#453 = CARTESIAN_POINT ( 'NONE',  ( 1.500000000000000000, 1.836970198721029934E-16, 13.18750000081935880 ) ) ;
#454 = ORIENTED_EDGE ( 'NONE', *, *, #776, .F. ) ;
#455 = ADVANCED_FACE ( 'NONE', ( #951 ), #1346, .F. ) ;
#456 = CARTESIAN_POINT ( 'NONE',  ( 1.474999397852348570, 0.0008991893200140237434, 17.40197706335203520 ) ) ;
#457 = ORIENTED_EDGE ( 'NONE', *, *, #2646, .F. ) ;
#458 = CARTESIAN_POINT ( 'NONE',  ( 3.181725716174720005E-16, -1.732050807568877193, 13.97500000000000142 ) ) ;
#459 = CARTESIAN_POINT ( 'NONE',  ( 1.499999999999999778, 0.8660254037844391517, 12.80833333333333535 ) ) ;
#460 = CARTESIAN_POINT ( 'NONE',  ( -1.500000000000000222, 0.8660254037844384856, 7.879166667486025233 ) ) ;
#461 = LINE ( 'NONE', #1307, #1808 ) ;
#462 = CARTESIAN_POINT ( 'NONE',  ( -1.474999330913296269, 0.001001409617674895586, 10.98549876689901339 ) ) ;
#463 = CARTESIAN_POINT ( 'NONE',  ( -1.500000000000000222, 0.8660254037844384856, 14.17916666748602594 ) ) ;
#464 = ORIENTED_EDGE ( 'NONE', *, *, #236, .F. ) ;
#465 = CARTESIAN_POINT ( 'NONE',  ( 1.272323424961109728, 0.7026452450047059317, 3.010974286739198647 ) ) ;
#466 = CARTESIAN_POINT ( 'NONE',  ( 0.7301612651731413939, -1.267039973541811193, 14.49937943655304551 ) ) ;
#467 = EDGE_CURVE ( 'NONE', #911, #2085, #1391, .T. ) ;
#468 = DIRECTION ( 'NONE',  ( 1.000000000000000000, -1.251928832280965695E-16, 0.000000000000000000 ) ) ;
#469 = CARTESIAN_POINT ( 'NONE',  ( 1.450012953414371308, 0.1897055682965148038, 15.33070927296668096 ) ) ;
#470 = LINE ( 'NONE', #2155, #2353 ) ;
#471 = CARTESIAN_POINT ( 'NONE',  ( -1.450000000000000622, -0.1096111764832030655, 5.839946296394558090 ) ) ;
#472 = FACE_OUTER_BOUND ( 'NONE', #1219, .T. ) ;
#473 = VECTOR ( 'NONE', #2661, 1000.000000000000000 ) ;
#474 = CARTESIAN_POINT ( 'NONE',  ( 1.500000000000000000, 1.836970198721029934E-16, 12.48750000081935774 ) ) ;
#475 = EDGE_LOOP ( 'NONE', ( #819, #552, #2496, #758 ) ) ;
#476 = CARTESIAN_POINT ( 'NONE',  ( -0.3794393078475739034, 1.412285941079907570, 11.31990743062839755 ) ) ;
#477 = CARTESIAN_POINT ( 'NONE',  ( -3.464101615137755719, 6.000000000000003553, 12.00000000000000000 ) ) ;
#478 = LINE ( 'NONE', #662, #2225 ) ;
#479 = B_SPLINE_CURVE_WITH_KNOTS ( 'NONE', 3,
 ( #2229, #559, #731, #352, #151, #1567, #2395, #981, #367, #1109, #899, #2400, #1733, #1125, #2204, #488, #1156, #327, #1954, #1094, #706, #1968, #2604, #944, #1541, #2368, #1999, #65, #1334, #1780, #471, #2589 ),
 .UNSPECIFIED., .F., .F.,
 ( 4, 2, 2, 2, 2, 2, 2, 2, 2, 2, 2, 2, 2, 2, 2, 4 ),
 ( 0.005155022947614427455, 0.005801407685331144877, 0.006124600054189503588, 0.006447792423047861432, 0.007094177160764579722, 0.007417369529622938433, 0.007578965714052118656, 0.007740561898481298879, 0.007902158082910479969, 0.008063754267339658457, 0.008386946636198017169, 0.009033331373914734591, 0.009356523742773091568, 0.009679716111631450279, 0.01000290848048980899, 0.01032610084934816597 ),
 .UNSPECIFIED. ) ;
#480 = CARTESIAN_POINT ( 'NONE',  ( 5.739999999999999325, -2.076402873667321117E-16, 2.839946296394551428 ) ) ;
#481 = PRESENTATION_STYLE_ASSIGNMENT (( #1980 ) ) ;
#482 = CARTESIAN_POINT ( 'NONE',  ( 1.499999999999999778, 0.8660254037844391517, 14.20833333333333570 ) ) ;
#483 = CARTESIAN_POINT ( 'NONE',  ( 0.1899019758420543991, 1.449987243834690354, 10.57608599805220528 ) ) ;
#484 = EDGE_CURVE ( 'NONE', #2539, #1001, #14, .T. ) ;
#485 = CARTESIAN_POINT ( 'NONE',  ( -1.499999999999999778, -0.8660254037844394848, 9.395833334152690952 ) ) ;
#486 = CARTESIAN_POINT ( 'NONE',  ( -1.499999999999999778, -0.8660254037844394848, 17.35833333333333783 ) ) ;
#487 = AXIS2_PLACEMENT_3D ( 'NONE', #2616, #1198, #2648 ) ;
#488 = CARTESIAN_POINT ( 'NONE',  ( -0.05983096443677697607, -1.449773277970272334, 4.724859467066298002 ) ) ;
#489 =( BOUNDED_CURVE ( )  B_SPLINE_CURVE ( 2, ( #515, #1180, #1377, #307, #1566, #544, #2394, #530, #1164 ),
 .UNSPECIFIED., .F., .T. ) 
 B_SPLINE_CURVE_WITH_KNOTS ( ( 3, 2, 2, 2, 3 ),
 ( 0.7549640374563235667, 0.7549883426435882727, 0.7666555644224614108, 0.7783227862013346599, 0.7899744259727461415 ),
 .UNSPECIFIED. ) 
 CURVE ( )  GEOMETRIC_REPRESENTATION_ITEM ( )  RATIONAL_B_SPLINE_CURVE ( ( 0.9994429703617357941, 0.9997209037668569609, 1.000000000000000000, 0.8660254037844387076, 1.000000000000000000, 0.8660254037844387076, 1.000000000000000000, 0.8662043318272469872, 0.9996426218444596223 ) ) 
 REPRESENTATION_ITEM ( '' )  );
#490 = CARTESIAN_POINT ( 'NONE',  ( -1.474999421516364428, -0.0008813345789793984976, 11.45169006340589668 ) ) ;
#491 = CARTESIAN_POINT ( 'NONE',  ( -1.500000000000000000, 0.000000000000000000, 10.30000000000000249 ) ) ;
#492 = CARTESIAN_POINT ( 'NONE',  ( 1.500000000000000444, -0.8660254037844380415, 13.12916666748602523 ) ) ;
#493 = EDGE_LOOP ( 'NONE', ( #1133, #1004, #2324, #652 ) ) ;
#494 = ORIENTED_EDGE ( 'NONE', *, *, #192, .T. ) ;
#495 = ORIENTED_EDGE ( 'NONE', *, *, #1098, .T. ) ;
#496 = CARTESIAN_POINT ( 'NONE',  ( 1.474999400661028304, 0.0008970887001473993542, 16.70194329864720117 ) ) ;
#497 = EDGE_LOOP ( 'NONE', ( #419, #1819, #1312, #1087, #1974, #10 ) ) ;
#498 = B_SPLINE_CURVE_WITH_KNOTS ( 'NONE', 3,
 ( #2284, #2666, #1038, #1215, #812, #611, #1440, #2270, #400, #2531, #1282, #277, #1907, #251, #644, #1083, #1509, #451 ),
 .UNSPECIFIED., .F., .F.,
 ( 4, 2, 2, 2, 2, 2, 2, 2, 4 ),
 ( 0.8249991669752878565, 0.8293741686328480744, 0.8337491702904082924, 0.8381241719479686214, 0.8424991736055288394, 0.8468741752630890574, 0.8512491769206492753, 0.8556241785782096043, 0.8599991802357698223 ),
 .UNSPECIFIED. ) ;
#499 = CARTESIAN_POINT ( 'NONE',  ( -1.412285835389835098, -0.3794397012292262117, 10.09478977697272661 ) ) ;
#500 = LINE ( 'NONE', #2530, #1182 ) ;
#501 = CARTESIAN_POINT ( 'NONE',  ( -0.7499999999999988898, -1.299038105676658672, 15.31666666666666998 ) ) ;
#502 = DIRECTION ( 'NONE',  ( 0.5000000000000002220, -0.8660254037844384856, 0.000000000000000000 ) ) ;
#503 = EDGE_CURVE ( 'NONE', #1754, #616, #489, .T. ) ;
#504 = CARTESIAN_POINT ( 'NONE',  ( -5.589116857795832338, -1.309749769958388654, 3.582679619029455864 ) ) ;
#505 = CARTESIAN_POINT ( 'NONE',  ( 1.267039072901095187, 0.7301628280414751426, 9.073858398927820090 ) ) ;
#506 = CARTESIAN_POINT ( 'NONE',  ( -0.7303323289304727295, -1.266941378687513220, 9.482230950145622117 ) ) ;
#507 = CARTESIAN_POINT ( 'NONE',  ( -1.500000000000000222, 0.8660254037844384856, 12.07916666748602452 ) ) ;
#508 = CARTESIAN_POINT ( 'NONE',  ( 0.8571953476951025275, 1.183051538806134007, 5.278050913361971297 ) ) ;
#509 = EDGE_CURVE ( 'NONE', #2682, #2475, #764, .T. ) ;
#510 = CARTESIAN_POINT ( 'NONE',  ( -1.500000000000000000, 0.000000000000000000, 13.10000000000000142 ) ) ;
#511 = CARTESIAN_POINT ( 'NONE',  ( 0.1899022066389770280, 1.449987213607573100, 11.27615322871208114 ) ) ;
#512 = ORIENTED_EDGE ( 'NONE', *, *, #1023, .F. ) ;
#513 = DIRECTION ( 'NONE',  ( -1.000000000000000000, 0.000000000000000000, 0.000000000000000000 ) ) ;
#514 = CARTESIAN_POINT ( 'NONE',  ( 5.701877094582516570, -0.6667193988988030506, 2.992674016172503837 ) ) ;
#515 = CARTESIAN_POINT ( 'NONE',  ( 1.474998355710294584, -0.001410603278453800890, 15.52739923390258170 ) ) ;
#516 = AXIS2_PLACEMENT_3D ( 'NONE', #2405, #1277, #257 ) ;
#517 = CARTESIAN_POINT ( 'NONE',  ( 0.7500000000000006661, -1.299038105676657562, 9.570833334152691663 ) ) ;
#518 = CARTESIAN_POINT ( 'NONE',  ( -1.499999999999999778, -0.8660254037844394848, 15.25833333333333464 ) ) ;
#519 = CARTESIAN_POINT ( 'NONE',  ( 1.267040002590639869, 0.7301612147650808904, 14.67439624421898792 ) ) ;
#520 = CARTESIAN_POINT ( 'NONE',  ( -5.690958649859331864, 0.7532247399701286206, 3.039087656277994931 ) ) ;
#521 = CARTESIAN_POINT ( 'NONE',  ( -1.159457309256496149, 0.8911703068007135187, 9.292629408508755517 ) ) ;
#522 = CARTESIAN_POINT ( 'NONE',  ( 3.464101615137754830, -6.000000000000003553, 12.00000000000000000 ) ) ;
#523 = CARTESIAN_POINT ( 'NONE',  ( -1.060575238724906915E-16, 1.732050807568877193, 10.56250000081935880 ) ) ;
#524 = CARTESIAN_POINT ( 'NONE',  ( 0.8910141688509310987, -1.159577301700290386, 13.11382970919936319 ) ) ;
#525 = EDGE_CURVE ( 'NONE', #2285, #305, #1006, .T. ) ;
#526 = CARTESIAN_POINT ( 'NONE',  ( 1.500000000000000000, 1.836970198721029934E-16, 11.35000000000000320 ) ) ;
#527 = ORIENTED_EDGE ( 'NONE', *, *, #303, .T. ) ;
#528 = CARTESIAN_POINT ( 'NONE',  ( -0.1899039372909431811, -1.449986986946322887, 16.52665745868612390 ) ) ;
#529 = VERTEX_POINT ( 'NONE', #604 ) ;
#530 = CARTESIAN_POINT ( 'NONE',  ( -1.498843629865165505, 0.8666930343930679959, 15.84157672676729511 ) ) ;
#531 = CARTESIAN_POINT ( 'NONE',  ( 0.7500000000000006661, -1.299038105676657562, 16.83333333333333570 ) ) ;
#532 = CARTESIAN_POINT ( 'NONE',  ( 1.474999422893560341, 0.0008802843355025293534, 11.10167318105916401 ) ) ;
#533 = CARTESIAN_POINT ( 'NONE',  ( 1.498190761239619695, -0.8670699682697723398, 8.491525948096416698 ) ) ;
#534 = CARTESIAN_POINT ( 'NONE',  ( 0.7500000000000006661, -1.299038105676657562, 14.03333333333333499 ) ) ;
#535 = CARTESIAN_POINT ( 'NONE',  ( 0.7303338412416832126, 1.266940506909964625, 14.73273518010766736 ) ) ;
#536 = CARTESIAN_POINT ( 'NONE',  ( -5.739999999999999325, -1.339372207210974288E-17, 5.839946296394552760 ) ) ;
#537 = CARTESIAN_POINT ( 'NONE',  ( -0.7499999999999988898, -1.299038105676658672, 10.41666666666666785 ) ) ;
#538 = CARTESIAN_POINT ( 'NONE',  ( 0.1134842919771793107, 1.446443623874335893, 4.737722610952897817 ) ) ;
#539 = ORIENTED_EDGE ( 'NONE', *, *, #2387, .T. ) ;
#540 = CARTESIAN_POINT ( 'NONE',  ( 0.3253801182447241258, 1.425845022637163950, 7.977393769952385583 ) ) ;
#541 = CARTESIAN_POINT ( 'NONE',  ( 1.500000000000000444, -0.8660254037844380415, 11.29166666666666963 ) ) ;
#542 = CARTESIAN_POINT ( 'NONE',  ( -1.274330559856371892, 0.6989071656387970677, 3.009051247500750925 ) ) ;
#543 = EDGE_CURVE ( 'NONE', #1736, #1807, #591, .T. ) ;
#544 = CARTESIAN_POINT ( 'NONE',  ( -1.060575238724906915E-16, 1.732050807568877193, 15.72500000000000320 ) ) ;
#545 = DIRECTION ( 'NONE',  ( -0.000000000000000000, -0.000000000000000000, -1.000000000000000000 ) ) ;
#546 = CARTESIAN_POINT ( 'NONE',  ( -5.737409419559259760, -0.1977397922748645176, 2.849772973834189926 ) ) ;
#547 = CARTESIAN_POINT ( 'NONE',  ( 0.3794389706822279829, -1.412286031666194042, 12.37000827662047087 ) ) ;
#548 = PRESENTATION_STYLE_ASSIGNMENT (( #2041 ) ) ;
#549 = CARTESIAN_POINT ( 'NONE',  ( 1.474999428385892264, 0.0008760834057149160300, 9.701605651675961894 ) ) ;
#550 = CARTESIAN_POINT ( 'NONE',  ( -1.049790354647194501, 1.004207129572000756, 5.457528559536189761 ) ) ;
#551 = CARTESIAN_POINT ( 'NONE',  ( 1.500000000000000000, 1.836970198721029934E-16, 12.75000000000000178 ) ) ;
#552 = ORIENTED_EDGE ( 'NONE', *, *, #739, .T. ) ;
#553 = PLANE ( 'NONE',  #1838 ) ;
#554 = CARTESIAN_POINT ( 'NONE',  ( 0.7499999999999996669, 1.299038105676658228, 11.46666666666666856 ) ) ;
#555 = EDGE_LOOP ( 'NONE', ( #299, #108, #1536, #2320, #349, #13, #1648, #1977 ) ) ;
#556 = CARTESIAN_POINT ( 'NONE',  ( 0.000000000000000000, 0.000000000000000000, 12.00000000000000000 ) ) ;
#557 = PRODUCT_RELATED_PRODUCT_CATEGORY ( 'part', '', ( #2453 ) ) ;
#558 = CARTESIAN_POINT ( 'NONE',  ( -0.7499999999999988898, -1.299038105676658672, 14.61666666666666892 ) ) ;
#559 = CARTESIAN_POINT ( 'NONE',  ( 1.450000000000005951, -0.2164435245623028692, 5.839946296394559866 ) ) ;
#560 = EDGE_CURVE ( 'NONE', #2356, #891, #2687, .T. ) ;
#561 = CARTESIAN_POINT ( 'NONE',  ( 0.7301618701045785587, -1.267039624935707209, 12.39917774456469779 ) ) ;
#562 = SURFACE_SIDE_STYLE ('',( #177 ) ) ;
#563 = DIRECTION ( 'NONE',  ( -0.4999999999999998890, -0.8660254037844387076, 0.000000000000000000 ) ) ;
#564 = AXIS2_PLACEMENT_3D ( 'NONE', #2077, #201, #1032 ) ;
#565 = CARTESIAN_POINT ( 'NONE',  ( 1.412285986373974511, 0.3794391392616067726, 11.84495785362417664 ) ) ;
#566 = CARTESIAN_POINT ( 'NONE',  ( 1.399931766705064140, 0.4270299948404739365, 5.791415293018542521 ) ) ;
#567 = DIRECTION ( 'NONE',  ( 0.4999999999999996114, 0.8660254037844388186, 0.000000000000000000 ) ) ;
#568 = ORIENTED_EDGE ( 'NONE', *, *, #425, .T. ) ;
#569 = LINE ( 'NONE', #1624, #1118 ) ;
#570 = CARTESIAN_POINT ( 'NONE',  ( -1.500000000000000000, 0.000000000000000000, 11.00000000000000355 ) ) ;
#571 = EDGE_LOOP ( 'NONE', ( #157, #1576 ) ) ;
#572 = CARTESIAN_POINT ( 'NONE',  ( -1.449999999999999956, 8.188672700861818020E-16, 2.839946296394551428 ) ) ;
#573 = B_SPLINE_CURVE_WITH_KNOTS ( 'NONE', 3,
 ( #532, #325, #2561, #1753, #1116, #905, #1325, #2148, #511, #1738, #476, #268, #70, #1100, #2360, #234, #37, #868 ),
 .UNSPECIFIED., .F., .F.,
 ( 4, 2, 2, 2, 2, 2, 2, 2, 4 ),
 ( 0.3349989813301507136, 0.3393739829876851188, 0.3437489846452194686, 0.3481239863027538739, 0.3524989879602882792, 0.3568739896178226845, 0.3612489912753570342, 0.3656239929328914395, 0.3699989945904258448 ),
 .UNSPECIFIED. ) ;
#574 = VECTOR ( 'NONE', #1792, 1000.000000000000000 ) ;
#575 = CARTESIAN_POINT ( 'NONE',  ( -1.499999999999999778, -0.8660254037844394848, 14.55833333333333712 ) ) ;
#576 = CARTESIAN_POINT ( 'NONE',  ( -0.7499999999999988898, -1.299038105676658672, 16.71666666666666856 ) ) ;
#577 = CARTESIAN_POINT ( 'NONE',  ( 1.474999417374909250, 0.0008844853288998662851, 12.50174071044782309 ) ) ;
#578 =( NAMED_UNIT ( * ) SI_UNIT ( $, .STERADIAN. ) SOLID_ANGLE_UNIT ( ) );
#579 = EDGE_CURVE ( 'NONE', #1904, #2595, #2672, .T. ) ;
#580 = DIRECTION ( 'NONE',  ( 1.000000000000000000, -0.000000000000000000, -0.000000000000000000 ) ) ;
#581 = CARTESIAN_POINT ( 'NONE',  ( 5.666917631682571788, 0.9237038377334675365, 3.142180935709585565 ) ) ;
#582 = AXIS2_PLACEMENT_3D ( 'NONE', #5, #834, #2467 ) ;
#583 = CARTESIAN_POINT ( 'NONE',  ( -0.8910140765751072278, 1.159577372604773116, 13.46386332453026569 ) ) ;
#584 = ORIENTED_EDGE ( 'NONE', *, *, #1958, .F. ) ;
#585 = CARTESIAN_POINT ( 'NONE',  ( 1.450012893036336292, 0.1897060297946243368, 13.93057481163894451 ) ) ;
#586 = CARTESIAN_POINT ( 'NONE',  ( 1.500000000000000000, 1.836970198721029934E-16, 16.68750000081935880 ) ) ;
#587 = ORIENTED_EDGE ( 'NONE', *, *, #1837, .T. ) ;
#588 = AXIS2_PLACEMENT_3D ( 'NONE', #2281, #1239, #203 ) ;
#589 =( BOUNDED_CURVE ( )  B_SPLINE_CURVE ( 2, ( #1308, #2144, #263, #1940, #749, #765, #2011, #354, #1588 ),
 .UNSPECIFIED., .F., .F. ) 
 B_SPLINE_CURVE_WITH_KNOTS ( ( 3, 2, 2, 2, 3 ),
 ( 0.4399576923372353066, 0.4399733546138875906, 0.4516405763927648365, 0.4633077981716422489, 0.4749506430378395705 ),
 .UNSPECIFIED. ) 
 CURVE ( )  GEOMETRIC_REPRESENTATION_ITEM ( )  RATIONAL_B_SPLINE_CURVE ( ( 0.9996407833204650206, 0.9998201502268427854, 1.000000000000000000, 0.8660254037844387076, 1.000000000000000000, 0.8660254037844387076, 1.000000000000000000, 0.8663053236398394752, 0.9994413299904352233 ) ) 
 REPRESENTATION_ITEM ( '' )  );
#590 = CARTESIAN_POINT ( 'NONE',  ( 1.159456387301582403, -0.8911715063092927602, 13.84306640780605235 ) ) ;
#591 = LINE ( 'NONE', #2252, #473 ) ;
#592 = CARTESIAN_POINT ( 'NONE',  ( -1.474999330912308837, 0.001001563425681221411, 9.585498762970287245 ) ) ;
#593 = CARTESIAN_POINT ( 'NONE',  ( -1.500000000000000000, 0.000000000000000000, 8.200000000000002842 ) ) ;
#594 = CARTESIAN_POINT ( 'NONE',  ( -1.474999330913296269, 0.001001409617674895586, 10.98549876689901339 ) ) ;
#595 = CARTESIAN_POINT ( 'NONE',  ( 5.615094056536896083, -1.199287202113595630, 5.262047316628431837 ) ) ;
#596 = CARTESIAN_POINT ( 'NONE',  ( 0.7500000000000006661, -1.299038105676657562, 16.13333333333333641 ) ) ;
#597 = CARTESIAN_POINT ( 'NONE',  ( 5.729311315450068776, 0.3944282284486582690, 5.800324383630274028 ) ) ;
#598 = ORIENTED_EDGE ( 'NONE', *, *, #2518, .T. ) ;
#599 = CARTESIAN_POINT ( 'NONE',  ( 0.3796304348989126276, 1.412234577048199657, 14.06183741738832893 ) ) ;
#600 = CARTESIAN_POINT ( 'NONE',  ( 0.7499999999999996669, 1.299038105676658228, 16.80416666748602239 ) ) ;
#601 = ADVANCED_FACE ( 'NONE', ( #2454 ), #1019, .F. ) ;
#602 = ORIENTED_EDGE ( 'NONE', *, *, #342, .T. ) ;
#603 = DIRECTION ( 'NONE',  ( -0.000000000000000000, -0.000000000000000000, -1.000000000000000000 ) ) ;
#604 = CARTESIAN_POINT ( 'NONE',  ( 5.739999999999999325, 7.029472627105806142E-16, 12.00000000000000000 ) ) ;
#605 = CARTESIAN_POINT ( 'NONE',  ( 1.499999999999999778, 0.8660254037844391517, 12.10833333333333428 ) ) ;
#606 = FACE_OUTER_BOUND ( 'NONE', #675, .T. ) ;
#607 = B_SPLINE_CURVE_WITH_KNOTS ( 'NONE', 3,
 ( #2495, #1243, #1647, #424, #2483, #1462, #632, #2692, #2296, #371, #2069, #179, #1856, #1659, #1844, #1881, #1256, #1202 ),
 .UNSPECIFIED., .F., .F.,
 ( 4, 2, 2, 2, 2, 2, 2, 2, 4 ),
 ( 0.9299992067569265997, 0.9343742084144768256, 0.9387492100720269406, 0.9431242117295770555, 0.9474992133871272815, 0.9518742150446775074, 0.9562492167022276224, 0.9606242183597778483, 0.9649992200173279633 ),
 .UNSPECIFIED. ) ;
#608 = CARTESIAN_POINT ( 'NONE',  ( 6.928203230275509661, 2.578718702502464065E-15, 18.00000000000000355 ) ) ;
#609 = CARTESIAN_POINT ( 'NONE',  ( 3.181725716174720005E-16, -1.732050807568877193, 16.07500000000000284 ) ) ;
#610 = CARTESIAN_POINT ( 'NONE',  ( -1.450000000000000178, 0.1898087092705513512, 17.75178246080850641 ) ) ;
#611 = CARTESIAN_POINT ( 'NONE',  ( 0.8911721059597011996, 1.159455926403234916, 16.11828490746465192 ) ) ;
#612 = ORIENTED_EDGE ( 'NONE', *, *, #1008, .F. ) ;
#613 = CARTESIAN_POINT ( 'NONE',  ( 1.450000000000005063, -0.2157715194364283606, 2.839946296394545655 ) ) ;
#614 = CARTESIAN_POINT ( 'NONE',  ( -1.500000000000000222, 0.8660254037844384856, 16.27916666748602736 ) ) ;
#615 = AXIS2_PLACEMENT_3D ( 'NONE', #1721, #709, #2354 ) ;
#616 = VERTEX_POINT ( 'NONE', #2465 ) ;
#617 = EDGE_CURVE ( 'NONE', #1148, #1069, #1580, .T. ) ;
#618 = CARTESIAN_POINT ( 'NONE',  ( -0.1899023220300568027, -1.449987198495002128, 11.62618684404259284 ) ) ;
#619 = FACE_OUTER_BOUND ( 'NONE', #1770, .T. ) ;
#620 = CARTESIAN_POINT ( 'NONE',  ( 1.499999999999999778, 0.8660254037844391517, 11.40833333333333677 ) ) ;
#621 = CARTESIAN_POINT ( 'NONE',  ( -1.474999330910995887, 0.001002002746655978683, 13.78549871797095605 ) ) ;
#622 = CARTESIAN_POINT ( 'NONE',  ( 5.727481078892938449, -0.3910605631096158441, 5.791424574805872361 ) ) ;
#623 = DIRECTION ( 'NONE',  ( -0.000000000000000000, -0.000000000000000000, -1.000000000000000000 ) ) ;
#624 = ORIENTED_EDGE ( 'NONE', *, *, #88, .T. ) ;
#625 = CARTESIAN_POINT ( 'NONE',  ( 1.474999868265474801, -0.0003988522544253179946, 10.64359804178716828 ) ) ;
#626 = CARTESIAN_POINT ( 'NONE',  ( 0.7500000000000006661, -1.299038105676657562, 17.27083333415269095 ) ) ;
#627 = ORIENTED_EDGE ( 'NONE', *, *, #2049, .T. ) ;
#628 = CARTESIAN_POINT ( 'NONE',  ( -1.267039479672259494, -0.7301621221781101623, 11.52409370623786522 ) ) ;
#629 = CARTESIAN_POINT ( 'NONE',  ( -1.474999399257500343, -0.0008981390255823606126, 17.05196018100070532 ) ) ;
#630 = CYLINDRICAL_SURFACE ( 'NONE', #1304, 1.449999999999999956 ) ;
#631 = CARTESIAN_POINT ( 'NONE',  ( -1.499999999999999778, 0.001001815561821042680, 8.899932520176834672 ) ) ;
#632 = CARTESIAN_POINT ( 'NONE',  ( -0.7303345468383668493, -1.266940100165143468, 17.18297048743631805 ) ) ;
#633 = ORIENTED_EDGE ( 'NONE', *, *, #1665, .F. ) ;
#634 = CYLINDRICAL_SURFACE ( 'NONE', #870, 1.449999999999999956 ) ;
#635 = CARTESIAN_POINT ( 'NONE',  ( 0.7499999999999996669, 1.299038105676658228, 17.50416666748602523 ) ) ;
#636 = VERTEX_POINT ( 'NONE', #1172 ) ;
#637 = CARTESIAN_POINT ( 'NONE',  ( 0.3253829399931809641, 1.425844378719818062, 7.758194157689427328 ) ) ;
#638 = CARTESIAN_POINT ( 'NONE',  ( -0.7500000000000002220, 1.299038105676658006, 12.28333333333333499 ) ) ;
#639 = ORIENTED_EDGE ( 'NONE', *, *, #147, .F. ) ;
#640 = CARTESIAN_POINT ( 'NONE',  ( 0.000000000000000000, 0.000000000000000000, 18.00000000000000355 ) ) ;
#641 = CARTESIAN_POINT ( 'NONE',  ( 1.449999999999999956, 1.775737858763661670E-16, 22.10121933088197821 ) ) ;
#642 = EDGE_CURVE ( 'NONE', #1530, #1904, #1709, .T. ) ;
#643 = CARTESIAN_POINT ( 'NONE',  ( -1.474999304264010602, 0.0008052504071538492403, 8.885515235953381108 ) ) ;
#644 = CARTESIAN_POINT ( 'NONE',  ( -1.266940245421319000, 0.7303342948568136705, 16.30788644910313678 ) ) ;
#645 = CARTESIAN_POINT ( 'NONE',  ( -5.739999999999999325, -1.339372207210974288E-17, 5.839946296394552760 ) ) ;
#646 = CARTESIAN_POINT ( 'NONE',  ( 0.7500000000000006661, -1.299038105676657562, 15.87083333415269237 ) ) ;
#647 = ORIENTED_EDGE ( 'NONE', *, *, #2215, .F. ) ;
#648 = CARTESIAN_POINT ( 'NONE',  ( -1.159456600051121500, 0.8911712295121030358, 12.79296556181318145 ) ) ;
#649 = AXIS2_PLACEMENT_3D ( 'NONE', #46, #2111, #877 ) ;
#650 = CARTESIAN_POINT ( 'NONE',  ( 0.3794382964036044914, -1.412286212824583664, 14.47020996860872799 ) ) ;
#651 =( BOUNDED_CURVE ( )  B_SPLINE_CURVE ( 2, ( #1829, #2233, #2001, #2651, #2457, #609, #596, #2205, #2219 ),
 .UNSPECIFIED., .F., .T. ) 
 B_SPLINE_CURVE_WITH_KNOTS ( ( 3, 2, 2, 2, 3 ),
 ( 0.7899744259727461415, 0.7899900079802077979, 0.8016572297590851548, 0.8133244515379625117, 0.8249848149432298383 ),
 .UNSPECIFIED. ) 
 CURVE ( )  GEOMETRIC_REPRESENTATION_ITEM ( )  RATIONAL_B_SPLINE_CURVE ( ( 0.9996426218444596223, 0.9998210719571916094, 1.000000000000000000, 0.8660254037844387076, 1.000000000000000000, 0.8660254037844387076, 1.000000000000000000, 0.8661041584230761980, 0.9998425833118171902 ) ) 
 REPRESENTATION_ITEM ( '' )  );
#652 = ORIENTED_EDGE ( 'NONE', *, *, #29, .F. ) ;
#653 =( NAMED_UNIT ( * ) SI_UNIT ( $, .STERADIAN. ) SOLID_ANGLE_UNIT ( ) );
#654 = CARTESIAN_POINT ( 'NONE',  ( -0.7500000000000002220, 1.299038105676658006, 12.98333333333333606 ) ) ;
#655 = CARTESIAN_POINT ( 'NONE',  ( -1.412286318491125847, -0.3794379031079905262, 15.69532762227119527 ) ) ;
#656 = CARTESIAN_POINT ( 'NONE',  ( 1.500000000000000444, -0.8660254037844380415, 16.19166666666666998 ) ) ;
#657 = EDGE_CURVE ( 'NONE', #2177, #1086, #932, .T. ) ;
#658 = CARTESIAN_POINT ( 'NONE',  ( -1.474999407653935224, -0.0008918372243540888342, 14.95185888689138132 ) ) ;
#659 = CARTESIAN_POINT ( 'NONE',  ( -1.500000000000000222, 0.8660254037844384856, 14.87916666748602346 ) ) ;
#660 = ORIENTED_EDGE ( 'NONE', *, *, #43, .T. ) ;
#661 = CARTESIAN_POINT ( 'NONE',  ( -1.474999432487869466, -0.0008729327513734931382, 8.651555004642229818 ) ) ;
#662 = CARTESIAN_POINT ( 'NONE',  ( 6.928203230275509661, 2.578718702502464065E-15, 12.00000000000000000 ) ) ;
#663 = ORIENTED_EDGE ( 'NONE', *, *, #1, .F. ) ;
#664 = CYLINDRICAL_SURFACE ( 'NONE', #588, 1.449999999999999956 ) ;
#665 = VECTOR ( 'NONE', #1601, 1000.000000000000000 ) ;
#666 = CARTESIAN_POINT ( 'NONE',  ( 1.450012742071823624, 0.1897071836841908166, 10.43023865833068342 ) ) ;
#667 = FACE_OUTER_BOUND ( 'NONE', #1695, .T. ) ;
#668 = CARTESIAN_POINT ( 'NONE',  ( 1.500000000000000000, 1.836970198721029934E-16, 16.25000000000000000 ) ) ;
#669 = CARTESIAN_POINT ( 'NONE',  ( 1.500000000000000222, -0.0004423202361204328918, 10.64997020640080727 ) ) ;
#670 = CARTESIAN_POINT ( 'NONE',  ( 3.181725716174720005E-16, -1.732050807568877193, 15.81250000081935880 ) ) ;
#671 = ORIENTED_EDGE ( 'NONE', *, *, #2370, .F. ) ;
#672 = EDGE_CURVE ( 'NONE', #1311, #949, #2070, .T. ) ;
#673 = LINE ( 'NONE', #477, #1533 ) ;
#674 = CARTESIAN_POINT ( 'NONE',  ( 1.266940535965462855, -0.7303337908378755294, 14.55771837244168410 ) ) ;
#675 = EDGE_LOOP ( 'NONE', ( #168, #1845, #2460, #433 ) ) ;
#676 = CARTESIAN_POINT ( 'NONE',  ( 5.737409419559257984, -0.1977397922748638792, 5.830119618954914706 ) ) ;
#677 = CARTESIAN_POINT ( 'NONE',  ( 1.449987342074594565, -0.1899012257331454123, 8.300867498409047585 ) ) ;
#678 = DIRECTION ( 'NONE',  ( -1.000000000000000000, 0.000000000000000000, 0.000000000000000000 ) ) ;
#679 = CARTESIAN_POINT ( 'NONE',  ( 1.500000000000000000, 1.836970198721029934E-16, 15.55000000000000071 ) ) ;
#680 = DIRECTION ( 'NONE',  ( -0.000000000000000000, -0.000000000000000000, -1.000000000000000000 ) ) ;
#681 = CARTESIAN_POINT ( 'NONE',  ( 1.499999999999999778, 0.8660254037844391517, 12.54583333415269131 ) ) ;
#682 = ORIENTED_EDGE ( 'NONE', *, *, #2141, .T. ) ;
#683 = VERTEX_POINT ( 'NONE', #1990 ) ;
#684 = ORIENTED_EDGE ( 'NONE', *, *, #2503, .T. ) ;
#685 = EDGE_CURVE ( 'NONE', #911, #1636, #2220, .T. ) ;
#686 = CARTESIAN_POINT ( 'NONE',  ( 1.449987009609797539, -0.1899037642466439579, 16.00160703568711895 ) ) ;
#687 = DIRECTION ( 'NONE',  ( 0.000000000000000000, -0.000000000000000000, 1.000000000000000000 ) ) ;
#688 = CARTESIAN_POINT ( 'NONE',  ( -0.7301625759373250313, 1.267039218182387073, 9.948942437251952597 ) ) ;
#689 = CARTESIAN_POINT ( 'NONE',  ( 0.7499999999999996669, 1.299038105676658228, 12.86666666666666892 ) ) ;
#690 = CARTESIAN_POINT ( 'NONE',  ( 3.181725716174720005E-16, -1.732050807568877193, 9.512500000819358092 ) ) ;
#691 = CARTESIAN_POINT ( 'NONE',  ( -0.7500000000000002220, 1.299038105676658006, 17.18333333333333357 ) ) ;
#692 = CARTESIAN_POINT ( 'NONE',  ( 1.412286227920255488, 0.3794382402168836599, 14.64522677627466329 ) ) ;
#693 = CARTESIAN_POINT ( 'NONE',  ( 3.181725716174720005E-16, -1.732050807568877193, 10.47500000000000142 ) ) ;
#694 = VECTOR ( 'NONE', #1240, 1000.000000000000000 ) ;
#695 = CARTESIAN_POINT ( 'NONE',  ( 1.499999999999999778, 0.8660254037844391517, 13.94583333415268989 ) ) ;
#696 = VERTEX_POINT ( 'NONE', #316 ) ;
#697 = ORIENTED_EDGE ( 'NONE', *, *, #484, .F. ) ;
#698 = ORIENTED_EDGE ( 'NONE', *, *, #2646, .T. ) ;
#699 = CARTESIAN_POINT ( 'NONE',  ( -1.474999402062900700, -0.0008960383963125353492, 16.35192641629530641 ) ) ;
#700 = CARTESIAN_POINT ( 'NONE',  ( 1.267039189126767829, 0.7301626263570648590, 9.773925629587028041 ) ) ;
#701 = EDGE_CURVE ( 'NONE', #1001, #1086, #1615, .T. ) ;
#702 = CARTESIAN_POINT ( 'NONE',  ( -1.412234864045931459, 0.3796293672586544821, 10.73651807174587880 ) ) ;
#703 = CARTESIAN_POINT ( 'NONE',  ( 1.500000000000000444, -0.8660254037844380415, 9.629166667486025233 ) ) ;
#704 = CARTESIAN_POINT ( 'NONE',  ( -0.7500000000000002220, 1.299038105676658006, 15.08333333333333570 ) ) ;
#705 = VECTOR ( 'NONE', #1450, 1000.000000000000000 ) ;
#706 = CARTESIAN_POINT ( 'NONE',  ( -0.4782890995651246646, -1.371499565186232505, 4.951716872347102338 ) ) ;
#707 = CARTESIAN_POINT ( 'NONE',  ( -5.551726772713760028, -1.460099775868852090, 4.735215660242459990 ) ) ;
#708 = CARTESIAN_POINT ( 'NONE',  ( 1.499999999999999778, 0.8660254037844391517, 17.00833333333333286 ) ) ;
#709 = DIRECTION ( 'NONE',  ( -0.000000000000000000, -0.000000000000000000, -1.000000000000000000 ) ) ;
#710 = CARTESIAN_POINT ( 'NONE',  ( 0.7500000000000006661, -1.299038105676657562, 10.97083333415269024 ) ) ;
#711 = CARTESIAN_POINT ( 'NONE',  ( -1.499999999999999778, -0.8660254037844394848, 10.35833333333333606 ) ) ;
#712 = CARTESIAN_POINT ( 'NONE',  ( 1.474999403463126635, 0.0008949880975194468265, 16.00190953394382021 ) ) ;
#713 = CARTESIAN_POINT ( 'NONE',  ( -1.474999427015275755, -0.0008771336330644144679, 10.05162253402131078 ) ) ;
#714 = LINE ( 'NONE', #1603, #253 ) ;
#715 = DIRECTION ( 'NONE',  ( -1.000000000000000000, 0.000000000000000000, 0.000000000000000000 ) ) ;
#716 = CARTESIAN_POINT ( 'NONE',  ( -1.500000000000000000, 0.000000000000000000, 7.937500000819358803 ) ) ;
#717 = CARTESIAN_POINT ( 'NONE',  ( -1.500000000000000000, 0.000000000000000000, 14.50000000000000178 ) ) ;
#718 = CARTESIAN_POINT ( 'NONE',  ( -0.8910137075056584477, 1.159577656196051798, 14.86399778585716902 ) ) ;
#719 = DIRECTION ( 'NONE',  ( -0.4999999999999996114, -0.8660254037844388186, 0.000000000000000000 ) ) ;
#720 = EDGE_CURVE ( 'NONE', #1479, #1626, #607, .T. ) ;
#721 = LINE ( 'NONE', #1144, #733 ) ;
#722 = CARTESIAN_POINT ( 'NONE',  ( 1.159457238329391515, -0.8911703990804478170, 9.642663023838373704 ) ) ;
#723 = CARTESIAN_POINT ( 'NONE',  ( -1.500000000000000222, 0.8660254037844384856, 11.37916666748602346 ) ) ;
#724 = CARTESIAN_POINT ( 'NONE',  ( -0.7090076266873167610, 1.276406635178095161, 5.141163544500284566 ) ) ;
#725 = CARTESIAN_POINT ( 'NONE',  ( 0.7499999999999996669, 1.299038105676658228, 10.76666666666666927 ) ) ;
#726 = B_SPLINE_CURVE_WITH_KNOTS ( 'NONE', 3,
 ( #1050, #9, #597, #2681, #1895, #1012, #22, #195, #2244, #1620, #1025, #825, #411, #1451, #2446, #2258, #2470, #385, #2043, #581, #206, #2083, #838, #167, #1413, #1000 ),
 .UNSPECIFIED., .F., .F.,
 ( 4, 2, 2, 2, 2, 2, 2, 2, 2, 2, 2, 2, 4 ),
 ( 0.004710211481295823246, 0.005298828421949144246, 0.005593136892275803879, 0.005887445362602464378, 0.006181753832929124878, 0.006476062303255785378, 0.007064679243909105510, 0.007358987714235766878, 0.007653296184562429112, 0.008241913125215752714, 0.008830530065869077183, 0.009124838536195738550, 0.009419147006522399918 ),
 .UNSPECIFIED. ) ;
#727 = VERTEX_POINT ( 'NONE', #218 ) ;
#728 = CARTESIAN_POINT ( 'NONE',  ( 0.000000000000000000, 0.000000000000000000, 22.10121933088197821 ) ) ;
#729 = CARTESIAN_POINT ( 'NONE',  ( 5.667124067649488062, -0.9154609943929891136, 3.147672819798794208 ) ) ;
#730 = CARTESIAN_POINT ( 'NONE',  ( 3.181725716174720005E-16, -1.732050807568877193, 14.67500000000000249 ) ) ;
#731 = CARTESIAN_POINT ( 'NONE',  ( 1.399034111309003459, -0.4304329303417897545, 5.790544539733209817 ) ) ;
#732 = CARTESIAN_POINT ( 'NONE',  ( -1.498843650359263036, 0.8666930225607950566, 9.541576728361278015 ) ) ;
#733 = VECTOR ( 'NONE', #1110, 1000.000000000000000 ) ;
#734 = CARTESIAN_POINT ( 'NONE',  ( -0.7499999999999988898, -1.299038105676658672, 8.316666666666668206 ) ) ;
#735 = CARTESIAN_POINT ( 'NONE',  ( -1.060575238724906915E-16, 1.732050807568877193, 15.02500000000000391 ) ) ;
#736 = DIRECTION ( 'NONE',  ( -0.000000000000000000, -0.000000000000000000, -1.000000000000000000 ) ) ;
#737 = LINE ( 'NONE', #116, #1563 ) ;
#738 = CARTESIAN_POINT ( 'NONE',  ( 1.412234954680099852, -0.3796290300955947328, 9.686417225754581750 ) ) ;
#739 = EDGE_CURVE ( 'NONE', #1027, #890, #1868, .T. ) ;
#740 = CARTESIAN_POINT ( 'NONE',  ( 1.274701066199020572, 0.6982500152612920452, 5.671196134836365310 ) ) ;
#741 = DIRECTION ( 'NONE',  ( -0.000000000000000000, -0.000000000000000000, -1.000000000000000000 ) ) ;
#742 = CARTESIAN_POINT ( 'NONE',  ( -1.500000000000000000, 0.000000000000000000, 10.30000000000000249 ) ) ;
#743 = EDGE_LOOP ( 'NONE', ( #1262, #1946 ) ) ;
#744 = CARTESIAN_POINT ( 'NONE',  ( 0.2508560062220458464, 1.428891442818191804, 3.882637105824102708 ) ) ;
#745 = CARTESIAN_POINT ( 'NONE',  ( 1.499491640941193360, -0.8663189050238854216, 14.79162712762876097 ) ) ;
#746 = CARTESIAN_POINT ( 'NONE',  ( -0.3796307720054067913, -1.412234486428765701, 15.11193826338406865 ) ) ;
#747 = CARTESIAN_POINT ( 'NONE',  ( -5.727481078892940225, -0.3910605631096165657, 2.888468017983233604 ) ) ;
#748 = CARTESIAN_POINT ( 'NONE',  ( 1.474999869102765260, -0.0003975487935296195189, 16.24361846037930235 ) ) ;
#749 = CARTESIAN_POINT ( 'NONE',  ( -0.7499999999999988898, -1.299038105676658672, 12.51666666666666927 ) ) ;
#750 = CARTESIAN_POINT ( 'NONE',  ( -5.691026048995238007, -0.7527194298307726683, 5.641098991201725532 ) ) ;
#751 = DIRECTION ( 'NONE',  ( -0.000000000000000000, -0.000000000000000000, -1.000000000000000000 ) ) ;
#752 = CARTESIAN_POINT ( 'NONE',  ( -0.3874996539686876296, 1.400351574818203826, 4.880750035799988673 ) ) ;
#753 = CARTESIAN_POINT ( 'NONE',  ( 1.159577337154480858, 0.8910141227105792261, 13.28884651686457197 ) ) ;
#754 = AXIS2_PLACEMENT_3D ( 'NONE', #971, #2416, #1214 ) ;
#755 = EDGE_LOOP ( 'NONE', ( #1651, #2098, #1772, #852, #1503, #2340, #1835, #1401 ) ) ;
#756 = CARTESIAN_POINT ( 'NONE',  ( 0.3954864915145943072, -1.398029939312129155, 3.793136834649871503 ) ) ;
#757 = CARTESIAN_POINT ( 'NONE',  ( 3.181725716174720005E-16, -1.732050807568877193, 11.17500000000000249 ) ) ;
#758 = ORIENTED_EDGE ( 'NONE', *, *, #560, .F. ) ;
#759 = EDGE_CURVE ( 'NONE', #1076, #1636, #726, .T. ) ;
#760 = CARTESIAN_POINT ( 'NONE',  ( -0.2609725974166616225, 1.427056766118893094, 3.876934628979154862 ) ) ;
#761 = CYLINDRICAL_SURFACE ( 'NONE', #2563, 1.449999999999999956 ) ;
#762 = CARTESIAN_POINT ( 'NONE',  ( -1.449999999999999956, 0.000000000000000000, 22.10121933088197821 ) ) ;
#763 = CARTESIAN_POINT ( 'NONE',  ( -1.474999404861707886, -0.0008939378023679723324, 15.65189265159265908 ) ) ;
#764 = B_SPLINE_CURVE_WITH_KNOTS ( 'NONE', 3,
 ( #2213, #2008, #1363, #2200, #966, #1810, #2631, #1599, #2426, #2023, #351, #163, #185, #380, #1210, #2265, #2050, #175 ),
 .UNSPECIFIED., .F., .F.,
 ( 4, 2, 2, 2, 2, 2, 2, 2, 4 ),
 ( 0.2999989680700556605, 0.3043739697275675282, 0.3087489713850794515, 0.3131239730425913192, 0.3174989747001031870, 0.3218739763576150548, 0.3262489780151269780, 0.3306239796726388458, 0.3349989813301507136 ),
 .UNSPECIFIED. ) ;
#765 = CARTESIAN_POINT ( 'NONE',  ( 3.181725716174720005E-16, -1.732050807568877193, 12.57500000000000284 ) ) ;
#766 = CARTESIAN_POINT ( 'NONE',  ( -5.553439154386011545, -1.451657850324235000, 3.949629161163771052 ) ) ;
#767 = CARTESIAN_POINT ( 'NONE',  ( 1.450012802460987515, 0.1897067221031760453, 11.83037311965204985 ) ) ;
#768 = DIRECTION ( 'NONE',  ( -0.000000000000000000, -0.000000000000000000, -1.000000000000000000 ) ) ;
#769 = CARTESIAN_POINT ( 'NONE',  ( -1.499999999999999778, -0.8660254037844394848, 11.75833333333333641 ) ) ;
#770 = EDGE_LOOP ( 'NONE', ( #284, #223, #2521, #1419 ) ) ;
#771 = CARTESIAN_POINT ( 'NONE',  ( -1.110682602364561733, -0.9368271458190563505, 3.164866184091521539 ) ) ;
#772 = CARTESIAN_POINT ( 'NONE',  ( -1.499999999999999778, -0.8660254037844394848, 11.05833333333333890 ) ) ;
#773 = ORIENTED_EDGE ( 'NONE', *, *, #2678, .T. ) ;
#774 =( BOUNDED_CURVE ( )  B_SPLINE_CURVE ( 2, ( #2202, #1167, #593, #1778, #734, #1569, #2397, #533, #1155 ),
 .UNSPECIFIED., .F., .F. ) 
 B_SPLINE_CURVE_WITH_KNOTS ( ( 3, 2, 2, 2, 3 ),
 ( 0.01992671613970700001, 0.01995337057430316557, 0.03162059235318045308, 0.04328781413205785855, 0.05493065369983807927 ),
 .UNSPECIFIED. ) 
 CURVE ( )  GEOMETRIC_REPRESENTATION_ITEM ( )  RATIONAL_B_SPLINE_CURVE ( ( 0.9993892532451464916, 0.9996939273821947580, 1.000000000000000000, 0.8660254037844387076, 1.000000000000000000, 0.8660254037844387076, 1.000000000000000000, 0.8663053844815131743, 0.9994412088156214846 ) ) 
 REPRESENTATION_ITEM ( '' )  );
#775 = CARTESIAN_POINT ( 'NONE',  ( -0.4782890995651251087, 1.371499565186232950, 3.728175720442001406 ) ) ;
#776 = EDGE_CURVE ( 'NONE', #1610, #799, #498, .T. ) ;
#777 = CARTESIAN_POINT ( 'NONE',  ( -1.474999304409551515, 0.0008057808854523029231, 14.48551520092319933 ) ) ;
#778 = CARTESIAN_POINT ( 'NONE',  ( 1.498195638538567298, -0.8670671523599118302, 16.89152632744189120 ) ) ;
#779 = CARTESIAN_POINT ( 'NONE',  ( -1.266940361635989332, 0.7303340932544791775, 15.60781921843809883 ) ) ;
#780 =( LENGTH_UNIT ( ) NAMED_UNIT ( * ) SI_UNIT ( .MILLI., .METRE. ) );
#781 = AXIS2_PLACEMENT_3D ( 'NONE', #187, #1468, #2301 ) ;
#782 = CARTESIAN_POINT ( 'NONE',  ( -1.449999999999999956, 0.000000000000000000, 22.10121933088197821 ) ) ;
#783 = CARTESIAN_POINT ( 'NONE',  ( -0.2510144557302105839, 1.428863839469977082, 4.797342659156432099 ) ) ;
#784 = CARTESIAN_POINT ( 'NONE',  ( 1.474999414605713266, 0.0008865858502076013259, 13.20177447514424962 ) ) ;
#785 = ORIENTED_EDGE ( 'NONE', *, *, #1301, .F. ) ;
#786 = DIRECTION ( 'NONE',  ( 1.251928832280965695E-16, 1.000000000000000000, -0.000000000000000000 ) ) ;
#787 = CARTESIAN_POINT ( 'NONE',  ( -1.500000000000000000, 0.000000000000000000, 9.600000000000003197 ) ) ;
#788 = ORIENTED_EDGE ( 'NONE', *, *, #174, .T. ) ;
#789 = CARTESIAN_POINT ( 'NONE',  ( 0.8910139843053023201, -1.159577443504486549, 13.81389693986175438 ) ) ;
#790 = AXIS2_PLACEMENT_3D ( 'NONE', #1641, #2062, #1862 ) ;
#791 = CARTESIAN_POINT ( 'NONE',  ( -1.221910386352029310, 0.7862543812684475997, 5.620673597348878836 ) ) ;
#792 = PRODUCT_DEFINITION ( 'UNKNOWN', '', #1152, #2679 ) ;
#793 = CARTESIAN_POINT ( 'NONE',  ( -1.500000000000000000, 0.001001823322671583022, 16.59993251965408589 ) ) ;
#794 = CARTESIAN_POINT ( 'NONE',  ( -0.1899025528052272760, -1.449987168270772120, 12.32625407470413670 ) ) ;
#795 = DIRECTION ( 'NONE',  ( -0.000000000000000000, -0.000000000000000000, -1.000000000000000000 ) ) ;
#796 = EDGE_CURVE ( 'NONE', #696, #2124, #470, .T. ) ;
#797 = CARTESIAN_POINT ( 'NONE',  ( -1.159456741876140118, 0.8911710449907269682, 12.09289833115028756 ) ) ;
#798 = CARTESIAN_POINT ( 'NONE',  ( -1.060575238724906915E-16, 1.732050807568877193, 15.02500000000000213 ) ) ;
#799 = VERTEX_POINT ( 'NONE', #1720 ) ;
#800 = CARTESIAN_POINT ( 'NONE',  ( 1.412286167536957127, 0.3794384649660842990, 13.94515954561109261 ) ) ;
#801 = CARTESIAN_POINT ( 'NONE',  ( -0.7500000000000002220, 1.299038105676658006, 16.92083333415269308 ) ) ;
#802 = ORIENTED_EDGE ( 'NONE', *, *, #2084, .T. ) ;
#803 = COLOUR_RGB ( '',0.6470588235294117974, 0.5176470588235293491, 0.000000000000000000 ) ;
#804 = CARTESIAN_POINT ( 'NONE',  ( -1.391715869503544534, 0.4204348630842531520, 2.896223185755908425 ) ) ;
#805 = DIRECTION ( 'NONE',  ( -0.000000000000000000, -0.000000000000000000, -1.000000000000000000 ) ) ;
#806 = DIRECTION ( 'NONE',  ( -0.5000000000000002220, 0.8660254037844384856, 0.000000000000000000 ) ) ;
#807 = CARTESIAN_POINT ( 'NONE',  ( -1.474999330910995887, 0.001002002746655978683, 13.78549871797095605 ) ) ;
#808 = CARTESIAN_POINT ( 'NONE',  ( -0.7499999999999988898, -1.299038105676658672, 11.11666666666666892 ) ) ;
#809 = CARTESIAN_POINT ( 'NONE',  ( 5.667084691345583458, -0.9156779982588633127, 5.532026128702578482 ) ) ;
#810 = CARTESIAN_POINT ( 'NONE',  ( 1.474999420137524941, 0.0008823848237827780494, 11.80170694575277857 ) ) ;
#811 = CARTESIAN_POINT ( 'NONE',  ( 0.3795912703849761427, 1.412245663318699052, 17.56217676569417918 ) ) ;
#812 = CARTESIAN_POINT ( 'NONE',  ( 1.159577904321879016, 0.8910133845912252548, 16.08911543952025980 ) ) ;
#813 = EDGE_CURVE ( 'NONE', #36, #2089, #461, .T. ) ;
#814 = B_SPLINE_CURVE_WITH_KNOTS ( 'NONE', 3,
 ( #2191, #1750, #1734, #314, #1544, #2372, #506, #2173, #1128, #946, #100, #1767, #2592, #722, #2606, #738, #1574, #999 ),
 .UNSPECIFIED., .F., .F.,
 ( 4, 2, 2, 2, 2, 2, 2, 2, 4 ),
 ( 0.1599989150290589690, 0.1643739166865822721, 0.1687489183441055751, 0.1731239200016288782, 0.1774989216591521812, 0.1818739233166754843, 0.1862489249741987873, 0.1906239266317220904, 0.1949989282892453935 ),
 .UNSPECIFIED. ) ;
#815 = VERTEX_POINT ( 'NONE', #2337 ) ;
#816 = CARTESIAN_POINT ( 'NONE',  ( 1.449999999999999956, 1.775737858763661670E-16, 22.10121933088197821 ) ) ;
#817 = VECTOR ( 'NONE', #1252, 1000.000000000000000 ) ;
#818 = CARTESIAN_POINT ( 'NONE',  ( -1.499999999999999778, -0.8660254037844394848, 16.39583333415269095 ) ) ;
#819 = ORIENTED_EDGE ( 'NONE', *, *, #1339, .T. ) ;
#820 = CARTESIAN_POINT ( 'NONE',  ( -0.1897064336429236386, 1.450012840200631814, 12.70545715798004771 ) ) ;
#821 = DIRECTION ( 'NONE',  ( -1.000000000000000000, 0.000000000000000000, 0.000000000000000000 ) ) ;
#822 = CYLINDRICAL_SURFACE ( 'NONE', #2160, 1.449999999999999956 ) ;
#823 = UNCERTAINTY_MEASURE_WITH_UNIT (LENGTH_MEASURE( 1.000000000000000082E-05 ), #780, 'distance_accuracy_value', 'NONE');
#824 = CARTESIAN_POINT ( 'NONE',  ( 1.267032595074520929, 0.7301751496275920017, 17.47466644487217380 ) ) ;
#825 = CARTESIAN_POINT ( 'NONE',  ( 5.551526111235867589, 1.460917846153519717, 4.733417986958714074 ) ) ;
#826 = VERTEX_POINT ( 'NONE', #2351 ) ;
#827 = FACE_OUTER_BOUND ( 'NONE', #842, .T. ) ;
#828 = ADVANCED_FACE ( 'NONE', ( #1063 ), #1209, .T. ) ;
#829 = CARTESIAN_POINT ( 'NONE',  ( -0.7499999999999988898, -1.299038105676658672, 9.716666666666668561 ) ) ;
#830 = ORIENTED_EDGE ( 'NONE', *, *, #1782, .F. ) ;
#831 = CARTESIAN_POINT ( 'NONE',  ( 0.000000000000000000, 0.000000000000000000, 22.10121933088197821 ) ) ;
#832 = EDGE_CURVE ( 'NONE', #1069, #1076, #500, .T. ) ;
#833 = CARTESIAN_POINT ( 'NONE',  ( 0.7499999999999996669, 1.299038105676658228, 12.16666666666666963 ) ) ;
#834 = DIRECTION ( 'NONE',  ( -0.000000000000000000, -0.000000000000000000, -1.000000000000000000 ) ) ;
#835 = FACE_OUTER_BOUND ( 'NONE', #475, .T. ) ;
#836 = LINE ( 'NONE', #2221, #1523 ) ;
#837 = CARTESIAN_POINT ( 'NONE',  ( -0.8910698804292198627, 1.159535171655783792, 17.66427213998651169 ) ) ;
#838 = CARTESIAN_POINT ( 'NONE',  ( 5.727494924484927807, 0.3908462433312907547, 2.888413643082723414 ) ) ;
#839 = EDGE_LOOP ( 'NONE', ( #1244, #1463, #682, #160 ) ) ;
#840 = FACE_OUTER_BOUND ( 'NONE', #2246, .T. ) ;
#841 = CARTESIAN_POINT ( 'NONE',  ( -1.499999999999999778, -0.8660254037844394848, 8.258333333333336412 ) ) ;
#842 = EDGE_LOOP ( 'NONE', ( #1343, #602, #445, #104 ) ) ;
#843 = LINE ( 'NONE', #1031, #389 ) ;
#844 = VECTOR ( 'NONE', #545, 1000.000000000000000 ) ;
#845 = ADVANCED_FACE ( 'NONE', ( #667 ), #2142, .F. ) ;
#846 = CARTESIAN_POINT ( 'NONE',  ( 1.267040351154272715, 0.7301606099067795563, 16.77459793621380157 ) ) ;
#847 = EDGE_LOOP ( 'NONE', ( #2262, #1356, #1886, #2180 ) ) ;
#848 = FACE_OUTER_BOUND ( 'NONE', #770, .T. ) ;
#849 = CARTESIAN_POINT ( 'NONE',  ( 1.474998345989757098, -0.001414772898823599004, 12.72733259834167185 ) ) ;
#850 = CARTESIAN_POINT ( 'NONE',  ( 0.7499999999999996669, 1.299038105676658228, 10.06666666666666821 ) ) ;
#851 = CARTESIAN_POINT ( 'NONE',  ( -1.500000000000000000, 0.000000000000000000, 18.00000000000000355 ) ) ;
#852 = ORIENTED_EDGE ( 'NONE', *, *, #1188, .F. ) ;
#853 = FACE_OUTER_BOUND ( 'NONE', #301, .T. ) ;
#854 = CARTESIAN_POINT ( 'NONE',  ( -0.7500000000000002220, 1.299038105676658006, 12.72083333415269202 ) ) ;
#855 = ORIENTED_EDGE ( 'NONE', *, *, #1492, .T. ) ;
#856 = CARTESIAN_POINT ( 'NONE',  ( 0.8910145379488784156, -1.159577018087000422, 11.71369524787520788 ) ) ;
#857 = CARTESIAN_POINT ( 'NONE',  ( 0.1899040526429295883, 1.449986971838841399, 16.87669107401963231 ) ) ;
#858 = ORIENTED_EDGE ( 'NONE', *, *, #579, .T. ) ;
#859 = EDGE_CURVE ( 'NONE', #2682, #1206, #2350, .T. ) ;
#860 =( NAMED_UNIT ( * ) PLANE_ANGLE_UNIT ( ) SI_UNIT ( $, .RADIAN. ) );
#861 = CARTESIAN_POINT ( 'NONE',  ( -0.1897071259950857958, 1.450012749619367991, 10.60525546599650681 ) ) ;
#862 =( BOUNDED_CURVE ( )  B_SPLINE_CURVE ( 2, ( #643, #631, #2494, #194, #2295, #32, #1867, #1255, #2481 ),
 .UNSPECIFIED., .F., .F. ) 
 B_SPLINE_CURVE_WITH_KNOTS ( ( 3, 2, 2, 2, 3 ),
 ( 0.08994111949695857144, 0.08995670124761515063, 0.1016239230264765758, 0.1132911448053378900, 0.1249515359903629746 ),
 .UNSPECIFIED. ) 
 CURVE ( )  GEOMETRIC_REPRESENTATION_ITEM ( )  RATIONAL_B_SPLINE_CURVE ( ( 0.9996426277264868210, 0.9998210749060818525, 1.000000000000000000, 0.8660254037844387076, 1.000000000000000000, 0.8660254037844387076, 1.000000000000000000, 0.8661038394281992403, 0.9998432205530276562 ) ) 
 REPRESENTATION_ITEM ( '' )  );
#863 = CARTESIAN_POINT ( 'NONE',  ( 3.464101615137752166, 6.000000000000003553, 18.00000000000000355 ) ) ;
#864 = CARTESIAN_POINT ( 'NONE',  ( -1.500000000000000000, 0.000000000000000000, 17.30000000000000426 ) ) ;
#865 = CARTESIAN_POINT ( 'NONE',  ( 0.000000000000000000, 0.000000000000000000, 22.10121933088197821 ) ) ;
#866 = CARTESIAN_POINT ( 'NONE',  ( -1.060575238724906915E-16, 1.732050807568877193, 14.06250000081936058 ) ) ;
#867 = ORIENTED_EDGE ( 'NONE', *, *, #832, .T. ) ;
#868 = CARTESIAN_POINT ( 'NONE',  ( -1.474999421516364428, -0.0008813345789793984976, 11.45169006340589668 ) ) ;
#869 = CARTESIAN_POINT ( 'NONE',  ( 1.474999431122188565, 0.0008739829654390883018, 9.001571886986463156 ) ) ;
#870 = AXIS2_PLACEMENT_3D ( 'NONE', #865, #1464, #1260 ) ;
#871 = CARTESIAN_POINT ( 'NONE',  ( -1.391328482065082195, -0.4217789323976440796, 2.896596769926847337 ) ) ;
#872 = CARTESIAN_POINT ( 'NONE',  ( 1.474998358833319756, -0.001409261047137119489, 11.32742068452985151 ) ) ;
#873 = CARTESIAN_POINT ( 'NONE',  ( -1.474999304280731005, 0.0008053091286730406848, 13.08551523735048860 ) ) ;
#874 = CARTESIAN_POINT ( 'NONE',  ( 1.500000000000000444, -0.8660254037844380415, 8.929166667486025943 ) ) ;
#875 = CARTESIAN_POINT ( 'NONE',  ( 1.499999999999999778, 0.8660254037844391517, 17.00833333333333286 ) ) ;
#876 = EDGE_CURVE ( 'NONE', #1739, #2177, #1480, .T. ) ;
#877 = DIRECTION ( 'NONE',  ( 1.000000000000000000, 0.000000000000000000, -0.000000000000000000 ) ) ;
#878 = CARTESIAN_POINT ( 'NONE',  ( 0.7499999999999996669, 1.299038105676658228, 12.60416666748602488 ) ) ;
#879 = ORIENTED_EDGE ( 'NONE', *, *, #393, .T. ) ;
#880 = CARTESIAN_POINT ( 'NONE',  ( 0.1897058567292120856, -1.450012915678585479, 14.45562523463656923 ) ) ;
#881 = EDGE_LOOP ( 'NONE', ( #1444, #1932, #647, #1097 ) ) ;
#882 = DIRECTION ( 'NONE',  ( 0.000000000000000000, 0.000000000000000000, 1.000000000000000000 ) ) ;
#883 = AXIS2_PLACEMENT_3D ( 'NONE', #30, #2690, #6 ) ;
#884 = CARTESIAN_POINT ( 'NONE',  ( -1.498843649498521780, 0.8666930230577449823, 13.04157672829433245 ) ) ;
#885 = CARTESIAN_POINT ( 'NONE',  ( -0.7500000000000002220, 1.299038105676658006, 8.520833334152692728 ) ) ;
#886 = CARTESIAN_POINT ( 'NONE',  ( -0.7500000000000002220, 1.299038105676658006, 15.78333333333333677 ) ) ;
#887 = CARTESIAN_POINT ( 'NONE',  ( -1.500000000000000000, 0.000000000000000000, 13.10000000000000142 ) ) ;
#888 = CARTESIAN_POINT ( 'NONE',  ( -1.499999999999999778, -0.8660254037844394848, 15.69583333415268989 ) ) ;
#889 = EDGE_CURVE ( 'NONE', #1040, #1162, #1898, .T. ) ;
#890 = VERTEX_POINT ( 'NONE', #1199 ) ;
#891 = VERTEX_POINT ( 'NONE', #968 ) ;
#892 = EDGE_LOOP ( 'NONE', ( #2667, #2044, #2006, #1882 ) ) ;
#893 = CARTESIAN_POINT ( 'NONE',  ( 0.7303320264196119238, 1.266941553070757065, 8.432130104157474548 ) ) ;
#894 = PLANE ( 'NONE',  #516 ) ;
#895 = EDGE_LOOP ( 'NONE', ( #208, #23, #1358, #867, #144, #1117, #131, #2047 ) ) ;
#896 = CARTESIAN_POINT ( 'NONE',  ( -1.474999435214295884, -0.0008708323358566176769, 7.951521239954840503 ) ) ;
#897 = CARTESIAN_POINT ( 'NONE',  ( -1.499999999999999778, -0.8660254037844394848, 8.695833334152691663 ) ) ;
#898 = CARTESIAN_POINT ( 'NONE',  ( -1.499999999999999778, -0.8660254037844394848, 15.95833333333333570 ) ) ;
#899 = CARTESIAN_POINT ( 'NONE',  ( 0.3873243570228186994, -1.400399159998242382, 4.880623646792400905 ) ) ;
#900 = B_SPLINE_CURVE_WITH_KNOTS ( 'NONE', 3,
 ( #1360, #2136, #1119, #1102, #909, #304, #893, #2333, #319, #2582, #1975, #950, #60, #935, #1313, #1727, #2150, #1149 ),
 .UNSPECIFIED., .F., .F.,
 ( 4, 2, 2, 2, 2, 2, 2, 2, 4 ),
 ( 0.05499887524859729815, 0.05937387690611427293, 0.06374887856363124772, 0.06812388022114822250, 0.07249888187866519729, 0.07687388353618217207, 0.08124888519369914686, 0.08562388685121612164, 0.08999888850873309643 ),
 .UNSPECIFIED. ) ;
#901 = CARTESIAN_POINT ( 'NONE',  ( 1.474999870812283342, -0.0003950147177633736486, 13.44366015541045911 ) ) ;
#902 = CARTESIAN_POINT ( 'NONE',  ( -0.7500000000000002220, 1.299038105676658006, 15.52083333415269095 ) ) ;
#903 = ORIENTED_EDGE ( 'NONE', *, *, #376, .F. ) ;
#904 = EDGE_CURVE ( 'NONE', #2499, #2259, #416, .T. ) ;
#905 = CARTESIAN_POINT ( 'NONE',  ( 0.8911708143183673103, 1.159456919173344369, 11.21781429282365394 ) ) ;
#906 = ORIENTED_EDGE ( 'NONE', *, *, #642, .T. ) ;
#907 = EDGE_CURVE ( 'NONE', #2003, #2089, #2087, .T. ) ;
#908 = VECTOR ( 'NONE', #2550, 1000.000000000000000 ) ;
#909 = CARTESIAN_POINT ( 'NONE',  ( 1.159576344416839433, 0.8910154146704742928, 8.388375902241328674 ) ) ;
#910 = CARTESIAN_POINT ( 'NONE',  ( -1.474999303760857750, 0.0008072691232590612680, 17.28551507911581808 ) ) ;
#911 = VERTEX_POINT ( 'NONE', #1366 ) ;
#912 = PRODUCT_CONTEXT ( 'NONE', #2656, 'mechanical' ) ;
#913 = CARTESIAN_POINT ( 'NONE',  ( -1.159576273497594734, -0.8910155069654670523, 8.038342286912268264 ) ) ;
#914 = CARTESIAN_POINT ( 'NONE',  ( -0.7499999999999988898, -1.299038105676658672, 9.454166667486024522 ) ) ;
#915 = CARTESIAN_POINT ( 'NONE',  ( 0.7499999999999996669, 1.299038105676658228, 13.56666666666666821 ) ) ;
#916 = CARTESIAN_POINT ( 'NONE',  ( 0.8911717369522211829, 1.159456210026782896, 14.71815044613549972 ) ) ;
#917 = CARTESIAN_POINT ( 'NONE',  ( 1.412285744792992626, 0.3794400384330770537, 9.044688930983697972 ) ) ;
#918 = CARTESIAN_POINT ( 'NONE',  ( -1.499999999999999778, -0.8660254037844394848, 13.15833333333333499 ) ) ;
#919 = CARTESIAN_POINT ( 'NONE',  ( -1.499999999999999778, -0.8660254037844394848, 11.49583333415269060 ) ) ;
#920 = CARTESIAN_POINT ( 'NONE',  ( -0.1899037065639689881, -1.449987017164454661, 15.82659022802087456 ) ) ;
#921 = CARTESIAN_POINT ( 'NONE',  ( 5.727563758767677982, -0.3897239333358533120, 2.888143745938495321 ) ) ;
#922 = EDGE_CURVE ( 'NONE', #2670, #2003, #774, .T. ) ;
#923 = DIRECTION ( 'NONE',  ( 1.000000000000000000, 0.000000000000000000, 0.000000000000000000 ) ) ;
#924 = CARTESIAN_POINT ( 'NONE',  ( -1.500000000000000222, 0.8660254037844384856, 8.579166667486026299 ) ) ;
#925 = CARTESIAN_POINT ( 'NONE',  ( 3.181725716174720005E-16, -1.732050807568877193, 13.97500000000000142 ) ) ;
#926 = AXIS2_PLACEMENT_3D ( 'NONE', #1225, #153, #2650 ) ;
#927 = CARTESIAN_POINT ( 'NONE',  ( -0.3794381840309900000, 1.412286243015690390, 14.82024358394066610 ) ) ;
#928 = CARTESIAN_POINT ( 'NONE',  ( -5.654225371484685958, 0.9911058091005408022, 3.209780397452525413 ) ) ;
#929 = CARTESIAN_POINT ( 'NONE',  ( -1.498842895762002803, 0.8666934582277266985, 17.24157666967037983 ) ) ;
#930 = CARTESIAN_POINT ( 'NONE',  ( 0.7500000000000006661, -1.299038105676657562, 10.53333333333333499 ) ) ;
#931 = CARTESIAN_POINT ( 'NONE',  ( 1.500000000000000000, 1.836970198721029934E-16, 11.08750000081935916 ) ) ;
#932 = LINE ( 'NONE', #2594, #2311 ) ;
#933 = CARTESIAN_POINT ( 'NONE',  ( -1.060575238724906915E-16, 1.732050807568877193, 12.22500000000000320 ) ) ;
#934 = ORIENTED_EDGE ( 'NONE', *, *, #1446, .T. ) ;
#935 = CARTESIAN_POINT ( 'NONE',  ( -1.159457451114506155, 0.8911701222362502506, 8.592562177849998761 ) ) ;
#936 = CARTESIAN_POINT ( 'NONE',  ( 5.737412702234396811, -0.1974002006156189981, 2.849762230407268504 ) ) ;
#937 = B_SPLINE_CURVE_WITH_KNOTS ( 'NONE', 3,
 ( #1160, #1068, #39, #871, #2260, #1594, #1820, #771, #1417, #2655, #2072, #1217, #1637, #2683, #1804, #1176, #975, #2625, #2058, #2420, #1442, #756, #2449, #169, #2668, #2247, #181, #1014, #1833, #988, #613, #347 ),
 .UNSPECIFIED., .F., .F.,
 ( 4, 2, 2, 2, 2, 2, 2, 2, 2, 2, 2, 2, 2, 2, 2, 4 ),
 ( 1.246842234854289859E-18, 0.0003221889342259033422, 0.0006443778684518053834, 0.0009665668026777072619, 0.001288755736903609032, 0.001933133605355413656, 0.002255322539581315535, 0.002416417006694266800, 0.002577511473807217630, 0.002738605940920168461, 0.002899700408033119292, 0.003221889342259020086, 0.003866267210710822976, 0.004188456144936724204, 0.004510645079162624999, 0.005155022947614427455 ),
 .UNSPECIFIED. ) ;
#938 = LINE ( 'NONE', #150, #1400 ) ;
#939 = EDGE_CURVE ( 'NONE', #890, #2341, #1501, .T. ) ;
#940 = LINE ( 'NONE', #762, #665 ) ;
#941 = CARTESIAN_POINT ( 'NONE',  ( -5.740000000000001990, -0.09815657152013794462, 2.839946296394552316 ) ) ;
#942 = CARTESIAN_POINT ( 'NONE',  ( 1.412234712986224716, -0.3796299292054690633, 12.48668614839735724 ) ) ;
#943 = CARTESIAN_POINT ( 'NONE',  ( -1.499999999999999778, -0.8660254037844394848, 13.85833333333333428 ) ) ;
#944 = CARTESIAN_POINT ( 'NONE',  ( -1.052928618059341570, -1.000889982477909834, 5.460481767313186907 ) ) ;
#945 = CARTESIAN_POINT ( 'NONE',  ( -1.060575238724906915E-16, 1.732050807568877193, 17.12500000000000000 ) ) ;
#946 = CARTESIAN_POINT ( 'NONE',  ( 0.1897074721870858904, -1.450012704326417046, 9.555154620005964716 ) ) ;
#947 = CARTESIAN_POINT ( 'NONE',  ( -1.499999999999999778, -0.8660254037844394848, 10.79583333415269308 ) ) ;
#948 = CARTESIAN_POINT ( 'NONE',  ( 1.500000000000000444, -0.8660254037844380415, 10.59166666666666856 ) ) ;
#949 = VERTEX_POINT ( 'NONE', #1852 ) ;
#950 = CARTESIAN_POINT ( 'NONE',  ( -0.7301629793097359489, 1.267038985728951461, 8.548807975933854664 ) ) ;
#951 = FACE_OUTER_BOUND ( 'NONE', #1484, .T. ) ;
#952 = CARTESIAN_POINT ( 'NONE',  ( 1.474999406258644230, 0.0008928875113616014780, 15.30187576924184967 ) ) ;
#953 = CARTESIAN_POINT ( 'NONE',  ( 1.499999999999999778, 0.8660254037844391517, 9.308333333333335347 ) ) ;
#954 = AXIS2_PLACEMENT_3D ( 'NONE', #1426, #984, #1382 ) ;
#955 = CARTESIAN_POINT ( 'NONE',  ( 1.474998358833319756, -0.001409261047137119489, 11.32742068452985151 ) ) ;
#956 = CARTESIAN_POINT ( 'NONE',  ( -1.266940477854621605, 0.7303338916451934670, 14.90775198777366839 ) ) ;
#957 = CARTESIAN_POINT ( 'NONE',  ( -5.615170913366651639, 1.198765964565032371, 5.262351197346834653 ) ) ;
#958 = DIRECTION ( 'NONE',  ( 0.000000000000000000, 0.000000000000000000, -1.000000000000000000 ) ) ;
#959 = CARTESIAN_POINT ( 'NONE',  ( -1.159577266243435600, -0.8910142149949363821, 12.93881290153449193 ) ) ;
#960 = EDGE_CURVE ( 'NONE', #2124, #48, #2257, .T. ) ;
#961 = EDGE_LOOP ( 'NONE', ( #2613, #978, #1515, #2138 ) ) ;
#962 = CARTESIAN_POINT ( 'NONE',  ( -0.3796305472697333316, -1.412234546841195870, 14.41187103272008052 ) ) ;
#963 = CARTESIAN_POINT ( 'NONE',  ( -1.500000000000000000, 0.000000000000000000, 11.70000000000000284 ) ) ;
#964 = ORIENTED_EDGE ( 'NONE', *, *, #1392, .T. ) ;
#965 = DIRECTION ( 'NONE',  ( -1.000000000000000000, 0.000000000000000000, 0.000000000000000000 ) ) ;
#966 = CARTESIAN_POINT ( 'NONE',  ( -1.159576840806704867, -0.8910147686633351771, 10.83861120955033286 ) ) ;
#967 = CARTESIAN_POINT ( 'NONE',  ( 1.449999999999999956, 1.775737858763661670E-16, 22.10121933088197821 ) ) ;
#968 = CARTESIAN_POINT ( 'NONE',  ( -1.474999330913296269, 0.001001409617674895586, 10.98549876689901339 ) ) ;
#969 = DIRECTION ( 'NONE',  ( -0.000000000000000000, -0.000000000000000000, -1.000000000000000000 ) ) ;
#970 = CARTESIAN_POINT ( 'NONE',  ( -5.615054668510230051, 1.192410166628685708, 3.424715166122017873 ) ) ;
#971 = CARTESIAN_POINT ( 'NONE',  ( 0.000000000000000000, 0.000000000000000000, 22.10121933088197821 ) ) ;
#972 = CARTESIAN_POINT ( 'NONE',  ( 1.474999414605713266, 0.0008865858502076013259, 13.20177447514424962 ) ) ;
#973 = DIRECTION ( 'NONE',  ( -0.000000000000000000, -0.000000000000000000, -1.000000000000000000 ) ) ;
#974 = ORIENTED_EDGE ( 'NONE', *, *, #484, .T. ) ;
#975 = CARTESIAN_POINT ( 'NONE',  ( -0.04827810647610887573, -1.450203448343355683, 3.956657028594401826 ) ) ;
#976 = ADVANCED_FACE ( 'NONE', ( #1238 ), #2078, .F. ) ;
#977 = CARTESIAN_POINT ( 'NONE',  ( 3.181725716174720005E-16, -1.732050807568877193, 12.57500000000000284 ) ) ;
#978 = ORIENTED_EDGE ( 'NONE', *, *, #467, .T. ) ;
#979 = CARTESIAN_POINT ( 'NONE',  ( -1.357817023811580315, 0.5183845404837725823, 2.928907556480329077 ) ) ;
#980 = FACE_OUTER_BOUND ( 'NONE', #1703, .T. ) ;
#981 = CARTESIAN_POINT ( 'NONE',  ( 0.8523887521608283224, -1.186551439215145942, 5.273640302590717255 ) ) ;
#982 = CARTESIAN_POINT ( 'NONE',  ( 0.7499999999999996669, 1.299038105676658228, 8.666666666666669627 ) ) ;
#983 = CARTESIAN_POINT ( 'NONE',  ( -6.928203230275513214, -2.596808198865154183E-15, 12.00000000000000000 ) ) ;
#984 = DIRECTION ( 'NONE',  ( -0.8660254037844384856, -0.5000000000000003331, 0.000000000000000000 ) ) ;
#985 = CARTESIAN_POINT ( 'NONE',  ( -0.1112020459845761838, 1.461910660271134255, 7.798745490571971750 ) ) ;
#986 = LINE ( 'NONE', #641, #2664 ) ;
#987 = ORIENTED_EDGE ( 'NONE', *, *, #421, .F. ) ;
#988 = CARTESIAN_POINT ( 'NONE',  ( 1.399931766705063030, -0.4270299948404751023, 2.888477299770561224 ) ) ;
#989 = CARTESIAN_POINT ( 'NONE',  ( 3.181725716174720005E-16, -1.732050807568877193, 9.075000000000001066 ) ) ;
#990 = ORIENTED_EDGE ( 'NONE', *, *, #1275, .F. ) ;
#991 = ADVANCED_FACE ( 'NONE', ( #606 ), #1436, .F. ) ;
#992 = CARTESIAN_POINT ( 'NONE',  ( 0.04828481606530070358, 1.450203736845153024, 3.956658117456562707 ) ) ;
#993 = EDGE_CURVE ( 'NONE', #1957, #1206, #1791, .T. ) ;
#994 = CARTESIAN_POINT ( 'NONE',  ( -1.357050818778236856, 0.5204979442591269878, 5.750246685457372386 ) ) ;
#995 = DIRECTION ( 'NONE',  ( -0.000000000000000000, -0.000000000000000000, -1.000000000000000000 ) ) ;
#996 = CARTESIAN_POINT ( 'NONE',  ( 1.449987160714618861, -0.1899026104996820730, 12.50127088236946982 ) ) ;
#997 = CARTESIAN_POINT ( 'NONE',  ( 1.500000000000000000, -0.0004383896441145905152, 17.64997047115578255 ) ) ;
#998 = VECTOR ( 'NONE', #1052, 1000.000000000000000 ) ;
#999 = CARTESIAN_POINT ( 'NONE',  ( 1.474999428385892264, 0.0008760834057149160300, 9.701605651675961894 ) ) ;
#1000 = CARTESIAN_POINT ( 'NONE',  ( 5.739999999999999325, -2.076402873667321117E-16, 2.839946296394551428 ) ) ;
#1001 = VERTEX_POINT ( 'NONE', #399 ) ;
#1002 = CARTESIAN_POINT ( 'NONE',  ( 1.159577478953904839, 0.8910139381709755169, 13.98891374752755823 ) ) ;
#1003 = CARTESIAN_POINT ( 'NONE',  ( -1.500000000000000222, 0.8660254037844384856, 9.541666666666669627 ) ) ;
#1004 = ORIENTED_EDGE ( 'NONE', *, *, #2349, .T. ) ;
#1005 = CARTESIAN_POINT ( 'NONE',  ( 0.2031147559514736300, 1.436596473503000126, 3.908014024412777676 ) ) ;
#1006 = LINE ( 'NONE', #394, #136 ) ;
#1007 = CARTESIAN_POINT ( 'NONE',  ( 1.474999868265474801, -0.0003988522544253179946, 10.64359804178716828 ) ) ;
#1008 = EDGE_CURVE ( 'NONE', #2085, #2448, #2358, .T. ) ;
#1009 = CARTESIAN_POINT ( 'NONE',  ( 1.499999999999999778, -0.0004380270936911391695, 13.44997049557628088 ) ) ;
#1010 = CARTESIAN_POINT ( 'NONE',  ( -1.500000000000000000, 0.000000000000000000, 11.00000000000000355 ) ) ;
#1011 = CARTESIAN_POINT ( 'NONE',  ( -1.474999418757037883, -0.0008834350774435461651, 12.15172382810035145 ) ) ;
#1012 = CARTESIAN_POINT ( 'NONE',  ( 5.667054184435469821, 0.9158901320487332631, 5.531888399218644281 ) ) ;
#1013 = ORIENTED_EDGE ( 'NONE', *, *, #1458, .F. ) ;
#1014 = CARTESIAN_POINT ( 'NONE',  ( 1.224305857043110901, -0.7824916195662069418, 3.056931234573110778 ) ) ;
#1015 = CARTESIAN_POINT ( 'NONE',  ( -1.500000000000000222, 0.8660254037844384856, 16.97916666748602665 ) ) ;
#1016 = ORIENTED_EDGE ( 'NONE', *, *, #1914, .T. ) ;
#1017 = VECTOR ( 'NONE', #1395, 1000.000000000000114 ) ;
#1018 = CARTESIAN_POINT ( 'NONE',  ( -1.474999304558166635, 0.0008061602697647514372, 10.28551515491067292 ) ) ;
#1019 = CYLINDRICAL_SURFACE ( 'NONE', #790, 1.449999999999999956 ) ;
#1020 = CARTESIAN_POINT ( 'NONE',  ( 1.159578046098743931, 0.8910132000808975716, 16.78918267018605448 ) ) ;
#1021 = DIRECTION ( 'NONE',  ( -1.000000000000000000, 0.000000000000000000, 0.000000000000000000 ) ) ;
#1022 = CARTESIAN_POINT ( 'NONE',  ( -1.474999418757037883, -0.0008834350774435461651, 12.15172382810035145 ) ) ;
#1023 = EDGE_CURVE ( 'NONE', #1626, #1191, #1790, .T. ) ;
#1024 = CARTESIAN_POINT ( 'NONE',  ( -1.060575238724906915E-16, 1.732050807568877193, 10.12500000000000178 ) ) ;
#1025 = CARTESIAN_POINT ( 'NONE',  ( 5.579847137054447792, 1.347010284422933024, 5.007283186413503451 ) ) ;
#1026 = EDGE_CURVE ( 'NONE', #2089, #1466, #862, .T. ) ;
#1027 = VERTEX_POINT ( 'NONE', #1281 ) ;
#1028 = CARTESIAN_POINT ( 'NONE',  ( -1.449987085158978228, 0.1899031873987734598, 14.25143895902632707 ) ) ;
#1029 = CARTESIAN_POINT ( 'NONE',  ( 1.500000000000000000, 1.836970198721029934E-16, 9.250000000000003553 ) ) ;
#1030 = ORIENTED_EDGE ( 'NONE', *, *, #2503, .F. ) ;
#1031 = CARTESIAN_POINT ( 'NONE',  ( 1.449999999999999956, 1.775737858763661670E-16, 22.10121933088197821 ) ) ;
#1032 = DIRECTION ( 'NONE',  ( -1.000000000000000000, 0.000000000000000000, 0.000000000000000000 ) ) ;
#1033 =( BOUNDED_CURVE ( )  B_SPLINE_CURVE ( 2, ( #1253, #1471, #1121, #482, #274, #1759, #1950, #77, #2567 ),
 .UNSPECIFIED., .F., .F. ) 
 B_SPLINE_CURVE_WITH_KNOTS ( ( 3, 2, 2, 2, 3 ),
 ( 0.6149573466444624437, 0.6149816812970476665, 0.6266489030759250234, 0.6383161248548023803, 0.6499677649015580538 ),
 .UNSPECIFIED. ) 
 CURVE ( )  GEOMETRIC_REPRESENTATION_ITEM ( )  RATIONAL_B_SPLINE_CURVE ( ( 0.9994422964828619804, 0.9997205654168622724, 1.000000000000000000, 0.8660254037844387076, 1.000000000000000000, 0.8660254037844387076, 1.000000000000000000, 0.8662043286655202179, 0.9996426281510231160 ) ) 
 REPRESENTATION_ITEM ( '' )  );
#1034 = CARTESIAN_POINT ( 'NONE',  ( 1.499999999999999778, 0.8660254037844391517, 13.50833333333333641 ) ) ;
#1035 = CARTESIAN_POINT ( 'NONE',  ( 0.000000000000000000, 0.000000000000000000, 0.000000000000000000 ) ) ;
#1036 = CARTESIAN_POINT ( 'NONE',  ( 0.3796302101512862293, 1.412234637463785525, 13.36177018672528050 ) ) ;
#1037 = CARTESIAN_POINT ( 'NONE',  ( 0.000000000000000000, 0.000000000000000000, 0.000000000000000000 ) ) ;
#1038 = CARTESIAN_POINT ( 'NONE',  ( 1.412286348680321213, 0.3794377907423566176, 16.04536123760369293 ) ) ;
#1039 = AXIS2_PLACEMENT_3D ( 'NONE', #2323, #1299, #2334 ) ;
#1040 = VERTEX_POINT ( 'NONE', #1242 ) ;
#1041 = CARTESIAN_POINT ( 'NONE',  ( -1.474999410439581826, -0.0008897366625755405694, 14.25182512219149444 ) ) ;
#1042 = CARTESIAN_POINT ( 'NONE',  ( -0.7500000000000002220, 1.299038105676658006, 17.62083333415268882 ) ) ;
#1043 = ADVANCED_FACE ( 'NONE', ( #2082 ), #1439, .F. ) ;
#1044 = ORIENTED_EDGE ( 'NONE', *, *, #525, .F. ) ;
#1045 = CARTESIAN_POINT ( 'NONE',  ( 0.1899026681829638630, 1.449987153160058551, 12.67628769003566802 ) ) ;
#1046 = CARTESIAN_POINT ( 'NONE',  ( -1.412234320309759372, 0.3796313899716610707, 17.03712314771453151 ) ) ;
#1047 = CYLINDRICAL_SURFACE ( 'NONE', #883, 1.449999999999999956 ) ;
#1048 = FACE_OUTER_BOUND ( 'NONE', #2404, .T. ) ;
#1049 = CARTESIAN_POINT ( 'NONE',  ( -1.474999304558166635, 0.0008061602697647514372, 10.28551515491067292 ) ) ;
#1050 = CARTESIAN_POINT ( 'NONE',  ( 5.739999999999999325, 7.029496622236176272E-16, 5.839946296394552760 ) ) ;
#1051 = VERTEX_POINT ( 'NONE', #2691 ) ;
#1052 = DIRECTION ( 'NONE',  ( -0.000000000000000000, -0.000000000000000000, -1.000000000000000000 ) ) ;
#1053 = CARTESIAN_POINT ( 'NONE',  ( 3.181725716174720005E-16, -1.732050807568877193, 12.31250000081935880 ) ) ;
#1054 = ORIENTED_EDGE ( 'NONE', *, *, #2349, .F. ) ;
#1055 = EDGE_CURVE ( 'NONE', #1923, #374, #436, .T. ) ;
#1056 = CARTESIAN_POINT ( 'NONE',  ( 0.7301620717619058398, -1.267039508725814834, 11.69911051390310064 ) ) ;
#1057 = VECTOR ( 'NONE', #969, 1000.000000000000000 ) ;
#1058 = CARTESIAN_POINT ( 'NONE',  ( -1.267039944492811987, -0.7301613155815136480, 14.32436262888712086 ) ) ;
#1059 = ORIENTED_EDGE ( 'NONE', *, *, #2370, .T. ) ;
#1060 = FACE_OUTER_BOUND ( 'NONE', #1860, .T. ) ;
#1061 = CARTESIAN_POINT ( 'NONE',  ( 1.159576769903515547, 0.8910148609378889528, 10.48857759421928826 ) ) ;
#1062 = CARTESIAN_POINT ( 'NONE',  ( 5.739999999999999325, 7.029472627105806142E-16, 12.00000000000000000 ) ) ;
#1063 = FACE_OUTER_BOUND ( 'NONE', #404, .T. ) ;
#1064 = CARTESIAN_POINT ( 'NONE',  ( -0.7500000000000002220, 1.299038105676658006, 8.083333333333333925 ) ) ;
#1065 = CARTESIAN_POINT ( 'NONE',  ( 3.181725716174720005E-16, -1.732050807568877193, 14.41250000081936022 ) ) ;
#1066 = ORIENTED_EDGE ( 'NONE', *, *, #1914, .F. ) ;
#1067 = CARTESIAN_POINT ( 'NONE',  ( -0.1899013988452692148, -1.449987319402541885, 8.825917921402851363 ) ) ;
#1068 = CARTESIAN_POINT ( 'NONE',  ( -1.449999999999999512, -0.1092708601230851923, 2.839946296394554537 ) ) ;
#1069 = VERTEX_POINT ( 'NONE', #2506 ) ;
#1070 = EDGE_CURVE ( 'NONE', #1610, #1754, #2283, .T. ) ;
#1071 = LINE ( 'NONE', #2479, #1200 ) ;
#1072 = CARTESIAN_POINT ( 'NONE',  ( -1.450012726973858523, -0.1897072990834103301, 10.08020504300064246 ) ) ;
#1073 = DIRECTION ( 'NONE',  ( -1.000000000000000000, 0.000000000000000000, 0.000000000000000000 ) ) ;
#1074 = DIRECTION ( 'NONE',  ( -0.000000000000000000, -0.000000000000000000, -1.000000000000000000 ) ) ;
#1075 = CARTESIAN_POINT ( 'NONE',  ( -1.500000000000000000, 0.000000000000000000, 12.83750000081935916 ) ) ;
#1076 = VERTEX_POINT ( 'NONE', #1488 ) ;
#1077 = AXIS2_PLACEMENT_3D ( 'NONE', #2105, #381, #821 ) ;
#1078 = PLANE ( 'NONE',  #2553 ) ;
#1079 = CARTESIAN_POINT ( 'NONE',  ( 3.464101615137752166, 6.000000000000003553, 18.00000000000000355 ) ) ;
#1080 = LINE ( 'NONE', #1316, #8 ) ;
#1081 = EDGE_CURVE ( 'NONE', #1636, #334, #205, .T. ) ;
#1082 = DIRECTION ( 'NONE',  ( -0.000000000000000000, -0.000000000000000000, -1.000000000000000000 ) ) ;
#1083 = CARTESIAN_POINT ( 'NONE',  ( -1.412234380711937964, 0.3796311652741393150, 16.33705591704752891 ) ) ;
#1084 = CARTESIAN_POINT ( 'NONE',  ( 0.7500000000000006661, -1.299038105676657562, 9.833333333333335702 ) ) ;
#1085 = CARTESIAN_POINT ( 'NONE',  ( -0.7499999999999988898, -1.299038105676658672, 15.75416666748602523 ) ) ;
#1086 = VERTEX_POINT ( 'NONE', #21 ) ;
#1087 = ORIENTED_EDGE ( 'NONE', *, *, #53, .T. ) ;
#1088 = CARTESIAN_POINT ( 'NONE',  ( 0.8910132462055792013, -1.159578010656667990, 16.61416586251933225 ) ) ;
#1089 = DIRECTION ( 'NONE',  ( 1.000000000000000000, 0.000000000000000000, -0.000000000000000000 ) ) ;
#1090 = EDGE_LOOP ( 'NONE', ( #1059, #2071, #1178, #1913 ) ) ;
#1091 = LINE ( 'NONE', #31, #1482 ) ;
#1092 = CARTESIAN_POINT ( 'NONE',  ( 0.3337107785498543144, 1.462407985577092617, 7.736544718043257163 ) ) ;
#1093 = CARTESIAN_POINT ( 'NONE',  ( 3.181725716174720005E-16, -1.732050807568877193, 17.47500000000000142 ) ) ;
#1094 = CARTESIAN_POINT ( 'NONE',  ( -0.3952856537585311969, -1.398084437094247789, 4.886611805009152931 ) ) ;
#1095 = CARTESIAN_POINT ( 'NONE',  ( -1.500000000000000000, 0.000000000000000000, 9.600000000000003197 ) ) ;
#1096 = CARTESIAN_POINT ( 'NONE',  ( 3.181725716174720005E-16, -1.732050807568877193, 13.71250000081935561 ) ) ;
#1097 = ORIENTED_EDGE ( 'NONE', *, *, #2473, .F. ) ;
#1098 = EDGE_CURVE ( 'NONE', #2177, #1610, #1657, .T. ) ;
#1099 = ORIENTED_EDGE ( 'NONE', *, *, #337, .T. ) ;
#1100 = CARTESIAN_POINT ( 'NONE',  ( -1.159456883713441577, 0.8911708604534382960, 11.39283110048892134 ) ) ;
#1101 = ORIENTED_EDGE ( 'NONE', *, *, #1538, .T. ) ;
#1102 = CARTESIAN_POINT ( 'NONE',  ( 1.267038956671022953, 0.7301630297334459341, 8.373791168269283602 ) ) ;
#1103 = CARTESIAN_POINT ( 'NONE',  ( -0.1899032450856679155, -1.449987077603799968, 14.42645576669224106 ) ) ;
#1104 = CARTESIAN_POINT ( 'NONE',  ( 1.474999428385892264, 0.0008760834057149160300, 9.701605651675961894 ) ) ;
#1105 = SHAPE_DEFINITION_REPRESENTATION ( #1230, #2182 ) ;
#1106 = CARTESIAN_POINT ( 'NONE',  ( 5.739999999999999325, 7.029472627105806142E-16, 0.000000000000000000 ) ) ;
#1107 = CARTESIAN_POINT ( 'NONE',  ( -0.7499999999999988898, -1.299038105676658672, 8.754166667486025233 ) ) ;
#1108 = CARTESIAN_POINT ( 'NONE',  ( -1.499999999999999778, -0.8660254037844394848, 16.65833333333333499 ) ) ;
#1109 = CARTESIAN_POINT ( 'NONE',  ( 0.4708052560963547073, -1.374115709979503164, 4.945830327205215760 ) ) ;
#1110 = DIRECTION ( 'NONE',  ( -0.000000000000000000, -0.000000000000000000, -1.000000000000000000 ) ) ;
#1111 = CARTESIAN_POINT ( 'NONE',  ( -0.7499999999999988898, -1.299038105676658672, 13.21666666666666856 ) ) ;
#1112 = CARTESIAN_POINT ( 'NONE',  ( 1.500000000000000000, 1.836970198721029934E-16, 11.78750000081935845 ) ) ;
#1113 = ORIENTED_EDGE ( 'NONE', *, *, #1081, .T. ) ;
#1114 = ORIENTED_EDGE ( 'NONE', *, *, #960, .T. ) ;
#1115 = EDGE_CURVE ( 'NONE', #1807, #1848, #673, .T. ) ;
#1116 = CARTESIAN_POINT ( 'NONE',  ( 1.159576911725560766, 0.8910146763689235083, 11.18864482487944834 ) ) ;
#1117 = ORIENTED_EDGE ( 'NONE', *, *, #685, .F. ) ;
#1118 = VECTOR ( 'NONE', #2472, 1000.000000000000000 ) ;
#1119 = CARTESIAN_POINT ( 'NONE',  ( 1.412285684392175833, 0.3794402632463282909, 8.344621700325188129 ) ) ;
#1120 = ORIENTED_EDGE ( 'NONE', *, *, #1257, .T. ) ;
#1121 = CARTESIAN_POINT ( 'NONE',  ( 1.500000000000000000, 1.836970198721029934E-16, 14.15000000000000213 ) ) ;
#1122 = CARTESIAN_POINT ( 'NONE',  ( 1.474999869451516288, -0.0003970733699533723102, 14.84362688741390990 ) ) ;
#1123 = CARTESIAN_POINT ( 'NONE',  ( -1.500000000000000000, 0.000000000000000000, 9.337500000819359158 ) ) ;
#1124 = CARTESIAN_POINT ( 'NONE',  ( 1.500000000000000444, -0.8660254037844380415, 14.09166666666666856 ) ) ;
#1125 = CARTESIAN_POINT ( 'NONE',  ( 0.1023860890266079376, -1.447267121349862684, 4.734652256218160105 ) ) ;
#1126 = CARTESIAN_POINT ( 'NONE',  ( -5.739999999999999325, 2.399503458959718681E-21, 2.839946296394551428 ) ) ;
#1127 = CARTESIAN_POINT ( 'NONE',  ( -0.3794399822312818915, 1.412285759892776271, 9.219705738648444893 ) ) ;
#1128 = CARTESIAN_POINT ( 'NONE',  ( -0.1899016296539620119, -1.449987289174078819, 9.525985152061826611 ) ) ;
#1129 = VECTOR ( 'NONE', #1159, 1000.000000000000000 ) ;
#1130 = CARTESIAN_POINT ( 'NONE',  ( 1.500000000000000444, -0.8660254037844380415, 11.02916666748602559 ) ) ;
#1131 = CARTESIAN_POINT ( 'NONE',  ( -0.8911712756450820283, -1.159456564592550309, 12.96798236947863714 ) ) ;
#1132 =( BOUNDED_CURVE ( )  B_SPLINE_CURVE ( 2, ( #2099, #1921, #1271, #1490, #1690, #1897, #1883, #2534, #34 ),
 .UNSPECIFIED., .F., .F. ) 
 B_SPLINE_CURVE_WITH_KNOTS ( ( 3, 2, 2, 2, 3 ),
 ( 0.9299810774252399437, 0.9299966693267359696, 0.9416638911056133265, 0.9533311128844905724, 0.9649915154784456384 ),
 .UNSPECIFIED. ) 
 CURVE ( )  GEOMETRIC_REPRESENTATION_ITEM ( )  RATIONAL_B_SPLINE_CURVE ( ( 0.9996423952253871148, 0.9998209583440900161, 1.000000000000000000, 0.8660254037844387076, 1.000000000000000000, 0.8660254037844387076, 1.000000000000000000, 0.8661037084197498181, 0.9998434822633862629 ) ) 
 REPRESENTATION_ITEM ( '' )  );
#1133 = ORIENTED_EDGE ( 'NONE', *, *, #1697, .F. ) ;
#1134 = CARTESIAN_POINT ( 'NONE',  ( -1.499999999999999778, -0.8660254037844394848, 12.45833333333333393 ) ) ;
#1135 = ADVANCED_FACE ( 'NONE', ( #2564 ), #89, .F. ) ;
#1136 = CARTESIAN_POINT ( 'NONE',  ( 0.1897053952433561674, -1.450012976054962044, 15.85575969596525070 ) ) ;
#1137 = CARTESIAN_POINT ( 'NONE',  ( 5.588991653700332130, -1.310241889586418962, 3.584039280775560332 ) ) ;
#1138 = CYLINDRICAL_SURFACE ( 'NONE', #1797, 1.449999999999999956 ) ;
#1139 = CARTESIAN_POINT ( 'NONE',  ( 1.498196474815258972, -0.8670666695353389519, 15.49152639248563545 ) ) ;
#1140 = CARTESIAN_POINT ( 'NONE',  ( -1.060575238724906915E-16, 1.732050807568877193, 9.862500000819357737 ) ) ;
#1141 = CARTESIAN_POINT ( 'NONE',  ( 1.500000000000000000, 1.836970198721029934E-16, 14.15000000000000213 ) ) ;
#1142 =( GEOMETRIC_REPRESENTATION_CONTEXT ( 3 ) GLOBAL_UNCERTAINTY_ASSIGNED_CONTEXT ( ( #823 ) ) GLOBAL_UNIT_ASSIGNED_CONTEXT ( ( #780, #1168, #578 ) ) REPRESENTATION_CONTEXT ( 'NONE', 'WORKASPACE' ) );
#1143 = CARTESIAN_POINT ( 'NONE',  ( -1.159456174572712106, 0.8911717830796268558, 14.89316725380149720 ) ) ;
#1144 = CARTESIAN_POINT ( 'NONE',  ( -1.449999999999999956, 0.000000000000000000, 22.10121933088197821 ) ) ;
#1145 = CARTESIAN_POINT ( 'NONE',  ( -1.060575238724906915E-16, 1.732050807568877193, 11.96250000081935916 ) ) ;
#1146 = CARTESIAN_POINT ( 'NONE',  ( 1.224305857043112677, 0.7824916195662054985, 5.622961358215993855 ) ) ;
#1147 = CARTESIAN_POINT ( 'NONE',  ( -1.060575238724906915E-16, 1.732050807568877193, 11.52500000000000213 ) ) ;
#1148 = VERTEX_POINT ( 'NONE', #2165 ) ;
#1149 = CARTESIAN_POINT ( 'NONE',  ( -1.474999432487869466, -0.0008729327513734931382, 8.651555004642229818 ) ) ;
#1150 = CARTESIAN_POINT ( 'NONE',  ( 0.000000000000000000, 0.000000000000000000, 22.10121933088197821 ) ) ;
#1151 = CARTESIAN_POINT ( 'NONE',  ( 0.000000000000000000, 0.000000000000000000, 22.10121933088197821 ) ) ;
#1152 = PRODUCT_DEFINITION_FORMATION_WITH_SPECIFIED_SOURCE ( 'ANY', '', #2453, .NOT_KNOWN. ) ;
#1153 = EDGE_CURVE ( 'NONE', #799, #1326, #2398, .T. ) ;
#1154 = CARTESIAN_POINT ( 'NONE',  ( 1.500000000000000000, -0.0004391231543648783865, 9.249970421748340499 ) ) ;
#1155 = CARTESIAN_POINT ( 'NONE',  ( 1.474998345270565281, -0.001415080955896812860, 8.527327675927862671 ) ) ;
#1156 = CARTESIAN_POINT ( 'NONE',  ( -0.1134156712458038729, -1.446449420613568737, 4.737701467532744459 ) ) ;
#1157 = FACE_OUTER_BOUND ( 'NONE', #1259, .T. ) ;
#1158 = CARTESIAN_POINT ( 'NONE',  ( 0.3796297606308727257, 1.412234758301623483, 11.96163572540116959 ) ) ;
#1159 = DIRECTION ( 'NONE',  ( 1.000000000000000000, -0.000000000000000000, -0.000000000000000000 ) ) ;
#1160 = CARTESIAN_POINT ( 'NONE',  ( -1.449999999999999956, 8.188672700861818020E-16, 2.839946296394551428 ) ) ;
#1161 = CARTESIAN_POINT ( 'NONE',  ( 1.500000000000000444, -0.8660254037844380415, 13.39166666666667105 ) ) ;
#1162 = VERTEX_POINT ( 'NONE', #107 ) ;
#1163 = CARTESIAN_POINT ( 'NONE',  ( 0.4708052560963533195, 1.374115709979504274, 3.734062265583889317 ) ) ;
#1164 = CARTESIAN_POINT ( 'NONE',  ( -1.474999304479352347, 0.0008061445147053004738, 15.88551515929826508 ) ) ;
#1165 = CARTESIAN_POINT ( 'NONE',  ( 3.181725716174720005E-16, -1.732050807568877193, 16.77500000000000213 ) ) ;
#1166 = CARTESIAN_POINT ( 'NONE',  ( -0.7500000000000002220, 1.299038105676658006, 9.483333333333334281 ) ) ;
#1167 = CARTESIAN_POINT ( 'NONE',  ( -1.500000000000000000, 0.001713942431528976814, 8.199884553068844895 ) ) ;
#1168 =( NAMED_UNIT ( * ) PLANE_ANGLE_UNIT ( ) SI_UNIT ( $, .RADIAN. ) );
#1169 = CARTESIAN_POINT ( 'NONE',  ( -5.540530162620800780, -1.500041839076575068, 4.242268974403208048 ) ) ;
#1170 = EDGE_CURVE ( 'NONE', #2239, #1726, #900, .T. ) ;
#1171 = CYLINDRICAL_SURFACE ( 'NONE', #2198, 1.500000000000000444 ) ;
#1172 = CARTESIAN_POINT ( 'NONE',  ( -1.474999427015275755, -0.0008771336330644144679, 10.05162253402131078 ) ) ;
#1173 = DIRECTION ( 'NONE',  ( 0.4999999999999996114, 0.8660254037844388186, 0.000000000000000000 ) ) ;
#1174 = AXIS2_PLACEMENT_3D ( 'NONE', #1879, #1460, #2492 ) ;
#1175 = ORIENTED_EDGE ( 'NONE', *, *, #248, .T. ) ;
#1176 = CARTESIAN_POINT ( 'NONE',  ( -0.1024478608677585612, -1.447263293564522435, 3.945225596879042840 ) ) ;
#1177 = CARTESIAN_POINT ( 'NONE',  ( 3.181725716174720005E-16, -1.732050807568877193, 9.775000000000002132 ) ) ;
#1178 = ORIENTED_EDGE ( 'NONE', *, *, #2546, .F. ) ;
#1179 = CARTESIAN_POINT ( 'NONE',  ( -1.159577408054811798, -0.8910140304399786215, 13.63888013219598783 ) ) ;
#1180 = CARTESIAN_POINT ( 'NONE',  ( 1.500000000000000000, -0.001562838165681500191, 15.54989473107917419 ) ) ;
#1181 = CARTESIAN_POINT ( 'NONE',  ( 3.181725716174720005E-16, -1.732050807568877193, 15.37500000000000178 ) ) ;
#1182 = VECTOR ( 'NONE', #1332, 1000.000000000000000 ) ;
#1183 = CARTESIAN_POINT ( 'NONE',  ( -1.474999330900318206, 0.001001814967775740148, 16.58549874092828702 ) ) ;
#1184 = CARTESIAN_POINT ( 'NONE',  ( -1.471578160983296080, 0.000000000000000000, 17.87235525557022342 ) ) ;
#1185 = CARTESIAN_POINT ( 'NONE',  ( -5.739999999999999325, -1.339372207210974288E-17, 5.839946296394552760 ) ) ;
#1186 = CARTESIAN_POINT ( 'NONE',  ( -1.412234743196823405, 0.3796298168212062230, 12.13665253306665903 ) ) ;
#1187 = STYLED_ITEM ( 'NONE', ( #548 ), #2502 ) ;
#1188 = EDGE_CURVE ( 'NONE', #911, #426, #2493, .T. ) ;
#1189 = CARTESIAN_POINT ( 'NONE',  ( 0.2611253961359891740, 1.427029378302605789, 4.803043724726780539 ) ) ;
#1190 = CARTESIAN_POINT ( 'NONE',  ( -1.474999301707385024, 0.0008115784871408253734, 11.68551473844282462 ) ) ;
#1191 = VERTEX_POINT ( 'NONE', #335 ) ;
#1192 = CARTESIAN_POINT ( 'NONE',  ( -1.449999999999999956, 0.000000000000000000, 22.10121933088197821 ) ) ;
#1193 = CARTESIAN_POINT ( 'NONE',  ( 0.7499999999999996669, 1.299038105676658228, 12.16666666666666963 ) ) ;
#1194 = ADVANCED_FACE ( 'NONE', ( #2048 ), #2438, .F. ) ;
#1195 = ORIENTED_EDGE ( 'NONE', *, *, #2080, .F. ) ;
#1196 = CARTESIAN_POINT ( 'NONE',  ( 0.1897060874844102296, -1.450012885488735304, 13.75555800397317086 ) ) ;
#1197 = CARTESIAN_POINT ( 'NONE',  ( -1.437815128856893665, 0.2153603214388772058, 5.828158396640612082 ) ) ;
#1198 = DIRECTION ( 'NONE',  ( 0.000000000000000000, 0.000000000000000000, 1.000000000000000000 ) ) ;
#1199 = CARTESIAN_POINT ( 'NONE',  ( 1.474998358833319756, -0.001409261047137119489, 11.32742068452985151 ) ) ;
#1200 = VECTOR ( 'NONE', #2325, 1000.000000000000000 ) ;
#1201 = DIRECTION ( 'NONE',  ( -1.000000000000000000, 0.000000000000000000, 0.000000000000000000 ) ) ;
#1202 = CARTESIAN_POINT ( 'NONE',  ( 1.474999397852348570, 0.0008991893200140237434, 17.40197706335203520 ) ) ;
#1203 = ORIENTED_EDGE ( 'NONE', *, *, #1153, .F. ) ;
#1204 = CARTESIAN_POINT ( 'NONE',  ( -3.464101615137755719, 6.000000000000003553, 18.00000000000000355 ) ) ;
#1205 = CARTESIAN_POINT ( 'NONE',  ( 3.181725716174720005E-16, -1.732050807568877193, 8.375000000000003553 ) ) ;
#1206 = VERTEX_POINT ( 'NONE', #1018 ) ;
#1207 = EDGE_CURVE ( 'NONE', #71, #2113, #1420, .T. ) ;
#1208 = CARTESIAN_POINT ( 'NONE',  ( 0.000000000000000000, 0.000000000000000000, 22.10121933088197821 ) ) ;
#1209 =( BOUNDED_SURFACE ( )  B_SPLINE_SURFACE ( 1, 2, ( 
 ( #851, #230, #33, #1687, #262, #1475, #2316, #1919, #1732, #1093, #45, #486, #864, #242, #691, #1939, #1699, #875, #1525, #1711, #1953, #2130, #2305, #1108, #1294, #52, #2143, #1928, #2507, #2517, #668, #656, #438, #1270, #64, #898, #1499, #1489, #886, #2555, #2328, #2542, #679, #2109, #1349, #291, #501, #518, #1553, #96, #704, #735, #1540, #2570, #1985, #2367, #2381, #2187, #2169, #1333, #717, #1570, #2399, #113, #310, #1779, #1141, #1124, #534, #925, #1763, #943, #2588, #2603, #1967, #81, #915, #1746, #1561, #1161, #146, #1821, #133, #1609, #510, #2209, #2194, #1991, #1805, #1973, #2020, #2435, #1342, #977, #2034, #1134, #1595, #2596, #105, #933, #1193, #1771, #2005, #159, #2642, #2612, #2421, #2375, #963, #2390, #2224, #1147, #554, #2627, #526, #541, #1546, #757, #317, #772, #570, #2179, #2580, #1752, #725, #120, #363, #948, #1403, #348, #1579, #711, #742, #2406, #2238, #1787, #1357, #300, #1374, #333, #1387, #1177, #829, #1454, #787, #1003, #2669, #2287, #1834, #414, #1029, #1662, #1885, #989, #377, #170, #2657, #1246, #1625, #2462, #2059, #12, #2088, #182, #2498, #1205, #388, #841, #210, #1847, #1218, #1676, #1431, #2100, #2273 ),
 ( #2450, #1859, #1042, #403, #635, #1872, #2486, #2261, #626, #1465, #1418, #2298, #2248, #1015, #801, #2695, #600, #1638, #586, #428, #2684, #2046, #1650, #818, #2474, #614, #1261, #1443, #1233, #2073, #198, #1310, #646, #670, #1085, #888, #2520, #1491, #902, #2509, #1478, #2309, #2112, #2146, #1528, #1691, #25, #35, #1931, #659, #232, #254, #1502, #2123, #440, #1735, #1272, #1065, #2339, #1909, #2330, #463, #1702, #866, #2535, #695, #2558, #1512, #1296, #1096, #2544, #2319, #2355, #1922, #244, #266, #1714, #47, #453, #492, #1284, #2133, #1323, #1942, #1075, #56, #854, #1722, #878, #681, #474, #67, #222, #1053, #1899, #281, #1768, #507, #2192, #1145, #1956, #2159, #1112, #1338, #297, #86, #1971, #919, #118, #723, #1751, #1558, #2386, #2575, #931, #1130, #710, #1545, #2373, #947, #315, #2174, #101, #523, #1989, #1785, #2593, #1354, #2607, #51, #1552, #290, #2541, #1524, #2554, #1140, #309, #44, #95, #703, #517, #690, #914, #485, #1123, #2168, #63, #1938, #2380, #1293, #1348, #874, #1966, #1745, #1107, #897, #2327, #924, #885, #1710, #1731, #1762, #2154, #2587, #80, #2569, #1306, #1539, #716, #460, #2186, #2129, #1092, #1719, #2366 ) ),
 .UNSPECIFIED., .F., .F., .F. ) 
 B_SPLINE_SURFACE_WITH_KNOTS ( ( 2, 2 ),
 ( 3, 2, 2, 2, 2, 2, 2, 2, 2, 2, 2, 2, 2, 2, 2, 2, 2, 2, 2, 2, 2, 2, 2, 2, 2, 2, 2, 2, 2, 2, 2, 2, 2, 2, 2, 2, 2, 2, 2, 2, 2, 2, 2, 2, 2, 2, 2, 2, 2, 2, 2, 2, 2, 2, 2, 2, 2, 2, 2, 2, 2, 2, 2, 2, 2, 2, 2, 2, 2, 2, 2, 2, 2, 2, 2, 2, 2, 2, 2, 2, 2, 2, 2, 2, 2, 2, 2, 3 ),
 ( 0.000000000000000000, 1.000000000000000000 ),
 ( 0.000000000000000000, 0.01111111111111111154, 0.02222222222222222307, 0.03333333333333333287, 0.04444444444444444614, 0.05555555555555555247, 0.06666666666666666574, 0.07777777777777777901, 0.08888888888888889228, 0.1000000000000000056, 0.1111111111111111049, 0.1222222222222222182, 0.1333333333333333315, 0.1444444444444444309, 0.1555555555555555580, 0.1666666666666666574, 0.1777777777777777846, 0.1888888888888888840, 0.2000000000000000111, 0.2111111111111111105, 0.2222222222222222099, 0.2333333333333333370, 0.2444444444444444364, 0.2555555555555555358, 0.2666666666666666630, 0.2777777777777777901, 0.2888888888888888618, 0.2999999999999999889, 0.3111111111111111160, 0.3222222222222222432, 0.3333333333333333148, 0.3444444444444444420, 0.3555555555555555691, 0.3666666666666666408, 0.3777777777777777679, 0.3888888888888888951, 0.4000000000000000222, 0.4111111111111110938, 0.4222222222222222210, 0.4333333333333333481, 0.4444444444444444198, 0.4555555555555555469, 0.4666666666666666741, 0.4777777777777778012, 0.4888888888888888729, 0.5000000000000000000, 0.5111111111111110716, 0.5222222222222222543, 0.5333333333333333259, 0.5444444444444443976, 0.5555555555555555802, 0.5666666666666666519, 0.5777777777777777235, 0.5888888888888889062, 0.5999999999999999778, 0.6111111111111111605, 0.6222222222222222321, 0.6333333333333333037, 0.6444444444444444864, 0.6555555555555555580, 0.6666666666666666297, 0.6777777777777778123, 0.6888888888888888840, 0.6999999999999999556, 0.7111111111111111382, 0.7222222222222222099, 0.7333333333333332815, 0.7444444444444444642, 0.7555555555555555358, 0.7666666666666667185, 0.7777777777777777901, 0.7888888888888888618, 0.8000000000000000444, 0.8111111111111111160, 0.8222222222222221877, 0.8333333333333333703, 0.8444444444444444420, 0.8555555555555555136, 0.8666666666666666963, 0.8777777777777777679, 0.8888888888888888395, 0.9000000000000000222, 0.9111111111111110938, 0.9222222222222222765, 0.9333333333333333481, 0.9444444444444444198, 0.9523356104347937556, 0.9618589665391417132 ),
 .UNSPECIFIED. ) 
 GEOMETRIC_REPRESENTATION_ITEM ( )  RATIONAL_B_SPLINE_SURFACE ( (
 ( 1.000000000000000000, 0.8660254037844387076, 1.000000000000000000, 0.8660254037844387076, 1.000000000000000000, 0.8660254037844387076, 1.000000000000000000, 0.8660254037844387076, 1.000000000000000000, 0.8660254037844387076, 1.000000000000000000, 0.8660254037844387076, 1.000000000000000000, 0.8660254037844387076, 1.000000000000000000, 0.8660254037844387076, 1.000000000000000000, 0.8660254037844387076, 1.000000000000000000, 0.8660254037844387076, 1.000000000000000000, 0.8660254037844387076, 1.000000000000000000, 0.8660254037844387076, 1.000000000000000000, 0.8660254037844387076, 1.000000000000000000, 0.8660254037844387076, 1.000000000000000000, 0.8660254037844387076, 1.000000000000000000, 0.8660254037844387076, 1.000000000000000000, 0.8660254037844387076, 1.000000000000000000, 0.8660254037844387076, 1.000000000000000000, 0.8660254037844387076, 1.000000000000000000, 0.8660254037844387076, 1.000000000000000000, 0.8660254037844387076, 1.000000000000000000, 0.8660254037844387076, 1.000000000000000000, 0.8660254037844387076, 1.000000000000000000, 0.8660254037844387076, 1.000000000000000000, 0.8660254037844387076, 1.000000000000000000, 0.8660254037844387076, 1.000000000000000000, 0.8660254037844387076, 1.000000000000000000, 0.8660254037844387076, 1.000000000000000000, 0.8660254037844387076, 1.000000000000000000, 0.8660254037844387076, 1.000000000000000000, 0.8660254037844387076, 1.000000000000000000, 0.8660254037844387076, 1.000000000000000000, 0.8660254037844387076, 1.000000000000000000, 0.8660254037844387076, 1.000000000000000000, 0.8660254037844387076, 1.000000000000000000, 0.8660254037844387076, 1.000000000000000000, 0.8660254037844387076, 1.000000000000000000, 0.8660254037844387076, 1.000000000000000000, 0.8660254037844387076, 1.000000000000000000, 0.8660254037844387076, 1.000000000000000000, 0.8660254037844387076, 1.000000000000000000, 0.8660254037844387076, 1.000000000000000000, 0.8660254037844387076, 1.000000000000000000, 0.8660254037844387076, 1.000000000000000000, 0.8660254037844387076, 1.000000000000000000, 0.8660254037844387076, 1.000000000000000000, 0.8660254037844387076, 1.000000000000000000, 0.8660254037844387076, 1.000000000000000000, 0.8660254037844387076, 1.000000000000000000, 0.8660254037844387076, 1.000000000000000000, 0.8660254037844387076, 1.000000000000000000, 0.8660254037844387076, 1.000000000000000000, 0.8660254037844387076, 1.000000000000000000, 0.8660254037844387076, 1.000000000000000000, 0.8660254037844387076, 1.000000000000000000, 0.8660254037844387076, 1.000000000000000000, 0.8660254037844387076, 1.000000000000000000, 0.8660254037844387076, 1.000000000000000000, 0.8660254037844387076, 1.000000000000000000, 0.8660254037844387076, 1.000000000000000000, 0.8660254037844387076, 1.000000000000000000, 0.8660254037844387076, 1.000000000000000000, 0.8660254037844387076, 1.000000000000000000, 0.8660254037844387076, 1.000000000000000000, 0.8660254037844387076, 1.000000000000000000, 0.8660254037844387076, 1.000000000000000000, 0.8660254037844387076, 1.000000000000000000, 0.8660254037844387076, 1.000000000000000000, 0.8660254037844387076, 1.000000000000000000, 0.8660254037844387076, 1.000000000000000000, 0.8660254037844387076, 1.000000000000000000, 0.8660254037844387076, 1.000000000000000000, 0.8660254037844387076, 1.000000000000000000, 0.8660254037844387076, 1.000000000000000000, 0.8660254037844387076, 1.000000000000000000, 0.8660254037844387076, 1.000000000000000000, 0.8660254037844387076, 1.000000000000000000, 0.8660254037844387076, 1.000000000000000000, 0.8660254037844387076, 1.000000000000000000, 0.8660254037844387076, 1.000000000000000000, 0.8660254037844387076, 1.000000000000000000, 0.8660254037844387076, 1.000000000000000000, 0.8660254037844387076, 1.000000000000000000, 0.8660254037844387076, 1.000000000000000000, 0.8660254037844387076, 1.000000000000000000, 0.9048505800495686424, 0.9448523361077123539, 0.9448523361077123539, 0.9448523361077123539),
 ( 1.000000000000000000, 0.8660254037844387076, 1.000000000000000000, 0.8660254037844387076, 1.000000000000000000, 0.8660254037844387076, 1.000000000000000000, 0.8660254037844387076, 1.000000000000000000, 0.8660254037844387076, 1.000000000000000000, 0.8660254037844387076, 1.000000000000000000, 0.8660254037844387076, 1.000000000000000000, 0.8660254037844387076, 1.000000000000000000, 0.8660254037844387076, 1.000000000000000000, 0.8660254037844387076, 1.000000000000000000, 0.8660254037844387076, 1.000000000000000000, 0.8660254037844387076, 1.000000000000000000, 0.8660254037844387076, 1.000000000000000000, 0.8660254037844387076, 1.000000000000000000, 0.8660254037844387076, 1.000000000000000000, 0.8660254037844387076, 1.000000000000000000, 0.8660254037844387076, 1.000000000000000000, 0.8660254037844387076, 1.000000000000000000, 0.8660254037844387076, 1.000000000000000000, 0.8660254037844387076, 1.000000000000000000, 0.8660254037844387076, 1.000000000000000000, 0.8660254037844387076, 1.000000000000000000, 0.8660254037844387076, 1.000000000000000000, 0.8660254037844387076, 1.000000000000000000, 0.8660254037844387076, 1.000000000000000000, 0.8660254037844387076, 1.000000000000000000, 0.8660254037844387076, 1.000000000000000000, 0.8660254037844387076, 1.000000000000000000, 0.8660254037844387076, 1.000000000000000000, 0.8660254037844387076, 1.000000000000000000, 0.8660254037844387076, 1.000000000000000000, 0.8660254037844387076, 1.000000000000000000, 0.8660254037844387076, 1.000000000000000000, 0.8660254037844387076, 1.000000000000000000, 0.8660254037844387076, 1.000000000000000000, 0.8660254037844387076, 1.000000000000000000, 0.8660254037844387076, 1.000000000000000000, 0.8660254037844387076, 1.000000000000000000, 0.8660254037844387076, 1.000000000000000000, 0.8660254037844387076, 1.000000000000000000, 0.8660254037844387076, 1.000000000000000000, 0.8660254037844387076, 1.000000000000000000, 0.8660254037844387076, 1.000000000000000000, 0.8660254037844387076, 1.000000000000000000, 0.8660254037844387076, 1.000000000000000000, 0.8660254037844387076, 1.000000000000000000, 0.8660254037844387076, 1.000000000000000000, 0.8660254037844387076, 1.000000000000000000, 0.8660254037844387076, 1.000000000000000000, 0.8660254037844387076, 1.000000000000000000, 0.8660254037844387076, 1.000000000000000000, 0.8660254037844387076, 1.000000000000000000, 0.8660254037844387076, 1.000000000000000000, 0.8660254037844387076, 1.000000000000000000, 0.8660254037844387076, 1.000000000000000000, 0.8660254037844387076, 1.000000000000000000, 0.8660254037844387076, 1.000000000000000000, 0.8660254037844387076, 1.000000000000000000, 0.8660254037844387076, 1.000000000000000000, 0.8660254037844387076, 1.000000000000000000, 0.8660254037844387076, 1.000000000000000000, 0.8660254037844387076, 1.000000000000000000, 0.8660254037844387076, 1.000000000000000000, 0.8660254037844387076, 1.000000000000000000, 0.8660254037844387076, 1.000000000000000000, 0.8660254037844387076, 1.000000000000000000, 0.8660254037844387076, 1.000000000000000000, 0.8660254037844387076, 1.000000000000000000, 0.8660254037844387076, 1.000000000000000000, 0.8660254037844387076, 1.000000000000000000, 0.8660254037844387076, 1.000000000000000000, 0.8660254037844387076, 1.000000000000000000, 0.8660254037844387076, 1.000000000000000000, 0.8660254037844387076, 1.000000000000000000, 0.8660254037844387076, 1.000000000000000000, 0.8660254037844387076, 1.000000000000000000, 0.8660254037844387076, 1.000000000000000000, 0.8660254037844387076, 1.000000000000000000, 0.8660254037844387076, 1.000000000000000000, 0.8660254037844387076, 1.000000000000000000, 0.8660254037844387076, 1.000000000000000000, 0.8660254037844387076, 1.000000000000000000, 0.8660254037844387076, 1.000000000000000000, 0.8660254037844387076, 1.000000000000000000, 0.8660254037844387076, 1.000000000000000000, 0.9048505800495686424, 0.9448523361077123539, 0.9448523361077123539, 0.9448523361077123539) ) ) 
 REPRESENTATION_ITEM ( '' )  SURFACE ( )  );
#1210 = CARTESIAN_POINT ( 'NONE',  ( 1.266941117131799688, -0.7303327826629886221, 11.05738221913079578 ) ) ;
#1211 = CARTESIAN_POINT ( 'NONE',  ( -0.8910131539606408468, 1.159578081537286254, 16.96419947785321014 ) ) ;
#1212 = CARTESIAN_POINT ( 'NONE',  ( -1.060575238724906915E-16, 1.732050807568877193, 11.52500000000000213 ) ) ;
#1213 = CARTESIAN_POINT ( 'NONE',  ( 1.500000000000000000, 1.836970198721029934E-16, 17.65000000000000213 ) ) ;
#1214 = DIRECTION ( 'NONE',  ( -1.000000000000000000, 0.000000000000000000, 0.000000000000000000 ) ) ;
#1215 = CARTESIAN_POINT ( 'NONE',  ( 1.267040234971555712, 0.7301608115171996927, 16.07453070554806018 ) ) ;
#1216 = ORIENTED_EDGE ( 'NONE', *, *, #922, .F. ) ;
#1217 = CARTESIAN_POINT ( 'NONE',  ( -0.4710346117400220911, -1.374037052920985991, 3.733882833176871863 ) ) ;
#1218 = CARTESIAN_POINT ( 'NONE',  ( -0.7500000000000002220, 1.299038105676658006, 8.083333333333333925 ) ) ;
#1219 = EDGE_LOOP ( 'NONE', ( #2391, #1016, #1216, #1289 ) ) ;
#1220 = CARTESIAN_POINT ( 'NONE',  ( -1.412286137344492154, -0.3794385773436664278, 13.59512593027954708 ) ) ;
#1221 = ADVANCED_FACE ( 'NONE', ( #2629 ), #2408, .T. ) ;
#1222 = DIRECTION ( 'NONE',  ( -0.000000000000000000, -0.000000000000000000, -1.000000000000000000 ) ) ;
#1223 = CARTESIAN_POINT ( 'NONE',  ( -3.464101615137756607, -6.000000000000002665, 12.00000000000000000 ) ) ;
#1224 = CARTESIAN_POINT ( 'NONE',  ( 0.7499999999999996669, 1.299038105676658228, 13.56666666666666821 ) ) ;
#1225 = CARTESIAN_POINT ( 'NONE',  ( 0.000000000000000000, 0.000000000000000000, 22.10121933088197821 ) ) ;
#1226 = UNCERTAINTY_MEASURE_WITH_UNIT (LENGTH_MEASURE( 1.000000000000000082E-05 ), #227, 'distance_accuracy_value', 'NONE');
#1227 = CARTESIAN_POINT ( 'NONE',  ( -1.500000000000000000, 0.000000000000000000, 15.20000000000000107 ) ) ;
#1228 = CARTESIAN_POINT ( 'NONE',  ( -0.7303341436556033406, -1.266940332582020545, 15.78283602610431124 ) ) ;
#1229 = CARTESIAN_POINT ( 'NONE',  ( 0.7499999999999996669, 1.299038105676658228, 14.96666666666667034 ) ) ;
#1230 = PRODUCT_DEFINITION_SHAPE ( 'NONE', 'NONE',  #792 ) ;
#1231 = ORIENTED_EDGE ( 'NONE', *, *, #1472, .F. ) ;
#1232 = CARTESIAN_POINT ( 'NONE',  ( -0.8910138920371291071, 1.159577514402936105, 14.16393055519340294 ) ) ;
#1233 = CARTESIAN_POINT ( 'NONE',  ( 0.7499999999999996669, 1.299038105676658228, 16.10416666748602310 ) ) ;
#1234 = EDGE_LOOP ( 'NONE', ( #2297, #285 ) ) ;
#1235 = VECTOR ( 'NONE', #1510, 1000.000000000000000 ) ;
#1236 = CARTESIAN_POINT ( 'NONE',  ( -1.450012787363912814, -0.1897068374965123760, 11.48033950432155770 ) ) ;
#1237 = CARTESIAN_POINT ( 'NONE',  ( 1.450013013787959881, 0.1897051068320001199, 16.73084373429701088 ) ) ;
#1238 = FACE_OUTER_BOUND ( 'NONE', #2017, .T. ) ;
#1239 = DIRECTION ( 'NONE',  ( -0.000000000000000000, -0.000000000000000000, -1.000000000000000000 ) ) ;
#1240 = DIRECTION ( 'NONE',  ( -0.000000000000000000, -0.000000000000000000, -1.000000000000000000 ) ) ;
#1241 = ADVANCED_FACE ( 'NONE', ( #135 ), #2464, .F. ) ;
#1242 = CARTESIAN_POINT ( 'NONE',  ( 1.474999869102765260, -0.0003975487935296195189, 16.24361846037930235 ) ) ;
#1243 = CARTESIAN_POINT ( 'NONE',  ( -1.450013028878359034, -0.1897049914869760878, 17.08087734963120496 ) ) ;
#1244 = ORIENTED_EDGE ( 'NONE', *, *, #796, .F. ) ;
#1245 = CYLINDRICAL_SURFACE ( 'NONE', #289, 1.449999999999999956 ) ;
#1246 = CARTESIAN_POINT ( 'NONE',  ( -1.500000000000000222, 0.8660254037844384856, 8.841666666666668561 ) ) ;
#1247 = ORIENTED_EDGE ( 'NONE', *, *, #264, .F. ) ;
#1248 = CARTESIAN_POINT ( 'NONE',  ( 1.449987100269587881, -0.1899030720230835412, 13.90140534369464476 ) ) ;
#1249 = B_SPLINE_CURVE_WITH_KNOTS ( 'NONE', 3,
 ( #1696, #1072, #499, #2314, #2140, #1937, #1331, #260, #62, #2515, #2585, #1551, #2379, #2184, #2228, #1613, #1760, #93 ),
 .UNSPECIFIED., .F., .F.,
 ( 4, 2, 2, 2, 2, 2, 2, 2, 4 ),
 ( 0.2299989415494511358, 0.2343739432069783801, 0.2387489448645056245, 0.2431239465220328688, 0.2474989481795601132, 0.2518739498370873298, 0.2562489514946145741, 0.2606239531521418185, 0.2649989548096690628 ),
 .UNSPECIFIED. ) ;
#1250 = CARTESIAN_POINT ( 'NONE',  ( -1.412286197728874093, -0.3794383525905056787, 14.29519316094280157 ) ) ;
#1251 = EDGE_LOOP ( 'NONE', ( #1297, #802, #697, #245 ) ) ;
#1252 = DIRECTION ( 'NONE',  ( 1.000000000000000000, -0.000000000000000000, -0.000000000000000000 ) ) ;
#1253 = CARTESIAN_POINT ( 'NONE',  ( 1.474998351720477885, -0.001412316107138515122, 14.12737185948798668 ) ) ;
#1254 = CARTESIAN_POINT ( 'NONE',  ( -1.159456458213706354, 0.8911714140492321690, 13.49303279247454412 ) ) ;
#1255 = CARTESIAN_POINT ( 'NONE',  ( 1.499493029944599654, -0.8663181030823947637, 9.191627235662359396 ) ) ;
#1256 = CARTESIAN_POINT ( 'NONE',  ( 1.449986949175214201, -0.1899042256865840772, 17.40174149701869766 ) ) ;
#1257 = EDGE_CURVE ( 'NONE', #1388, #1925, #1389, .T. ) ;
#1258 = VECTOR ( 'NONE', #1649, 1000.000000000000000 ) ;
#1259 = EDGE_LOOP ( 'NONE', ( #134, #1030, #2559, #2547 ) ) ;
#1260 = DIRECTION ( 'NONE',  ( -1.000000000000000000, 0.000000000000000000, 0.000000000000000000 ) ) ;
#1261 = CARTESIAN_POINT ( 'NONE',  ( -0.7500000000000002220, 1.299038105676658006, 16.22083333415269379 ) ) ;
#1262 = ORIENTED_EDGE ( 'NONE', *, *, #264, .T. ) ;
#1263 = CARTESIAN_POINT ( 'NONE',  ( 1.412235015108840974, -0.3796288052981375283, 8.986349995095462617 ) ) ;
#1264 = CIRCLE ( 'NONE', #1174, 1.449999999999999956 ) ;
#1265 = CARTESIAN_POINT ( 'NONE',  ( -6.928203230275513214, -2.596808198865154183E-15, 18.00000000000000355 ) ) ;
#1266 = ORIENTED_EDGE ( 'NONE', *, *, #248, .F. ) ;
#1267 = CARTESIAN_POINT ( 'NONE',  ( 1.498194289096387743, -0.8670679314607173671, 14.09152622248527464 ) ) ;
#1268 = FACE_OUTER_BOUND ( 'NONE', #881, .T. ) ;
#1269 = CARTESIAN_POINT ( 'NONE',  ( -1.450012968508193945, -0.1897054529270612022, 15.68074288829900809 ) ) ;
#1270 = CARTESIAN_POINT ( 'NONE',  ( 3.181725716174720005E-16, -1.732050807568877193, 16.07500000000000284 ) ) ;
#1271 = CARTESIAN_POINT ( 'NONE',  ( -1.500000000000000000, 0.000000000000000000, 17.30000000000000426 ) ) ;
#1272 = CARTESIAN_POINT ( 'NONE',  ( 0.7500000000000006661, -1.299038105676657562, 14.47083333415269024 ) ) ;
#1273 = VERTEX_POINT ( 'NONE', #2264 ) ;
#1274 = CARTESIAN_POINT ( 'NONE',  ( -0.7301617692887425459, 1.267039683033390096, 12.74921135989661636 ) ) ;
#1275 = EDGE_CURVE ( 'NONE', #2537, #696, #1291, .T. ) ;
#1276 = VECTOR ( 'NONE', #383, 1000.000000000000000 ) ;
#1277 = DIRECTION ( 'NONE',  ( 0.8660254037844387076, -0.4999999999999999445, 0.000000000000000000 ) ) ;
#1278 = ORIENTED_EDGE ( 'NONE', *, *, #2322, .F. ) ;
#1279 = DIRECTION ( 'NONE',  ( -1.000000000000000000, 0.000000000000000000, 0.000000000000000000 ) ) ;
#1280 = CARTESIAN_POINT ( 'NONE',  ( -1.449987236279394187, 0.1899020335301342677, 10.75110280571802690 ) ) ;
#1281 = CARTESIAN_POINT ( 'NONE',  ( 1.474999420137524941, 0.0008823848237827780494, 11.80170694575277857 ) ) ;
#1282 = CARTESIAN_POINT ( 'NONE',  ( -0.3794377345602584217, 1.412286363774716724, 16.22037804526998528 ) ) ;
#1283 = DIRECTION ( 'NONE',  ( -0.000000000000000000, -0.000000000000000000, -1.000000000000000000 ) ) ;
#1284 = CARTESIAN_POINT ( 'NONE',  ( 0.7500000000000006661, -1.299038105676657562, 13.07083333415269166 ) ) ;
#1285 = ORIENTED_EDGE ( 'NONE', *, *, #225, .T. ) ;
#1286 = AXIS2_PLACEMENT_3D ( 'NONE', #1521, #882, #2364 ) ;
#1287 = EDGE_CURVE ( 'NONE', #2259, #1530, #2139, .T. ) ;
#1288 = CARTESIAN_POINT ( 'NONE',  ( 0.000000000000000000, 0.000000000000000000, 18.00000000000000355 ) ) ;
#1289 = ORIENTED_EDGE ( 'NONE', *, *, #2196, .F. ) ;
#1290 = CARTESIAN_POINT ( 'NONE',  ( -1.499999999999999778, -0.8660254037844394848, 13.85833333333333606 ) ) ;
#1291 = B_SPLINE_CURVE_WITH_KNOTS ( 'NONE', 3,
 ( #173, #2452, #1220, #350, #1179, #2022, #149, #2240, #365, #1196, #2036, #2660, #789, #590, #2251, #2076, #1248, #1704 ),
 .UNSPECIFIED., .F., .F.,
 ( 4, 2, 2, 2, 2, 2, 2, 2, 4 ),
 ( 0.5799990741523335380, 0.5843740758098803223, 0.5887490774674272176, 0.5931240791249740019, 0.5974990807825208972, 0.6018740824400676814, 0.6062490840976145767, 0.6106240857551614720, 0.6149990874127082563 ),
 .UNSPECIFIED. ) ;
#1292 = CARTESIAN_POINT ( 'NONE',  ( 0.7301630801575347274, -1.267038927612865074, 8.198774360604740963 ) ) ;
#1293 = CARTESIAN_POINT ( 'NONE',  ( 1.499999999999999778, 0.8660254037844391517, 9.045833334152689531 ) ) ;
#1294 = CARTESIAN_POINT ( 'NONE',  ( -1.500000000000000000, 0.000000000000000000, 16.60000000000000497 ) ) ;
#1295 = DIRECTION ( 'NONE',  ( -1.000000000000000000, 0.000000000000000000, 0.000000000000000000 ) ) ;
#1296 = CARTESIAN_POINT ( 'NONE',  ( 0.7500000000000006661, -1.299038105676657562, 13.77083333415269095 ) ) ;
#1297 = ORIENTED_EDGE ( 'NONE', *, *, #2277, .T. ) ;
#1298 = CARTESIAN_POINT ( 'NONE',  ( 1.221524443351429845, 0.7868449093688636431, 3.059587226156746720 ) ) ;
#1299 = DIRECTION ( 'NONE',  ( -0.000000000000000000, -0.000000000000000000, -1.000000000000000000 ) ) ;
#1300 = ORIENTED_EDGE ( 'NONE', *, *, #2080, .T. ) ;
#1301 = EDGE_CURVE ( 'NONE', #1593, #148, #843, .T. ) ;
#1302 =( NAMED_UNIT ( * ) SI_UNIT ( $, .STERADIAN. ) SOLID_ANGLE_UNIT ( ) );
#1303 = CARTESIAN_POINT ( 'NONE',  ( -3.464101615137756607, -6.000000000000002665, 12.00000000000000000 ) ) ;
#1304 = AXIS2_PLACEMENT_3D ( 'NONE', #1893, #2107, #143 ) ;
#1305 = ADVANCED_FACE ( 'NONE', ( #224 ), #200, .F. ) ;
#1306 = CARTESIAN_POINT ( 'NONE',  ( -0.7499999999999988898, -1.299038105676658672, 8.054166667486024167 ) ) ;
#1307 = CARTESIAN_POINT ( 'NONE',  ( -1.449999999999999956, 0.000000000000000000, 22.10121933088197821 ) ) ;
#1308 = CARTESIAN_POINT ( 'NONE',  ( -1.474999323953743779, 0.001012661761706872693, 12.38549799063986256 ) ) ;
#1309 = DIRECTION ( 'NONE',  ( -1.000000000000000000, 0.000000000000000000, 0.000000000000000000 ) ) ;
#1310 = CARTESIAN_POINT ( 'NONE',  ( 1.500000000000000444, -0.8660254037844380415, 15.92916666748602417 ) ) ;
#1311 = VERTEX_POINT ( 'NONE', #637 ) ;
#1312 = ORIENTED_EDGE ( 'NONE', *, *, #2546, .T. ) ;
#1313 = CARTESIAN_POINT ( 'NONE',  ( -1.266941524006101050, 0.7303320768394446771, 8.607146911822043833 ) ) ;
#1314 = CARTESIAN_POINT ( 'NONE',  ( 1.474999409047581311, 0.0008907869414301579705, 14.60184200454126291 ) ) ;
#1315 = CARTESIAN_POINT ( 'NONE',  ( 5.720179743108773529, -0.4852430989934573557, 2.917203702387496378 ) ) ;
#1316 = CARTESIAN_POINT ( 'NONE',  ( -6.928203230275513214, -2.596808198865154183E-15, 18.00000000000000355 ) ) ;
#1317 = CARTESIAN_POINT ( 'NONE',  ( 1.474999406258644230, 0.0008928875113616014780, 15.30187576924184967 ) ) ;
#1318 = DIRECTION ( 'NONE',  ( -0.000000000000000000, -0.000000000000000000, -1.000000000000000000 ) ) ;
#1319 = DIRECTION ( 'NONE',  ( -1.000000000000000000, 0.000000000000000000, 0.000000000000000000 ) ) ;
#1320 = EDGE_CURVE ( 'NONE', #1726, #247, #2275, .T. ) ;
#1321 = CARTESIAN_POINT ( 'NONE',  ( 1.159457380184845565, -0.8911702145193434177, 8.942595793179295427 ) ) ;
#1322 = CARTESIAN_POINT ( 'NONE',  ( -1.499999999999999778, 0.001001814313742459923, 9.599932520260900048 ) ) ;
#1323 = CARTESIAN_POINT ( 'NONE',  ( -0.7499999999999988898, -1.299038105676658672, 12.95416666748602452 ) ) ;
#1324 = ORIENTED_EDGE ( 'NONE', *, *, #1081, .F. ) ;
#1325 = CARTESIAN_POINT ( 'NONE',  ( 0.7303328330783408484, 1.266941088069832189, 11.23239902679576296 ) ) ;
#1326 = VERTEX_POINT ( 'NONE', #1494 ) ;
#1327 = CARTESIAN_POINT ( 'NONE',  ( 0.3794378469251085129, -1.412286333585737408, 15.87034442993743433 ) ) ;
#1328 = CARTESIAN_POINT ( 'NONE',  ( 0.8911704452195606807, 1.159457202866425396, 9.817679831503255627 ) ) ;
#1329 = FILL_AREA_STYLE_COLOUR ( '', #2211 ) ;
#1330 = CARTESIAN_POINT ( 'NONE',  ( -1.474999429754862756, -0.0008750331835612062698, 9.351588769331039330 ) ) ;
#1331 = CARTESIAN_POINT ( 'NONE',  ( -0.7303325305948566992, -1.266941262437450533, 10.18229818080521731 ) ) ;
#1332 = DIRECTION ( 'NONE',  ( 1.000000000000000000, -0.000000000000000000, -0.000000000000000000 ) ) ;
#1333 = CARTESIAN_POINT ( 'NONE',  ( -1.499999999999999778, -0.8660254037844394848, 14.55833333333333535 ) ) ;
#1334 = CARTESIAN_POINT ( 'NONE',  ( -1.391715869503544090, -0.4204348630842543177, 5.783669407033196208 ) ) ;
#1335 = CARTESIAN_POINT ( 'NONE',  ( -5.615094056536895195, -1.199287202113594741, 3.417845276160671908 ) ) ;
#1336 = CARTESIAN_POINT ( 'NONE',  ( -5.739999999999999325, 0.000000000000000000, 12.00000000000000000 ) ) ;
#1337 = CARTESIAN_POINT ( 'NONE',  ( -1.474999304558166635, 0.0008061602697647514372, 10.28551515491067292 ) ) ;
#1338 = CARTESIAN_POINT ( 'NONE',  ( 1.500000000000000444, -0.8660254037844380415, 11.72916666748602310 ) ) ;
#1339 = EDGE_CURVE ( 'NONE', #2356, #1027, #2359, .T. ) ;
#1340 = CARTESIAN_POINT ( 'NONE',  ( 0.2143781465417858578, 1.434963362548880683, 4.777330911593518969 ) ) ;
#1341 = ORIENTED_EDGE ( 'NONE', *, *, #2293, .F. ) ;
#1342 = CARTESIAN_POINT ( 'NONE',  ( 0.7500000000000006661, -1.299038105676657562, 12.63333333333333641 ) ) ;
#1343 = ORIENTED_EDGE ( 'NONE', *, *, #1616, .F. ) ;
#1344 = CARTESIAN_POINT ( 'NONE',  ( 0.1897051645126282271, -1.450013006241501090, 16.55582692663052313 ) ) ;
#1345 = CARTESIAN_POINT ( 'NONE',  ( -0.8910149993629266074, 1.159576663538011809, 9.963527171224026091 ) ) ;
#1346 = CYLINDRICAL_SURFACE ( 'NONE', #1664, 1.449999999999999956 ) ;
#1347 = CARTESIAN_POINT ( 'NONE',  ( -1.450012938320280664, -0.1897056836679611447, 14.98067565763451015 ) ) ;
#1348 = CARTESIAN_POINT ( 'NONE',  ( 1.500000000000000000, 1.836970198721029934E-16, 8.987500000819359514 ) ) ;
#1349 = CARTESIAN_POINT ( 'NONE',  ( 0.7500000000000006661, -1.299038105676657562, 15.43333333333333535 ) ) ;
#1350 = CARTESIAN_POINT ( 'NONE',  ( -0.1897057413546744120, 1.450012930773095565, 14.80565884996850201 ) ) ;
#1351 = CARTESIAN_POINT ( 'NONE',  ( -5.551526111235867589, 1.460917846153519051, 3.946474605830390558 ) ) ;
#1352 = CARTESIAN_POINT ( 'NONE',  ( 1.474999420137524941, 0.0008823848237827780494, 11.80170694575277857 ) ) ;
#1353 = CARTESIAN_POINT ( 'NONE',  ( 1.499494295139264466, -0.8663173726219145498, 13.39162733406638850 ) ) ;
#1354 = CARTESIAN_POINT ( 'NONE',  ( 1.500000000000000444, -0.8660254037844380415, 10.32916666748602630 ) ) ;
#1355 = CARTESIAN_POINT ( 'NONE',  ( -1.449985552360508079, 0.2170036211479708099, 7.948751304404043871 ) ) ;
#1356 = ORIENTED_EDGE ( 'NONE', *, *, #1, .T. ) ;
#1357 = CARTESIAN_POINT ( 'NONE',  ( 0.7499999999999996669, 1.299038105676658228, 10.06666666666666821 ) ) ;
#1358 = ORIENTED_EDGE ( 'NONE', *, *, #2306, .F. ) ;
#1359 = EDGE_CURVE ( 'NONE', #2537, #1273, #737, .T. ) ;
#1360 = CARTESIAN_POINT ( 'NONE',  ( 1.474999433851904351, 0.0008718825423092257769, 8.301538122298412148 ) ) ;
#1361 = CARTESIAN_POINT ( 'NONE',  ( -0.3794397574286770269, 1.412285820290683613, 9.919772969307793176 ) ) ;
#1362 = APPLICATION_PROTOCOL_DEFINITION ( 'draft international standard', 'automotive_design', 1998, #2656 ) ;
#1363 = CARTESIAN_POINT ( 'NONE',  ( -1.412285895780218237, -0.3794394764540221510, 10.79485700763424205 ) ) ;
#1364 = CARTESIAN_POINT ( 'NONE',  ( 1.474998355710294584, -0.001410603278453800890, 15.52739923390258170 ) ) ;
#1365 = CARTESIAN_POINT ( 'NONE',  ( -5.720229982268338453, -0.4846083659178208047, 2.917005672674698680 ) ) ;
#1366 = CARTESIAN_POINT ( 'NONE',  ( 1.450000000000002176, 3.430113790043681739E-16, 2.839946296394549208 ) ) ;
#1367 = AXIS2_PLACEMENT_3D ( 'NONE', #1035, #2094, #1486 ) ;
#1368 = LINE ( 'NONE', #2619, #1235 ) ;
#1369 = AXIS2_PLACEMENT_3D ( 'NONE', #2543, #66, #1309 ) ;
#1370 = CARTESIAN_POINT ( 'NONE',  ( -1.474999323953743779, 0.001012661761706872693, 12.38549799063986256 ) ) ;
#1371 = CARTESIAN_POINT ( 'NONE',  ( -1.474999415991121943, -0.0008855356071508373216, 12.85175759279727892 ) ) ;
#1372 = ORIENTED_EDGE ( 'NONE', *, *, #192, .F. ) ;
#1373 = CARTESIAN_POINT ( 'NONE',  ( 1.449999999999999956, 1.775737858763661670E-16, 22.10121933088197821 ) ) ;
#1374 = CARTESIAN_POINT ( 'NONE',  ( 1.500000000000000000, 1.836970198721029934E-16, 9.950000000000002842 ) ) ;
#1375 = CARTESIAN_POINT ( 'NONE',  ( -1.052928618059340460, 1.000889982477910278, 3.219410825475919058 ) ) ;
#1376 = EDGE_CURVE ( 'NONE', #2499, #2341, #721, .T. ) ;
#1377 = CARTESIAN_POINT ( 'NONE',  ( 1.500000000000000000, 1.836970198721029934E-16, 15.55000000000000071 ) ) ;
#1378 = CARTESIAN_POINT ( 'NONE',  ( 1.474999417374909250, 0.0008844853288998662851, 12.50174071044782309 ) ) ;
#1379 = CARTESIAN_POINT ( 'NONE',  ( -5.739999999999999325, 2.399503458959718681E-21, 2.839946296394551428 ) ) ;
#1380 = CARTESIAN_POINT ( 'NONE',  ( -1.159456032759717647, 0.8911719675849723021, 15.59323448446591875 ) ) ;
#1381 = CARTESIAN_POINT ( 'NONE',  ( -5.615193211726629663, -1.198679282608797969, 5.262499601808745098 ) ) ;
#1382 = DIRECTION ( 'NONE',  ( 0.5000000000000003331, -0.8660254037844384856, 0.000000000000000000 ) ) ;
#1383 = CARTESIAN_POINT ( 'NONE',  ( -0.4710346117400227017, 1.374037052920985102, 4.946009759612236323 ) ) ;
#1384 = LINE ( 'NONE', #345, #2522 ) ;
#1385 = ORIENTED_EDGE ( 'NONE', *, *, #147, .T. ) ;
#1386 = CARTESIAN_POINT ( 'NONE',  ( 0.8911715524386789600, 1.159456351846019251, 14.01808321547186864 ) ) ;
#1387 = CARTESIAN_POINT ( 'NONE',  ( 0.7500000000000006661, -1.299038105676657562, 9.833333333333335702 ) ) ;
#1388 = VERTEX_POINT ( 'NONE', #1336 ) ;
#1389 = LINE ( 'NONE', #1809, #79 ) ;
#1390 = AXIS2_PLACEMENT_3D ( 'NONE', #1836, #603, #965 ) ;
#1391 = LINE ( 'NONE', #2439, #574 ) ;
#1392 = EDGE_CURVE ( 'NONE', #727, #1596, #2511, .T. ) ;
#1393 = CARTESIAN_POINT ( 'NONE',  ( 1.449987039828692259, -0.1899035335136457225, 15.30153980502232969 ) ) ;
#1394 = CARTESIAN_POINT ( 'NONE',  ( -1.060575238724906915E-16, 1.732050807568877193, 16.42500000000000071 ) ) ;
#1395 = DIRECTION ( 'NONE',  ( 0.5000000000000002220, -0.8660254037844384856, 0.000000000000000000 ) ) ;
#1396 = CARTESIAN_POINT ( 'NONE',  ( -5.702016682062571284, 0.6654706617616660269, 2.992089388335164024 ) ) ;
#1397 = CARTESIAN_POINT ( 'NONE',  ( -0.3794390830692548344, 1.412286001471183106, 12.01997466128966607 ) ) ;
#1398 = CARTESIAN_POINT ( 'NONE',  ( -1.212258706952352494, 0.8246074830267732247, 7.898749366460018351 ) ) ;
#1399 = CARTESIAN_POINT ( 'NONE',  ( 0.7303334379980879199, 1.266940739361503754, 13.33260071878099851 ) ) ;
#1400 = VECTOR ( 'NONE', #1981, 1000.000000000000227 ) ;
#1401 = ORIENTED_EDGE ( 'NONE', *, *, #617, .F. ) ;
#1402 = CYLINDRICAL_SURFACE ( 'NONE', #2093, 1.449999999999999956 ) ;
#1403 = CARTESIAN_POINT ( 'NONE',  ( 0.7500000000000006661, -1.299038105676657562, 10.53333333333333499 ) ) ;
#1404 = ORIENTED_EDGE ( 'NONE', *, *, #1578, .T. ) ;
#1405 = DIRECTION ( 'NONE',  ( -1.000000000000000000, 0.000000000000000000, 0.000000000000000000 ) ) ;
#1406 = DIRECTION ( 'NONE',  ( -0.000000000000000000, -0.000000000000000000, -1.000000000000000000 ) ) ;
#1407 = CARTESIAN_POINT ( 'NONE',  ( -1.267040060687420366, -0.7301611139504489145, 15.02442985955103083 ) ) ;
#1408 = VECTOR ( 'NONE', #623, 1000.000000000000000 ) ;
#1409 = CARTESIAN_POINT ( 'NONE',  ( -1.060575238724906915E-16, 1.732050807568877193, 8.725000000000001421 ) ) ;
#1410 = CARTESIAN_POINT ( 'NONE',  ( 1.499999999999999778, 0.8660254037844391517, 17.70833333333333570 ) ) ;
#1411 = FACE_OUTER_BOUND ( 'NONE', #1251, .T. ) ;
#1412 = VECTOR ( 'NONE', #1279, 1000.000000000000000 ) ;
#1413 = CARTESIAN_POINT ( 'NONE',  ( 5.740000000000000213, 0.09954729013770848012, 2.839946296394552760 ) ) ;
#1414 = EDGE_CURVE ( 'NONE', #247, #36, #1660, .T. ) ;
#1415 = CARTESIAN_POINT ( 'NONE',  ( -0.3794386335333503890, 1.412286122248010978, 13.42010912261384092 ) ) ;
#1416 = ORIENTED_EDGE ( 'NONE', *, *, #2443, .T. ) ;
#1417 = CARTESIAN_POINT ( 'NONE',  ( -1.049790354647192725, -1.004207129572002088, 3.222364033252915316 ) ) ;
#1418 = CARTESIAN_POINT ( 'NONE',  ( -0.7499999999999988898, -1.299038105676658672, 17.15416666748602381 ) ) ;
#1419 = ORIENTED_EDGE ( 'NONE', *, *, #701, .F. ) ;
#1420 = LINE ( 'NONE', #1597, #1877 ) ;
#1421 = CARTESIAN_POINT ( 'NONE',  ( 1.449999999999999956, 1.775737858763661670E-16, 22.10121933088197821 ) ) ;
#1422 = CARTESIAN_POINT ( 'NONE',  ( -1.060575238724906915E-16, 1.732050807568877193, 12.22500000000000320 ) ) ;
#1423 =( BOUNDED_CURVE ( )  B_SPLINE_CURVE ( 2, ( #1190, #1684, #2095, #769, #2030, #2505, #2235, #1802, #372 ),
 .UNSPECIFIED., .F., .F. ) 
 B_SPLINE_CURVE_WITH_KNOTS ( ( 3, 2, 2, 2, 3 ),
 ( 0.3699544009797789412, 0.3699700239406235602, 0.3816372457195008616, 0.3933044674983782740, 0.4049648492328323801 ),
 .UNSPECIFIED. ) 
 CURVE ( )  GEOMETRIC_REPRESENTATION_ITEM ( )  RATIONAL_B_SPLINE_CURVE ( ( 0.9996416838253892045, 0.9998206016898868453, 1.000000000000000000, 0.8660254037844387076, 1.000000000000000000, 0.8660254037844387076, 1.000000000000000000, 0.8661039479491986492, 0.9998430037653397440 ) ) 
 REPRESENTATION_ITEM ( '' )  );
#1424 = CARTESIAN_POINT ( 'NONE',  ( -1.498843648919216953, 0.8666930233922063298, 8.841576728249274097 ) ) ;
#1425 = CARTESIAN_POINT ( 'NONE',  ( -1.500000000000000000, 0.001001813523059284306, 10.99993252031416269 ) ) ;
#1426 = CARTESIAN_POINT ( 'NONE',  ( 6.928203230275509661, 2.578718702502464065E-15, 18.00000000000000355 ) ) ;
#1427 = CARTESIAN_POINT ( 'NONE',  ( -1.474999330912075468, 0.001001671158375019247, 15.18549875261936677 ) ) ;
#1428 = VERTEX_POINT ( 'NONE', #1007 ) ;
#1429 = FACE_OUTER_BOUND ( 'NONE', #1832, .T. ) ;
#1430 = ADVANCED_FACE ( 'NONE', ( #1875 ), #1851, .F. ) ;
#1431 = CARTESIAN_POINT ( 'NONE',  ( 0.3337107785498543144, 1.462407985577092617, 7.999044717223902090 ) ) ;
#1432 = ORIENTED_EDGE ( 'NONE', *, *, #1359, .T. ) ;
#1433 = CARTESIAN_POINT ( 'NONE',  ( 0.7087968604254180072, 1.276523914767282220, 3.538919163369320664 ) ) ;
#1434 = CARTESIAN_POINT ( 'NONE',  ( -1.449999999999999956, 0.000000000000000000, 22.10121933088197821 ) ) ;
#1435 = CARTESIAN_POINT ( 'NONE',  ( -1.498837674174113177, 0.8666964729129003064, 12.34157626354687842 ) ) ;
#1436 = CYLINDRICAL_SURFACE ( 'NONE', #54, 1.449999999999999956 ) ;
#1437 = VECTOR ( 'NONE', #332, 1000.000000000000000 ) ;
#1438 = CARTESIAN_POINT ( 'NONE',  ( -1.499999999999999778, 0.001001814510369332910, 15.19993252024765873 ) ) ;
#1439 = PLANE ( 'NONE',  #2533 ) ;
#1440 = CARTESIAN_POINT ( 'NONE',  ( 0.7303342444567351155, 1.266940274474704919, 16.13286964143683377 ) ) ;
#1441 = VERTEX_POINT ( 'NONE', #592 ) ;
#1442 = CARTESIAN_POINT ( 'NONE',  ( 0.2611253961359873421, -1.427029378302606233, 3.876848868062324538 ) ) ;
#1443 = CARTESIAN_POINT ( 'NONE',  ( -1.060575238724906915E-16, 1.732050807568877193, 16.16250000081936022 ) ) ;
#1444 = ORIENTED_EDGE ( 'NONE', *, *, #720, .T. ) ;
#1445 = CARTESIAN_POINT ( 'NONE',  ( 0.3794391954566559977, -1.412285971276000751, 11.66994104595889681 ) ) ;
#1446 = EDGE_CURVE ( 'NONE', #1326, #1479, #2630, .T. ) ;
#1447 = CARTESIAN_POINT ( 'NONE',  ( -0.3794375098473760088, 1.412286424148233799, 16.92044527593642300 ) ) ;
#1448 = CARTESIAN_POINT ( 'NONE',  ( 1.474999870812283342, -0.0003950147177633736486, 13.44366015541045911 ) ) ;
#1449 = CARTESIAN_POINT ( 'NONE',  ( 1.474998351720477885, -0.001412316107138515122, 14.12737185948798668 ) ) ;
#1450 = DIRECTION ( 'NONE',  ( -0.000000000000000000, -0.000000000000000000, -1.000000000000000000 ) ) ;
#1451 = CARTESIAN_POINT ( 'NONE',  ( 5.540534445511186235, 1.500026019385530152, 4.241422753370580168 ) ) ;
#1452 = ORIENTED_EDGE ( 'NONE', *, *, #939, .T. ) ;
#1453 = CARTESIAN_POINT ( 'NONE',  ( 0.000000000000000000, 0.000000000000000000, 22.10121933088197821 ) ) ;
#1454 = CARTESIAN_POINT ( 'NONE',  ( -1.499999999999999778, -0.8660254037844394848, 9.658333333333334991 ) ) ;
#1455 = VERTEX_POINT ( 'NONE', #1903 ) ;
#1456 = CARTESIAN_POINT ( 'NONE',  ( 1.450012832653876371, 0.1897064913262112018, 12.53044035031377490 ) ) ;
#1457 = CARTESIAN_POINT ( 'NONE',  ( -1.474999415991121943, -0.0008855356071508373216, 12.85175759279727892 ) ) ;
#1458 = EDGE_CURVE ( 'NONE', #374, #1992, #2278, .T. ) ;
#1459 = CARTESIAN_POINT ( 'NONE',  ( -1.499999999999999778, 0.001001815311139296919, 13.79993252019371930 ) ) ;
#1460 = DIRECTION ( 'NONE',  ( -0.000000000000000000, 0.000000000000000000, -1.000000000000000000 ) ) ;
#1461 = CARTESIAN_POINT ( 'NONE',  ( -0.7302186978877939216, 1.267007497756034162, 17.64968708651618812 ) ) ;
#1462 = CARTESIAN_POINT ( 'NONE',  ( -0.8911723826875792565, -1.159455713706654345, 17.16838575346415752 ) ) ;
#1463 = ORIENTED_EDGE ( 'NONE', *, *, #1806, .T. ) ;
#1464 = DIRECTION ( 'NONE',  ( -0.000000000000000000, -0.000000000000000000, -1.000000000000000000 ) ) ;
#1465 = CARTESIAN_POINT ( 'NONE',  ( 3.181725716174720005E-16, -1.732050807568877193, 17.21250000081935738 ) ) ;
#1466 = VERTEX_POINT ( 'NONE', #2266 ) ;
#1467 = CARTESIAN_POINT ( 'NONE',  ( -0.3796287490973577761, -1.412235030216406173, 8.811333187430792080 ) ) ;
#1468 = DIRECTION ( 'NONE',  ( 1.000000000000000000, -0.000000000000000000, -0.000000000000000000 ) ) ;
#1469 = ORIENTED_EDGE ( 'NONE', *, *, #904, .F. ) ;
#1470 = FACE_OUTER_BOUND ( 'NONE', #442, .T. ) ;
#1471 = CARTESIAN_POINT ( 'NONE',  ( 1.500000000000000444, -0.001564733333098948607, 14.14989460342538052 ) ) ;
#1472 = EDGE_CURVE ( 'NONE', #1455, #1936, #94, .T. ) ;
#1473 = CARTESIAN_POINT ( 'NONE',  ( 1.267039770193148618, 0.7301616180414259860, 13.27426178289243808 ) ) ;
#1474 = DIRECTION ( 'NONE',  ( 0.000000000000000000, -0.000000000000000000, -1.000000000000000000 ) ) ;
#1475 = CARTESIAN_POINT ( 'NONE',  ( 1.499999999999999778, 0.8660254037844391517, 17.70833333333333570 ) ) ;
#1476 = ADVANCED_FACE ( 'NONE', ( #2063 ), #1890, .F. ) ;
#1477 = AXIS2_PLACEMENT_3D ( 'NONE', #1265, #2674, #806 ) ;
#1478 = CARTESIAN_POINT ( 'NONE',  ( 0.7499999999999996669, 1.299038105676658228, 15.40416666748602559 ) ) ;
#1479 = VERTEX_POINT ( 'NONE', #629 ) ;
#1480 = B_SPLINE_CURVE_WITH_KNOTS ( 'NONE', 3,
 ( #1317, #469, #1927, #1508, #1952, #2336, #261, #139, #1828, #2602, #353, #1795, #2441, #1380, #779, #2026, #2618, #763 ),
 .UNSPECIFIED., .F., .F.,
 ( 4, 2, 2, 2, 2, 2, 2, 2, 4 ),
 ( 0.7549991404543651141, 0.7593741421119217794, 0.7637491437694784446, 0.7681241454270351099, 0.7724991470845917751, 0.7768741487421483294, 0.7812491503997049946, 0.7856241520572616599, 0.7899991537148183252 ),
 .UNSPECIFIED. ) ;
#1481 = DIRECTION ( 'NONE',  ( -0.000000000000000000, -0.000000000000000000, -1.000000000000000000 ) ) ;
#1482 = VECTOR ( 'NONE', #468, 1000.000000000000000 ) ;
#1483 = CARTESIAN_POINT ( 'NONE',  ( 1.159456245481091052, -0.8911716908244831092, 14.54313363846952356 ) ) ;
#1484 = EDGE_LOOP ( 'NONE', ( #2222, #1175, #1432, #2565 ) ) ;
#1485 = APPLICATION_CONTEXT ( 'automotive_design' ) ;
#1486 = DIRECTION ( 'NONE',  ( 1.000000000000000000, 0.000000000000000000, 0.000000000000000000 ) ) ;
#1487 = CARTESIAN_POINT ( 'NONE',  ( 1.412235075539811202, -0.3796285804922527318, 8.286282764437002513 ) ) ;
#1488 = CARTESIAN_POINT ( 'NONE',  ( 5.739999999999999325, 7.029496622236176272E-16, 5.839946296394552760 ) ) ;
#1489 = CARTESIAN_POINT ( 'NONE',  ( -1.500000000000000222, 0.8660254037844384856, 15.84166666666667211 ) ) ;
#1490 = CARTESIAN_POINT ( 'NONE',  ( -1.499999999999999778, -0.8660254037844394848, 17.35833333333333783 ) ) ;
#1491 = CARTESIAN_POINT ( 'NONE',  ( -1.500000000000000222, 0.8660254037844384856, 15.57916666748602452 ) ) ;
#1492 = EDGE_CURVE ( 'NONE', #2448, #2085, #1737, .T. ) ;
#1493 = ORIENTED_EDGE ( 'NONE', *, *, #2033, .F. ) ;
#1494 = CARTESIAN_POINT ( 'NONE',  ( 1.474999400661028304, 0.0008970887001473993542, 16.70194329864720117 ) ) ;
#1495 = LINE ( 'NONE', #1373, #908 ) ;
#1496 = CARTESIAN_POINT ( 'NONE',  ( 0.000000000000000000, 0.000000000000000000, 12.00000000000000000 ) ) ;
#1497 = CARTESIAN_POINT ( 'NONE',  ( -1.450012636380277664, -0.1897079915264865413, 7.980003351024095970 ) ) ;
#1498 = CARTESIAN_POINT ( 'NONE',  ( 0.000000000000000000, 0.000000000000000000, 22.10121933088197821 ) ) ;
#1499 = CARTESIAN_POINT ( 'NONE',  ( -1.500000000000000000, 0.000000000000000000, 15.90000000000000036 ) ) ;
#1500 = CARTESIAN_POINT ( 'NONE',  ( -1.060575238724906915E-16, 1.732050807568877193, 10.82500000000000107 ) ) ;
#1501 =( BOUNDED_CURVE ( )  B_SPLINE_CURVE ( 2, ( #955, #1668, #409, #620, #202, #1212, #2675, #1643, #2052 ),
 .UNSPECIFIED., .F., .T. ) 
 B_SPLINE_CURVE_WITH_KNOTS ( ( 3, 2, 2, 2, 3 ),
 ( 0.3349440765057625780, 0.3349683586040475558, 0.3466355803829061499, 0.3583028021617647996, 0.3699544009797789412 ),
 .UNSPECIFIED. ) 
 CURVE ( )  GEOMETRIC_REPRESENTATION_ITEM ( )  RATIONAL_B_SPLINE_CURVE ( ( 0.9994434984145685874, 0.9997211688973899335, 1.000000000000000000, 0.8660254037844387076, 1.000000000000000000, 0.8660254037844387076, 1.000000000000000000, 0.8662048020945518623, 0.9996416838253892045 ) ) 
 REPRESENTATION_ITEM ( '' )  );
#1502 = CARTESIAN_POINT ( 'NONE',  ( 0.7499999999999996669, 1.299038105676658228, 14.70416666748602630 ) ) ;
#1503 = ORIENTED_EDGE ( 'NONE', *, *, #685, .T. ) ;
#1504 = CARTESIAN_POINT ( 'NONE',  ( -1.159577975212225276, -0.8910132923335071231, 16.43914905485291555 ) ) ;
#1505 = FACE_OUTER_BOUND ( 'NONE', #364, .T. ) ;
#1506 = EDGE_LOOP ( 'NONE', ( #2102, #2035, #1195, #457 ) ) ;
#1507 = CARTESIAN_POINT ( 'NONE',  ( -1.266941175260829722, 0.7303326818243469631, 10.70734860380157194 ) ) ;
#1508 = CARTESIAN_POINT ( 'NONE',  ( 1.267040118783160585, 0.7301610131376006230, 15.37446347488322118 ) ) ;
#1509 = CARTESIAN_POINT ( 'NONE',  ( -1.449986994500686466, 0.1899038796104431659, 16.35164065101971431 ) ) ;
#1510 = DIRECTION ( 'NONE',  ( -1.000000000000000000, 0.000000000000000000, 0.000000000000000000 ) ) ;
#1511 = CARTESIAN_POINT ( 'NONE',  ( -1.474999330912308837, 0.001001563425681221411, 9.585498762970287245 ) ) ;
#1512 = CARTESIAN_POINT ( 'NONE',  ( 1.500000000000000444, -0.8660254037844380415, 13.82916666748602452 ) ) ;
#1513 = EDGE_LOOP ( 'NONE', ( #1404, #2021, #987, #684 ) ) ;
#1514 =( BOUNDED_CURVE ( )  B_SPLINE_CURVE ( 2, ( #1585, #1154, #1983, #953, #2412, #2601, #1166, #732, #2396 ),
 .UNSPECIFIED., .F., .F. ) 
 B_SPLINE_CURVE_WITH_KNOTS ( ( 3, 2, 2, 2, 3 ),
 ( 0.1249515359903629746, 0.1249583665841992181, 0.1366255883630766166, 0.1482928101419538902, 0.1599444501895831150 ),
 .UNSPECIFIED. ) 
 CURVE ( )  GEOMETRIC_REPRESENTATION_ITEM ( )  RATIONAL_B_SPLINE_CURVE ( ( 0.9998432205530276562, 0.9999215643562394673, 1.000000000000000000, 0.8660254037844387076, 1.000000000000000000, 0.8660254037844387076, 1.000000000000000000, 0.8662043286554889088, 0.9996426281710322215 ) ) 
 REPRESENTATION_ITEM ( '' )  );
#1515 = ORIENTED_EDGE ( 'NONE', *, *, #1008, .T. ) ;
#1516 = EDGE_LOOP ( 'NONE', ( #1099, #568, #1674, #584 ) ) ;
#1517 = CARTESIAN_POINT ( 'NONE',  ( 0.8910134307207230320, -1.159577868876210172, 15.91409863185399409 ) ) ;
#1518 = DIRECTION ( 'NONE',  ( -1.000000000000000000, 0.000000000000000000, 0.000000000000000000 ) ) ;
#1519 = CARTESIAN_POINT ( 'NONE',  ( 5.543227944868978518, -1.490174790787726966, 4.537524314816377746 ) ) ;
#1520 = ADVANCED_FACE ( 'NONE', ( #619 ), #176, .F. ) ;
#1521 = CARTESIAN_POINT ( 'NONE',  ( 0.000000000000000000, 0.000000000000000000, 0.000000000000000000 ) ) ;
#1522 = CARTESIAN_POINT ( 'NONE',  ( -0.8911699838084649050, -1.159457557511407000, 8.067511754856356632 ) ) ;
#1523 = VECTOR ( 'NONE', #567, 1000.000000000000114 ) ;
#1524 = CARTESIAN_POINT ( 'NONE',  ( -1.500000000000000222, 0.8660254037844384856, 9.979166667486026654 ) ) ;
#1525 = CARTESIAN_POINT ( 'NONE',  ( 1.500000000000000000, 1.836970198721029934E-16, 16.95000000000000284 ) ) ;
#1526 = CYLINDRICAL_SURFACE ( 'NONE', #1756, 1.449999999999999956 ) ;
#1527 = LINE ( 'NONE', #2402, #2389 ) ;
#1528 = CARTESIAN_POINT ( 'NONE',  ( 0.7500000000000006661, -1.299038105676657562, 15.17083333415269131 ) ) ;
#1529 = ORIENTED_EDGE ( 'NONE', *, *, #174, .F. ) ;
#1530 = VERTEX_POINT ( 'NONE', #1457 ) ;
#1531 = VECTOR ( 'NONE', #1082, 1000.000000000000000 ) ;
#1532 = ORIENTED_EDGE ( 'NONE', *, *, #2232, .F. ) ;
#1533 = VECTOR ( 'NONE', #2549, 1000.000000000000114 ) ;
#1534 = CARTESIAN_POINT ( 'NONE',  ( 0.7301608619217372365, -1.267040205924780949, 15.89951389788180336 ) ) ;
#1536 = ORIENTED_EDGE ( 'NONE', *, *, #2196, .T. ) ;
#1535 = VECTOR ( 'NONE', #1865, 1000.000000000000000 ) ;
#1537 = DIRECTION ( 'NONE',  ( 1.000000000000000000, 0.000000000000000000, 0.000000000000000000 ) ) ;
#1538 = EDGE_CURVE ( 'NONE', #1051, #106, #2019, .T. ) ;
#1539 = CARTESIAN_POINT ( 'NONE',  ( -1.499999999999999778, -0.8660254037844394848, 7.995833334152691485 ) ) ;
#1540 = CARTESIAN_POINT ( 'NONE',  ( 0.7499999999999996669, 1.299038105676658228, 14.96666666666667034 ) ) ;
#1541 = CARTESIAN_POINT ( 'NONE',  ( -1.113430563302693299, -0.9335322686926181834, 5.517626281983414316 ) ) ;
#1542 = CARTESIAN_POINT ( 'NONE',  ( -5.540564255139409866, -1.499915911721696693, 4.537222170770024654 ) ) ;
#1543 = CARTESIAN_POINT ( 'NONE',  ( 0.7499999999999996669, 1.299038105676658228, 17.06666666666666643 ) ) ;
#1544 = CARTESIAN_POINT ( 'NONE',  ( -1.159576557167350419, -0.8910151377948291040, 9.438476748229412294 ) ) ;
#1545 = CARTESIAN_POINT ( 'NONE',  ( 3.181725716174720005E-16, -1.732050807568877193, 10.91250000081935667 ) ) ;
#1546 = CARTESIAN_POINT ( 'NONE',  ( 0.7500000000000006661, -1.299038105676657562, 11.23333333333333428 ) ) ;
#1547 = ORIENTED_EDGE ( 'NONE', *, *, #776, .T. ) ;
#1548 =( GEOMETRIC_REPRESENTATION_CONTEXT ( 3 ) GLOBAL_UNCERTAINTY_ASSIGNED_CONTEXT ( ( #1226 ) ) GLOBAL_UNIT_ASSIGNED_CONTEXT ( ( #227, #860, #653 ) ) REPRESENTATION_CONTEXT ( 'NONE', 'WORKASPACE' ) );
#1549 = DIRECTION ( 'NONE',  ( -0.000000000000000000, -0.000000000000000000, -1.000000000000000000 ) ) ;
#1550 = CARTESIAN_POINT ( 'NONE',  ( -1.266941291499555033, 0.7303324801794741639, 10.00728137314025545 ) ) ;
#1551 = CARTESIAN_POINT ( 'NONE',  ( 0.7301624750987844026, -1.267039276293085104, 10.29897605258187632 ) ) ;
#1552 = CARTESIAN_POINT ( 'NONE',  ( -0.7499999999999988898, -1.299038105676658672, 10.15416666748602381 ) ) ;
#1553 = CARTESIAN_POINT ( 'NONE',  ( -1.500000000000000000, 0.000000000000000000, 15.20000000000000107 ) ) ;
#1554 = CARTESIAN_POINT ( 'NONE',  ( 0.000000000000000000, 0.000000000000000000, 22.10121933088197821 ) ) ;
#1555 = CARTESIAN_POINT ( 'NONE',  ( -5.590945423653620239, 1.300772926211414493, 3.586633730632645012 ) ) ;
#1556 = CARTESIAN_POINT ( 'NONE',  ( -0.8910151839397296714, 1.159576521709732688, 9.263459940564631623 ) ) ;
#1557 = CARTESIAN_POINT ( 'NONE',  ( 1.498197185318233871, -0.8670662593262549178, 9.891526447746976203 ) ) ;
#1558 = CARTESIAN_POINT ( 'NONE',  ( -1.060575238724906915E-16, 1.732050807568877193, 11.26250000081935809 ) ) ;
#1559 = CARTESIAN_POINT ( 'NONE',  ( 0.7148685086574331216, 1.273027031721966296, 5.146507703155516644 ) ) ;
#1560 = ADVANCED_FACE ( 'NONE', ( #1505 ), #894, .F. ) ;
#1561 = CARTESIAN_POINT ( 'NONE',  ( 1.500000000000000000, 1.836970198721029934E-16, 13.45000000000000107 ) ) ;
#1562 = EDGE_LOOP ( 'NONE', ( #172, #2407, #494, #2236 ) ) ;
#1563 = VECTOR ( 'NONE', #2591, 1000.000000000000000 ) ;
#1564 = CARTESIAN_POINT ( 'NONE',  ( -0.3796309967331393254, -1.412234426018431632, 15.81200549404868028 ) ) ;
#1565 = ORIENTED_EDGE ( 'NONE', *, *, #1960, .T. ) ;
#1566 = CARTESIAN_POINT ( 'NONE',  ( 0.7499999999999996669, 1.299038105676658228, 15.66666666666666963 ) ) ;
#1567 = CARTESIAN_POINT ( 'NONE',  ( 1.110320726513137179, -0.9372485056696846506, 5.514684351775348325 ) ) ;
#1568 = CARTESIAN_POINT ( 'NONE',  ( -5.667084691345582570, -0.9156779982588632016, 3.147866464086527039 ) ) ;
#1569 = CARTESIAN_POINT ( 'NONE',  ( 3.181725716174720005E-16, -1.732050807568877193, 8.375000000000001776 ) ) ;
#1570 = CARTESIAN_POINT ( 'NONE',  ( -1.500000000000000222, 0.8660254037844384856, 14.44166666666666998 ) ) ;
#1571 = CARTESIAN_POINT ( 'NONE',  ( -1.474999421516364428, -0.0008813345789793984976, 11.45169006340589668 ) ) ;
#1572 = CARTESIAN_POINT ( 'NONE',  ( -5.739999999999999325, 0.09954729013770831358, 5.839946296394551872 ) ) ;
#1573 = CARTESIAN_POINT ( 'NONE',  ( 1.449987190938683224, -0.1899023797258414525, 11.80120365170782293 ) ) ;
#1574 = CARTESIAN_POINT ( 'NONE',  ( 1.449987281617090007, -0.1899016873550767315, 9.701001959726649915 ) ) ;
#1575 = CARTESIAN_POINT ( 'NONE',  ( 1.450000000000002176, 1.213617422752781265E-17, 5.839946296394555425 ) ) ;
#1576 = ORIENTED_EDGE ( 'NONE', *, *, #376, .T. ) ;
#1577 = DIRECTION ( 'NONE',  ( -0.5000000000000002220, 0.8660254037844384856, 0.000000000000000000 ) ) ;
#1578 = EDGE_CURVE ( 'NONE', #683, #2113, #478, .T. ) ;
#1579 = CARTESIAN_POINT ( 'NONE',  ( -0.7499999999999988898, -1.299038105676658672, 10.41666666666666785 ) ) ;
#1580 = B_SPLINE_CURVE_WITH_KNOTS ( 'NONE', 3,
 ( #2241, #366, #1197, #2037, #994, #1839, #791, #1628, #550, #2403, #724, #1383, #752, #783, #2608, #2002, #142, #155, #538, #1340, #1189, #2374, #1769, #1559, #508, #1817, #2175, #1146, #740, #566, #2638, #1575 ),
 .UNSPECIFIED., .F., .F.,
 ( 4, 2, 2, 2, 2, 2, 2, 2, 2, 2, 2, 2, 2, 2, 2, 4 ),
 ( 1.175595833745349363E-18, 0.0003221889342259028543, 0.0006443778684518045160, 0.0009665668026777061777, 0.001288755736903607731, 0.001933133605355411705, 0.002255322539581313367, 0.002416417006694264197, 0.002577511473807215028, 0.002738605940920165859, 0.002899700408033116690, 0.003221889342259018352, 0.003866267210710819940, 0.004188456144936721602, 0.004510645079162623264, 0.005155022947614427455 ),
 .UNSPECIFIED. ) ;
#1581 = ORIENTED_EDGE ( 'NONE', *, *, #1446, .F. ) ;
#1582 = CARTESIAN_POINT ( 'NONE',  ( -1.113430563302693077, 0.9335322686926189606, 3.162266310805692537 ) ) ;
#1583 = CARTESIAN_POINT ( 'NONE',  ( 0.000000000000000000, 0.000000000000000000, 22.10121933088197821 ) ) ;
#1584 = LINE ( 'NONE', #967, #2357 ) ;
#1585 = CARTESIAN_POINT ( 'NONE',  ( 1.474999870168207217, -0.0003960579510355341851, 9.243644292114741035 ) ) ;
#1586 = CARTESIAN_POINT ( 'NONE',  ( 0.7499999999999996669, 1.299038105676658228, 16.36666666666666714 ) ) ;
#1587 = VECTOR ( 'NONE', #124, 1000.000000000000000 ) ;
#1588 = CARTESIAN_POINT ( 'NONE',  ( 1.474998345989757098, -0.001414772898823599004, 12.72733259834167185 ) ) ;
#1589 = CARTESIAN_POINT ( 'NONE',  ( -5.667124067649488062, -0.9154609943929887805, 5.532219772990308648 ) ) ;
#1590 = CARTESIAN_POINT ( 'NONE',  ( 1.474999870812283342, -0.0003950147177633736486, 13.44366015541045911 ) ) ;
#1591 = CARTESIAN_POINT ( 'NONE',  ( -0.1899027835642302653, -1.449987138048541402, 13.02632130536692756 ) ) ;
#1592 = CARTESIAN_POINT ( 'NONE',  ( 0.1899028989554688018, 1.449987122936024164, 13.37635492069742149 ) ) ;
#1593 = VERTEX_POINT ( 'NONE', #2004 ) ;
#1594 = CARTESIAN_POINT ( 'NONE',  ( -1.272725775559400363, -0.7019074974320913540, 3.010588871765142116 ) ) ;
#1595 = CARTESIAN_POINT ( 'NONE',  ( -1.500000000000000000, 0.000000000000000000, 12.40000000000000213 ) ) ;
#1596 = VERTEX_POINT ( 'NONE', #910 ) ;
#1597 = CARTESIAN_POINT ( 'NONE',  ( 3.464101615137752166, 6.000000000000003553, 18.00000000000000355 ) ) ;
#1598 = ADVANCED_FACE ( 'NONE', ( #246 ), #73, .F. ) ;
#1599 = CARTESIAN_POINT ( 'NONE',  ( -0.3796294234600752771, -1.412234848937954590, 10.91153487941048361 ) ) ;
#1600 = B_SPLINE_CURVE_WITH_KNOTS ( 'NONE', 3,
 ( #2201, #1347, #2214, #1407, #1629, #1614, #2455, #746, #2411, #1776, #2632, #2185, #2440, #2600, #138, #1996, #1393, #952 ),
 .UNSPECIFIED., .F., .F.,
 ( 4, 2, 2, 2, 2, 2, 2, 2, 4 ),
 ( 0.7199991271939272242, 0.7243741288514820020, 0.7287491305090366689, 0.7331241321665914468, 0.7374991338241461136, 0.7418741354817008915, 0.7462491371392556694, 0.7506241387968103362, 0.7549991404543651141 ),
 .UNSPECIFIED. ) ;
#1601 = DIRECTION ( 'NONE',  ( -0.000000000000000000, -0.000000000000000000, -1.000000000000000000 ) ) ;
#1602 = CARTESIAN_POINT ( 'NONE',  ( -1.060575238724906915E-16, 1.732050807568877193, 17.82499999999999929 ) ) ;
#1603 = CARTESIAN_POINT ( 'NONE',  ( -3.464101615137755719, 6.000000000000003553, 18.00000000000000355 ) ) ;
#1604 = CARTESIAN_POINT ( 'NONE',  ( 0.000000000000000000, 0.000000000000000000, 22.10121933088197821 ) ) ;
#1605 = CARTESIAN_POINT ( 'NONE',  ( -0.7344562111334719257, 1.268906122442871931, 7.848747428515992830 ) ) ;
#1606 = CYLINDRICAL_SURFACE ( 'NONE', #2342, 1.449999999999999956 ) ;
#1607 = ORIENTED_EDGE ( 'NONE', *, *, #1960, .F. ) ;
#1608 = LINE ( 'NONE', #816, #2436 ) ;
#1609 = CARTESIAN_POINT ( 'NONE',  ( -1.499999999999999778, -0.8660254037844394848, 13.15833333333333499 ) ) ;
#1610 = VERTEX_POINT ( 'NONE', #2538 ) ;
#1611 = CARTESIAN_POINT ( 'NONE',  ( -0.7144797300136347395, 1.273226136895961869, 3.533725244849539759 ) ) ;
#1612 = AXIS2_PLACEMENT_3D ( 'NONE', #831, #1481, #2321 ) ;
#1613 = CARTESIAN_POINT ( 'NONE',  ( 1.412234894253582507, -0.3796292548846326720, 10.38648445641436524 ) ) ;
#1614 = CARTESIAN_POINT ( 'NONE',  ( -0.8911718292065380354, -1.159456139119033447, 15.06818406146754974 ) ) ;
#1615 =( BOUNDED_CURVE ( )  B_SPLINE_CURVE ( 2, ( #1786, #330, #2097, #2056, #1229, #798, #1635, #1673, #1427 ),
 .UNSPECIFIED., .F., .F. ) 
 B_SPLINE_CURVE_WITH_KNOTS ( ( 3, 2, 2, 2, 3 ),
 ( 0.6849781626602226003, 0.6849850119703116968, 0.6966522337491890537, 0.7083194555280664106, 0.7199710955726380535 ),
 .UNSPECIFIED. ) 
 CURVE ( )  GEOMETRIC_REPRESENTATION_ITEM ( )  RATIONAL_B_SPLINE_CURVE ( ( 0.9998427912199088219, 0.9999213494376865130, 1.000000000000000000, 0.8660254037844387076, 1.000000000000000000, 0.8660254037844387076, 1.000000000000000000, 0.8662043286906003781, 0.9996426281009967996 ) ) 
 REPRESENTATION_ITEM ( '' )  );
#1616 = EDGE_CURVE ( 'NONE', #1681, #1957, #1495, .T. ) ;
#1617 = CARTESIAN_POINT ( 'NONE',  ( 1.500000000000000000, 1.836970198721029934E-16, 16.25000000000000000 ) ) ;
#1618 = CARTESIAN_POINT ( 'NONE',  ( 0.7499999999999996669, 1.299038105676658228, 17.76666666666666927 ) ) ;
#1619 = DIRECTION ( 'NONE',  ( -0.000000000000000000, -0.000000000000000000, -1.000000000000000000 ) ) ;
#1620 = CARTESIAN_POINT ( 'NONE',  ( 5.590945423653622015, 1.300772926211414715, 5.093258862156456956 ) ) ;
#1621 = CARTESIAN_POINT ( 'NONE',  ( -0.1897062028650626231, 1.450012870393397435, 13.40552438864170171 ) ) ;
#1622 = AXIS2_PLACEMENT_3D ( 'NONE', #1964, #92, #923 ) ;
#1623 = ORIENTED_EDGE ( 'NONE', *, *, #2114, .F. ) ;
#1624 = CARTESIAN_POINT ( 'NONE',  ( -1.449999999999999956, 0.000000000000000000, 22.10121933088197821 ) ) ;
#1625 = CARTESIAN_POINT ( 'NONE',  ( -0.7500000000000002220, 1.299038105676658006, 8.783333333333334991 ) ) ;
#1626 = VERTEX_POINT ( 'NONE', #456 ) ;
#1627 = CARTESIAN_POINT ( 'NONE',  ( 0.1023860890266065499, 1.447267121349863128, 3.945240336570948081 ) ) ;
#1628 = CARTESIAN_POINT ( 'NONE',  ( -1.110682602364562177, 0.9368271458190545742, 5.515026408697584870 ) ) ;
#1629 = CARTESIAN_POINT ( 'NONE',  ( -1.159577691643562503, -0.8910136613737912326, 15.03901459352320380 ) ) ;
#1630 = CARTESIAN_POINT ( 'NONE',  ( 1.474998345270565281, -0.001415080955896812860, 8.527327675927862671 ) ) ;
#1631 = LINE ( 'NONE', #2053, #1535 ) ;
#1632 = ADVANCED_FACE ( 'NONE', ( #2151, #271 ), #1078, .T. ) ;
#1633 = VECTOR ( 'NONE', #1698, 1000.000000000000000 ) ;
#1634 = FACE_OUTER_BOUND ( 'NONE', #1513, .T. ) ;
#1635 = CARTESIAN_POINT ( 'NONE',  ( -0.7500000000000002220, 1.299038105676658006, 15.08333333333333570 ) ) ;
#1636 = VERTEX_POINT ( 'NONE', #2313 ) ;
#1637 = CARTESIAN_POINT ( 'NONE',  ( -0.3874996539686846875, -1.400351574818203382, 3.799142556989115072 ) ) ;
#1638 = CARTESIAN_POINT ( 'NONE',  ( 1.499999999999999778, 0.8660254037844391517, 16.74583333415269237 ) ) ;
#1639 = ORIENTED_EDGE ( 'NONE', *, *, #813, .F. ) ;
#1640 = DIRECTION ( 'NONE',  ( -0.000000000000000000, -0.000000000000000000, -1.000000000000000000 ) ) ;
#1641 = CARTESIAN_POINT ( 'NONE',  ( 0.000000000000000000, 0.000000000000000000, 22.10121933088197821 ) ) ;
#1642 = CARTESIAN_POINT ( 'NONE',  ( 0.7303344460480858391, 1.266940158266450123, 16.83293687210284872 ) ) ;
#1643 = CARTESIAN_POINT ( 'NONE',  ( -1.498840591266900280, 0.8666947887285947338, 11.64157649043187348 ) ) ;
#1644 = CARTESIAN_POINT ( 'NONE',  ( 1.474999870590340878, -0.0003952071523593068242, 17.64365492102817967 ) ) ;
#1645 = CARTESIAN_POINT ( 'NONE',  ( 0.1899024374185275532, 1.449987183382805300, 11.97622045937329460 ) ) ;
#1646 = CARTESIAN_POINT ( 'NONE',  ( -0.3794941899798449092, 1.412271753554001252, 17.62051697957551255 ) ) ;
#1647 = CARTESIAN_POINT ( 'NONE',  ( -1.412286439240268310, -0.3794374536733418068, 17.09546208360336550 ) ) ;
#1648 = ORIENTED_EDGE ( 'NONE', *, *, #1958, .T. ) ;
#1649 = DIRECTION ( 'NONE',  ( -0.000000000000000000, -0.000000000000000000, -1.000000000000000000 ) ) ;
#1650 = CARTESIAN_POINT ( 'NONE',  ( -0.7499999999999988898, -1.299038105676658672, 16.45416666748602452 ) ) ;
#1651 = ORIENTED_EDGE ( 'NONE', *, *, #2662, .F. ) ;
#1652 = CARTESIAN_POINT ( 'NONE',  ( -1.266940826543185183, 0.7303332867604277467, 12.80755029578536686 ) ) ;
#1653 = CARTESIAN_POINT ( 'NONE',  ( 1.500000000000000000, 1.836970198721029934E-16, 12.05000000000000249 ) ) ;
#1654 = DIRECTION ( 'NONE',  ( -0.000000000000000000, -0.000000000000000000, -1.000000000000000000 ) ) ;
#1655 = DIRECTION ( 'NONE',  ( -1.000000000000000000, 0.000000000000000000, 0.000000000000000000 ) ) ;
#1656 = CARTESIAN_POINT ( 'NONE',  ( 5.701999472359643661, -0.6656412964724738313, 5.687732240593496691 ) ) ;
#1657 = B_SPLINE_CURVE_WITH_KNOTS ( 'NONE', 3,
 ( #2516, #1269, #655, #2315, #2120, #241, #1228, #1564, #920, #1136, #1327, #1534, #1517, #2197, #2377, #270, #686, #712 ),
 .UNSPECIFIED., .F., .F.,
 ( 4, 2, 2, 2, 2, 2, 2, 2, 4 ),
 ( 0.7899991537148183252, 0.7943741553723769888, 0.7987491570299356525, 0.8031241586874944272, 0.8074991603450530908, 0.8118741620026117545, 0.8162491636601704181, 0.8206241653177291928, 0.8249991669752878565 ),
 .UNSPECIFIED. ) ;
#1658 = CARTESIAN_POINT ( 'NONE',  ( 0.7303057918202136012, 1.266957298628806683, 17.53300665875351783 ) ) ;
#1659 = CARTESIAN_POINT ( 'NONE',  ( 1.159455678251743338, -0.8911724288160266516, 17.34340256113006262 ) ) ;
#1660 = B_SPLINE_CURVE_WITH_KNOTS ( 'NONE', 3,
 ( #84, #2371, #917, #505, #2384, #1970, #2190, #2172, #1766, #295, #1127, #99, #1556, #521, #407, #17, #2253, #1667 ),
 .UNSPECIFIED., .F., .F.,
 ( 4, 2, 2, 2, 2, 2, 2, 2, 4 ),
 ( 0.1249989017688880460, 0.1293739034264094201, 0.1337489050839307803, 0.1381239067414521404, 0.1424989083989735006, 0.1468739100564948608, 0.1512489117140162487, 0.1556239133715376088, 0.1599989150290589690 ),
 .UNSPECIFIED. ) ;
#1661 = ORIENTED_EDGE ( 'NONE', *, *, #904, .T. ) ;
#1662 = CARTESIAN_POINT ( 'NONE',  ( 1.500000000000000444, -0.8660254037844380415, 9.191666666666668206 ) ) ;
#1663 = ORIENTED_EDGE ( 'NONE', *, *, #1578, .F. ) ;
#1664 = AXIS2_PLACEMENT_3D ( 'NONE', #1583, #2410, #1775 ) ;
#1665 = EDGE_CURVE ( 'NONE', #1689, #1311, #91, .T. ) ;
#1666 = CARTESIAN_POINT ( 'NONE',  ( 0.3794400946357142645, -1.412285729692967617, 8.869672123319016777 ) ) ;
#1667 = CARTESIAN_POINT ( 'NONE',  ( -1.474999429754862756, -0.0008750331835612062698, 9.351588769331039330 ) ) ;
#1668 = CARTESIAN_POINT ( 'NONE',  ( 1.500000000000000222, -0.001561353116317511745, 11.34989483110843622 ) ) ;
#1669 = CARTESIAN_POINT ( 'NONE',  ( 1.474998345989757098, -0.001414772898823599004, 12.72733259834167185 ) ) ;
#1670 = CARTESIAN_POINT ( 'NONE',  ( 5.589116857795831450, -1.309749769958388876, 5.097212973759648769 ) ) ;
#1671 = CARTESIAN_POINT ( 'NONE',  ( 0.8911713679185694348, 1.159456493670256050, 13.31801598480885573 ) ) ;
#1672 = CARTESIAN_POINT ( 'NONE',  ( -1.266982398940796006, 0.7302622452853346768, 17.70802730039751083 ) ) ;
#1673 = CARTESIAN_POINT ( 'NONE',  ( -1.498843650132392957, 0.8666930226917787250, 15.14157672834363311 ) ) ;
#1674 = ORIENTED_EDGE ( 'NONE', *, *, #2306, .T. ) ;
#1675 = CARTESIAN_POINT ( 'NONE',  ( 1.500000000000000000, 1.836970198721029934E-16, 10.65000000000000391 ) ) ;
#1676 = CARTESIAN_POINT ( 'NONE',  ( -0.2402013110711791744, 1.593370515962231115, 8.043682324194426414 ) ) ;
#1677 = ORIENTED_EDGE ( 'NONE', *, *, #321, .F. ) ;
#1678 = DIRECTION ( 'NONE',  ( -0.000000000000000000, -0.000000000000000000, -1.000000000000000000 ) ) ;
#1679 = ADVANCED_FACE ( 'NONE', ( #49, #2137 ), #444, .F. ) ;
#1680 = CARTESIAN_POINT ( 'NONE',  ( -0.1897050491601683930, 1.450013021333160568, 16.90586054196415944 ) ) ;
#1681 = VERTEX_POINT ( 'NONE', #1935 ) ;
#1682 = ADVANCED_FACE ( 'NONE', ( #1742 ), #61, .F. ) ;
#1683 = LINE ( 'NONE', #1915, #817 ) ;
#1684 = CARTESIAN_POINT ( 'NONE',  ( -1.500000000000000000, 0.001004465611634942739, 11.69993234167602125 ) ) ;
#1685 = CARTESIAN_POINT ( 'NONE',  ( 1.159565797592070346, 0.8910300259641187326, 17.48925149834251869 ) ) ;
#1686 =( BOUNDED_CURVE ( )  B_SPLINE_CURVE ( 2, ( #398, #1438, #1227, #2067, #193, #1181, #1827, #1139, #1364 ),
 .UNSPECIFIED., .F., .F. ) 
 B_SPLINE_CURVE_WITH_KNOTS ( ( 3, 2, 2, 2, 3 ),
 ( 0.7199710955726380535, 0.7199866773069437675, 0.7316538990858253433, 0.7433211208647068080, 0.7549640374563235667 ),
 .UNSPECIFIED. ) 
 CURVE ( )  GEOMETRIC_REPRESENTATION_ITEM ( )  RATIONAL_B_SPLINE_CURVE ( ( 0.9996426281009967996, 0.9998210750938383296, 1.000000000000000000, 0.8660254037844387076, 1.000000000000000000, 0.8660254037844387076, 1.000000000000000000, 0.8663045000175817467, 0.9994429703617357941 ) ) 
 REPRESENTATION_ITEM ( '' )  );
#1687 = CARTESIAN_POINT ( 'NONE',  ( -1.060575238724906915E-16, 1.732050807568877193, 17.82499999999999929 ) ) ;
#1688 = PRESENTATION_LAYER_ASSIGNMENT (  '', '', ( #1866 ) ) ;
#1689 = VERTEX_POINT ( 'NONE', #540 ) ;
#1690 = CARTESIAN_POINT ( 'NONE',  ( -0.7499999999999988898, -1.299038105676658672, 17.41666666666667140 ) ) ;
#1691 = CARTESIAN_POINT ( 'NONE',  ( 3.181725716174720005E-16, -1.732050807568877193, 15.11250000081935774 ) ) ;
#1692 = ORIENTED_EDGE ( 'NONE', *, *, #1188, .T. ) ;
#1693 = CARTESIAN_POINT ( 'NONE',  ( 1.159456812793197011, -0.8911709527241300499, 11.74286471581940816 ) ) ;
#1694 = CARTESIAN_POINT ( 'NONE',  ( 1.474999869795375895, -0.0003963830669403712041, 12.04363551952346967 ) ) ;
#1695 = EDGE_LOOP ( 'NONE', ( #219, #627, #2510, #1803 ) ) ;
#1696 = CARTESIAN_POINT ( 'NONE',  ( -1.474999427015275755, -0.0008771336330644144679, 10.05162253402131078 ) ) ;
#1697 = EDGE_CURVE ( 'NONE', #106, #815, #2208, .T. ) ;
#1698 = DIRECTION ( 'NONE',  ( -0.000000000000000000, -0.000000000000000000, -1.000000000000000000 ) ) ;
#1699 = CARTESIAN_POINT ( 'NONE',  ( 0.7499999999999996669, 1.299038105676658228, 17.06666666666666643 ) ) ;
#1700 = CARTESIAN_POINT ( 'NONE',  ( -1.474997715385344632, 0.002401701887934766955, 8.185402760822425350 ) ) ;
#1701 =( BOUNDED_CURVE ( )  B_SPLINE_CURVE ( 2, ( #1644, #997, #1213, #1410, #1618, #1602, #2268, #2456, #1184 ),
 .UNSPECIFIED., .F., .T. ) 
 B_SPLINE_CURVE_WITH_KNOTS ( ( 3, 2, 2, 2, 3 ),
 ( 0.9649915154784456384, 0.9649983346633679293, 0.9766655564422452862, 0.9883327782211226431, 1.000000000000000000 ),
 .UNSPECIFIED. ) 
 CURVE ( )  GEOMETRIC_REPRESENTATION_ITEM ( )  RATIONAL_B_SPLINE_CURVE ( ( 0.9998434822633862629, 0.9999216953646888895, 1.000000000000000000, 0.8660254037844387076, 1.000000000000000000, 0.8660254037844387076, 1.000000000000000000, 0.8660254037844387076, 1.000000000000000000 ) ) 
 REPRESENTATION_ITEM ( '' )  );
#1702 = CARTESIAN_POINT ( 'NONE',  ( -0.7500000000000002220, 1.299038105676658006, 14.12083333415269060 ) ) ;
#1703 = EDGE_LOOP ( 'NONE', ( #258, #2031, #2161, #1231 ) ) ;
#1704 = CARTESIAN_POINT ( 'NONE',  ( 1.474999411829937435, 0.0008886863877209735677, 13.90180823984206882 ) ) ;
#1705 = AXIS2_PLACEMENT_3D ( 'NONE', #140, #2590, #719 ) ;
#1706 = CARTESIAN_POINT ( 'NONE',  ( 0.3253801182447241258, 1.425845022637163950, 7.977393769952385583 ) ) ;
#1707 = LINE ( 'NONE', #1079, #1412 ) ;
#1708 = CARTESIAN_POINT ( 'NONE',  ( 1.474999433851904351, 0.0008718825423092257769, 8.301538122298412148 ) ) ;
#1709 = B_SPLINE_CURVE_WITH_KNOTS ( 'NONE', 3,
 ( #1371, #2234, #119, #298, #959, #1131, #1830, #130, #1591, #2014, #1801, #2652, #524, #2206, #2193, #1972, #102, #972 ),
 .UNSPECIFIED., .F., .F.,
 ( 4, 2, 2, 2, 2, 2, 2, 2, 4 ),
 ( 0.5099990476317786126, 0.5143740492893030813, 0.5187490509468274391, 0.5231240526043519079, 0.5274990542618762657, 0.5318740559194007345, 0.5362490575769252033, 0.5406240592344495610, 0.5449990608919740298 ),
 .UNSPECIFIED. ) ;
#1710 = CARTESIAN_POINT ( 'NONE',  ( -1.060575238724906915E-16, 1.732050807568877193, 8.462500000819357382 ) ) ;
#1711 = CARTESIAN_POINT ( 'NONE',  ( 1.500000000000000444, -0.8660254037844380415, 16.89166666666666927 ) ) ;
#1712 = EDGE_CURVE ( 'NONE', #426, #911, #937, .T. ) ;
#1713 = FACE_BOUND ( 'NONE', #571, .T. ) ;
#1714 = CARTESIAN_POINT ( 'NONE',  ( 0.7499999999999996669, 1.299038105676658228, 13.30416666748602417 ) ) ;
#1715 = ORIENTED_EDGE ( 'NONE', *, *, #2678, .F. ) ;
#1716 = AXIS2_PLACEMENT_3D ( 'NONE', #640, #2528, #2127 ) ;
#1717 = CARTESIAN_POINT ( 'NONE',  ( 0.8910137997705839252, -1.159577585300122005, 14.51396417052520782 ) ) ;
#1718 = CARTESIAN_POINT ( 'NONE',  ( -0.7303319255791709264, -1.266941611200500084, 8.082096488828399927 ) ) ;
#1719 = CARTESIAN_POINT ( 'NONE',  ( 0.9970064246440454303, 1.311048783049575839, 7.684955056680374597 ) ) ;
#1720 = CARTESIAN_POINT ( 'NONE',  ( -1.474999402062900700, -0.0008960383963125353492, 16.35192641629530641 ) ) ;
#1721 = CARTESIAN_POINT ( 'NONE',  ( 0.000000000000000000, 0.000000000000000000, 22.10121933088197821 ) ) ;
#1722 = CARTESIAN_POINT ( 'NONE',  ( -1.060575238724906915E-16, 1.732050807568877193, 12.66250000081936022 ) ) ;
#1723 = ORIENTED_EDGE ( 'NONE', *, *, #1616, .T. ) ;
#1724 = EDGE_LOOP ( 'NONE', ( #464, #1013, #233, #2149, #671, #1663 ) ) ;
#1725 = ADVANCED_FACE ( 'NONE', ( #1429 ), #1402, .F. ) ;
#1726 = VERTEX_POINT ( 'NONE', #197 ) ;
#1727 = CARTESIAN_POINT ( 'NONE',  ( -1.412235045324011340, 0.3796286928963724661, 8.636316379766141083 ) ) ;
#1728 = DIRECTION ( 'NONE',  ( 0.000000000000000000, 0.000000000000000000, 1.000000000000000000 ) ) ;
#1729 = CARTESIAN_POINT ( 'NONE',  ( -0.1897073567842144648, 1.450012719424767393, 9.905188235335717906 ) ) ;
#1730 = CARTESIAN_POINT ( 'NONE',  ( -5.739999999999999325, 0.000000000000000000, 0.000000000000000000 ) ) ;
#1731 = CARTESIAN_POINT ( 'NONE',  ( 0.7499999999999996669, 1.299038105676658228, 8.404166667486025588 ) ) ;
#1732 = CARTESIAN_POINT ( 'NONE',  ( 0.7500000000000006661, -1.299038105676657562, 17.53333333333333499 ) ) ;
#1733 = CARTESIAN_POINT ( 'NONE',  ( 0.2031147559514759338, -1.436596473503000126, 4.771878568376326513 ) ) ;
#1734 = CARTESIAN_POINT ( 'NONE',  ( -1.412285774992520171, -0.3794399260296692500, 9.394722546313206024 ) ) ;
#1735 = CARTESIAN_POINT ( 'NONE',  ( 1.500000000000000444, -0.8660254037844380415, 14.52916666748602381 ) ) ;
#1736 = VERTEX_POINT ( 'NONE', #1204 ) ;
#1737 = CIRCLE ( 'NONE', #1077, 1.449999999999999956 ) ;
#1738 = CARTESIAN_POINT ( 'NONE',  ( -0.1897068951928893854, 1.450012779815433417, 11.30532269665629386 ) ) ;
#1739 = VERTEX_POINT ( 'NONE', #2237 ) ;
#1740 = ADVANCED_FACE ( 'NONE', ( #362 ), #553, .F. ) ;
#1741 = CARTESIAN_POINT ( 'NONE',  ( 0.7301606603067313239, -1.267040322110041028, 16.59958112854712908 ) ) ;
#1742 = FACE_OUTER_BOUND ( 'NONE', #493, .T. ) ;
#1743 = CARTESIAN_POINT ( 'NONE',  ( 1.450012711875677818, 0.1897074144850638966, 9.730171427670798678 ) ) ;
#1744 = CARTESIAN_POINT ( 'NONE',  ( 0.3794403194508824129, -1.412285669291630796, 8.169604892660659701 ) ) ;
#1745 = CARTESIAN_POINT ( 'NONE',  ( 3.181725716174720005E-16, -1.732050807568877193, 8.812500000819358803 ) ) ;
#1746 = CARTESIAN_POINT ( 'NONE',  ( 1.499999999999999778, 0.8660254037844391517, 13.50833333333333641 ) ) ;
#1747 = CARTESIAN_POINT ( 'NONE',  ( 1.474999409047581311, 0.0008907869414301579705, 14.60184200454126291 ) ) ;
#1748 = CARTESIAN_POINT ( 'NONE',  ( -5.588980798719274112, 1.310297227630034422, 5.095900229889859467 ) ) ;
#1749 = CARTESIAN_POINT ( 'NONE',  ( 1.500000000000000000, -0.001563563274315346282, 16.94989468223764817 ) ) ;
#1750 = CARTESIAN_POINT ( 'NONE',  ( -1.450012696777155385, -0.1897075298892119954, 9.380137812341134307 ) ) ;
#1751 = CARTESIAN_POINT ( 'NONE',  ( -0.7500000000000002220, 1.299038105676658006, 11.32083333415268989 ) ) ;
#1752 = CARTESIAN_POINT ( 'NONE',  ( -1.060575238724906915E-16, 1.732050807568877193, 10.82500000000000107 ) ) ;
#1753 = CARTESIAN_POINT ( 'NONE',  ( 1.267039421565528512, 0.7301622230098572253, 11.17406009090734109 ) ) ;
#1754 = VERTEX_POINT ( 'NONE', #2032 ) ;
#1755 = CARTESIAN_POINT ( 'NONE',  ( -0.3796312214529719564, -1.412234365610186115, 16.51207272471392429 ) ) ;
#1757 = CARTESIAN_POINT ( 'NONE',  ( 5.691026048995238007, -0.7527194298307727793, 3.038793601587378657 ) ) ;
#1756 = AXIS2_PLACEMENT_3D ( 'NONE', #1554, #82, #1319 ) ;
#1758 = SURFACE_SIDE_STYLE ('',( #306 ) ) ;
#1759 = CARTESIAN_POINT ( 'NONE',  ( -1.060575238724906915E-16, 1.732050807568877193, 14.32500000000000284 ) ) ;
#1760 = CARTESIAN_POINT ( 'NONE',  ( 1.449987251389984522, -0.1899019181530487987, 10.40106919038644939 ) ) ;
#1761 = EDGE_CURVE ( 'NONE', #1626, #727, #1608, .T. ) ;
#1762 = CARTESIAN_POINT ( 'NONE',  ( 1.499999999999999778, 0.8660254037844391517, 8.345833334152693794 ) ) ;
#1763 = CARTESIAN_POINT ( 'NONE',  ( -0.7499999999999988898, -1.299038105676658672, 13.91666666666666963 ) ) ;
#1764 = CARTESIAN_POINT ( 'NONE',  ( -0.7301611643576112476, 1.267040031639113939, 14.84941305188499605 ) ) ;
#1765 = CARTESIAN_POINT ( 'NONE',  ( -5.628219228117906425, 1.129470493912014373, 3.348048072106178719 ) ) ;
#1766 = CARTESIAN_POINT ( 'NONE',  ( 0.1899015142506373932, 1.449987304288181234, 9.175951536732258162 ) ) ;
#1767 = CARTESIAN_POINT ( 'NONE',  ( 0.7301626767775175608, -1.267039160070719594, 9.598908821922167434 ) ) ;
#1768 = CARTESIAN_POINT ( 'NONE',  ( -1.500000000000000000, 0.000000000000000000, 12.13750000081935809 ) ) ;
#1769 = CARTESIAN_POINT ( 'NONE',  ( 0.4784999709917848731, 1.371430450224179198, 4.951880362933316349 ) ) ;
#1770 = EDGE_LOOP ( 'NONE', ( #2060, #1285, #2597, #2226 ) ) ;
#1771 = CARTESIAN_POINT ( 'NONE',  ( 1.499999999999999778, 0.8660254037844391517, 12.10833333333333428 ) ) ;
#1772 = ORIENTED_EDGE ( 'NONE', *, *, #1869, .T. ) ;
#1773 = CARTESIAN_POINT ( 'NONE',  ( 1.412234350508482450, -0.3796312776315515225, 16.68708953238033743 ) ) ;
#1774 = ORIENTED_EDGE ( 'NONE', *, *, #2473, .T. ) ;
#1775 = DIRECTION ( 'NONE',  ( -1.000000000000000000, 0.000000000000000000, 0.000000000000000000 ) ) ;
#1776 = CARTESIAN_POINT ( 'NONE',  ( 0.1897056259821912894, -1.450012945867327652, 15.15569246530058933 ) ) ;
#1777 = CARTESIAN_POINT ( 'NONE',  ( 3.464101615137754830, -6.000000000000003553, 18.00000000000000355 ) ) ;
#1778 = CARTESIAN_POINT ( 'NONE',  ( -1.499999999999999778, -0.8660254037844394848, 8.258333333333336412 ) ) ;
#1779 = CARTESIAN_POINT ( 'NONE',  ( 1.499999999999999778, 0.8660254037844391517, 14.20833333333333570 ) ) ;
#1780 = CARTESIAN_POINT ( 'NONE',  ( -1.437928388965508564, -0.2144772335977411792, 5.828267972161273569 ) ) ;
#1781 = CARTESIAN_POINT ( 'NONE',  ( -5.727494924484927807, 0.3908462433312927531, 5.791478949706379886 ) ) ;
#1782 = EDGE_CURVE ( 'NONE', #636, #1441, #2434, .T. ) ;
#1783 = CARTESIAN_POINT ( 'NONE',  ( -0.7500000000000002220, 1.299038105676658006, 17.18333333333333357 ) ) ;
#1784 = CARTESIAN_POINT ( 'NONE',  ( 1.474999868265474801, -0.0003988522544253179946, 10.64359804178716828 ) ) ;
#1785 = CARTESIAN_POINT ( 'NONE',  ( 1.499999999999999778, 0.8660254037844391517, 10.44583333415269344 ) ) ;
#1786 = CARTESIAN_POINT ( 'NONE',  ( 1.474999869451516288, -0.0003970733699533723102, 14.84362688741390990 ) ) ;
#1787 = CARTESIAN_POINT ( 'NONE',  ( -1.060575238724906915E-16, 1.732050807568877193, 10.12500000000000178 ) ) ;
#1788 = ORIENTED_EDGE ( 'NONE', *, *, #29, .T. ) ;
#1789 = CARTESIAN_POINT ( 'NONE',  ( 1.266940187315788835, -0.7303343956548348226, 16.65792006443593820 ) ) ;
#1790 = B_SPLINE_CURVE_WITH_KNOTS ( 'NONE', 3,
 ( #1906, #2068, #1880, #824, #1685, #410, #1658, #811, #2108, #7, #1646, #1461, #837, #2469, #1672, #229, #610, #2304 ),
 .UNSPECIFIED., .F., .F.,
 ( 4, 2, 2, 2, 2, 2, 2, 2, 4 ),
 ( 0.9649992200173279633, 0.9693743175151620095, 0.9737494150129959447, 0.9781245125108299909, 0.9824996100086640372, 0.9868747075064979724, 0.9912498050043320186, 0.9956249025021659538, 1.000000000000000000 ),
 .UNSPECIFIED. ) ;
#1791 =( BOUNDED_CURVE ( )  B_SPLINE_CURVE ( 2, ( #2478, #1864, #2689, #2279, #850, #1024, #1918, #450, #1049 ),
 .UNSPECIFIED., .F., .F. ) 
 B_SPLINE_CURVE_WITH_KNOTS ( ( 3, 2, 2, 2, 3 ),
 ( 0.1949374016483687022, 0.1949616972574633456, 0.2066289190363645722, 0.2182961408152656602, 0.2299477813087894562 ),
 .UNSPECIFIED. ) 
 CURVE ( )  GEOMETRIC_REPRESENTATION_ITEM ( )  RATIONAL_B_SPLINE_CURVE ( ( 0.9994431894174946596, 0.9997210137528924623, 1.000000000000000000, 0.8660254037844387076, 1.000000000000000000, 0.8660254037844387076, 1.000000000000000000, 0.8662043235355598725, 0.9996426383835397278 ) ) 
 REPRESENTATION_ITEM ( '' )  );
#1792 = DIRECTION ( 'NONE',  ( -0.000000000000000000, -0.000000000000000000, -1.000000000000000000 ) ) ;
#1793 = CARTESIAN_POINT ( 'NONE',  ( 1.474998354184326788, -0.001411258638435145549, 16.92738876018003324 ) ) ;
#1794 = CARTESIAN_POINT ( 'NONE',  ( -5.690914701377132623, -0.7535283385702347125, 3.039286630662401567 ) ) ;
#1795 = CARTESIAN_POINT ( 'NONE',  ( -0.7301609627318950135, 1.267040147830606367, 15.54948028254938208 ) ) ;
#1796 = CARTESIAN_POINT ( 'NONE',  ( 0.3796306596385773946, 1.412234516634715442, 14.76190464805200442 ) ) ;
#1797 = AXIS2_PLACEMENT_3D ( 'NONE', #1150, #109, #715 ) ;
#1798 = CARTESIAN_POINT ( 'NONE',  ( -5.737412839261638808, 0.1976178327036639260, 5.830132533666311012 ) ) ;
#1799 = CARTESIAN_POINT ( 'NONE',  ( 5.739999999999999325, 7.029472627105806142E-16, 12.00000000000000000 ) ) ;
#1800 = EDGE_CURVE ( 'NONE', #1933, #2539, #569, .T. ) ;
#1801 = CARTESIAN_POINT ( 'NONE',  ( 0.3794387459216851388, -1.412286092052534858, 13.07007550728314627 ) ) ;
#1802 = CARTESIAN_POINT ( 'NONE',  ( 1.499492328580969813, -0.8663185080148753103, 11.99162718111185555 ) ) ;
#1803 = ORIENTED_EDGE ( 'NONE', *, *, #939, .F. ) ;
#1804 = CARTESIAN_POINT ( 'NONE',  ( -0.2032068457079624635, -1.436583997875873653, 3.907971889082947570 ) ) ;
#1805 = CARTESIAN_POINT ( 'NONE',  ( 0.7499999999999996669, 1.299038105676658228, 12.86666666666666892 ) ) ;
#1806 = EDGE_CURVE ( 'NONE', #696, #1051, #2525, .T. ) ;
#1807 = VERTEX_POINT ( 'NONE', #243 ) ;
#1808 = VECTOR ( 'NONE', #1318, 1000.000000000000000 ) ;
#1809 = CARTESIAN_POINT ( 'NONE',  ( -5.739999999999999325, 0.000000000000000000, 12.00000000000000000 ) ) ;
#1810 = CARTESIAN_POINT ( 'NONE',  ( -0.8911707220348817904, -1.159456990103239438, 10.86778067749439991 ) ) ;
#1811 = CARTESIAN_POINT ( 'NONE',  ( -5.739999999999999325, 2.399503458959718681E-21, 2.839946296394551428 ) ) ;
#1812 =( BOUNDED_CURVE ( )  B_SPLINE_CURVE ( 2, ( #849, #2418, #551, #459, #689, #1917, #654, #884, #873 ),
 .UNSPECIFIED., .F., .T. ) 
 B_SPLINE_CURVE_WITH_KNOTS ( ( 3, 2, 2, 2, 3 ),
 ( 0.4749506430378395705, 0.4749750199505194947, 0.4866422417293968516, 0.4983094635082742085, 0.5099611035443026852 ),
 .UNSPECIFIED. ) 
 CURVE ( )  GEOMETRIC_REPRESENTATION_ITEM ( )  RATIONAL_B_SPLINE_CURVE ( ( 0.9994413299904352233, 0.9997200801445992324, 1.000000000000000000, 0.8660254037844387076, 1.000000000000000000, 0.8660254037844387076, 1.000000000000000000, 0.8662043287887011278, 0.9996426279053194364 ) ) 
 REPRESENTATION_ITEM ( '' )  );
#1813 = CARTESIAN_POINT ( 'NONE',  ( 0.8910143533949563821, -1.159577159897521303, 12.41376247853680503 ) ) ;
#1814 = LINE ( 'NONE', #2429, #1276 ) ;
#1815 = CARTESIAN_POINT ( 'NONE',  ( 3.464101615137752166, 6.000000000000003553, 18.00000000000000355 ) ) ;
#1816 = DIRECTION ( 'NONE',  ( -0.000000000000000000, -0.000000000000000000, -1.000000000000000000 ) ) ;
#1817 = CARTESIAN_POINT ( 'NONE',  ( 1.053283462971619011, 1.000533681854808288, 5.460814332978632279 ) ) ;
#1818 = LINE ( 'NONE', #422, #694 ) ;
#1819 = ORIENTED_EDGE ( 'NONE', *, *, #421, .T. ) ;
#1820 = CARTESIAN_POINT ( 'NONE',  ( -1.221910386352027089, -0.7862543812684485989, 3.059218995440225353 ) ) ;
#1821 = CARTESIAN_POINT ( 'NONE',  ( 3.181725716174720005E-16, -1.732050807568877193, 13.27500000000000213 ) ) ;
#1822 = ORIENTED_EDGE ( 'NONE', *, *, #1287, .F. ) ;
#1823 = ADVANCED_FACE ( 'NONE', ( #840 ), #1245, .F. ) ;
#1824 = CARTESIAN_POINT ( 'NONE',  ( 0.8523887521608271012, 1.186551439215148607, 3.406252290198388710 ) ) ;
#1825 = MECHANICAL_DESIGN_GEOMETRIC_PRESENTATION_REPRESENTATION (  '', ( #1866 ), #1944 ) ;
#1826 = CARTESIAN_POINT ( 'NONE',  ( 1.449999999999999956, 1.775737858763661670E-16, 22.10121933088197821 ) ) ;
#1827 = CARTESIAN_POINT ( 'NONE',  ( 0.7500000000000006661, -1.299038105676657562, 15.43333333333333535 ) ) ;
#1828 = CARTESIAN_POINT ( 'NONE',  ( 0.1899035911974736313, 1.449987032273901466, 15.47655661268847993 ) ) ;
#1829 = CARTESIAN_POINT ( 'NONE',  ( -1.474999304479352347, 0.0008061445147053004738, 15.88551515929826508 ) ) ;
#1830 = CARTESIAN_POINT ( 'NONE',  ( -0.7303333371714443301, -1.266940797483317782, 12.98256710345071241 ) ) ;
#1831 = CARTESIAN_POINT ( 'NONE',  ( 1.474999431122188565, 0.0008739829654390883018, 9.001571886986463156 ) ) ;
#1832 = EDGE_LOOP ( 'NONE', ( #785, #1247, #2207 ) ) ;
#1833 = CARTESIAN_POINT ( 'NONE',  ( 1.274701066199020127, -0.6982500152612938216, 3.008696457952741099 ) ) ;
#1834 = CARTESIAN_POINT ( 'NONE',  ( 0.7499999999999996669, 1.299038105676658228, 9.366666666666668917 ) ) ;
#1835 = ORIENTED_EDGE ( 'NONE', *, *, #832, .F. ) ;
#1836 = CARTESIAN_POINT ( 'NONE',  ( 0.000000000000000000, 0.000000000000000000, 22.10121933088197821 ) ) ;
#1837 = EDGE_CURVE ( 'NONE', #1596, #148, #1132, .T. ) ;
#1838 = AXIS2_PLACEMENT_3D ( 'NONE', #1858, #786, #2461 ) ;
#1839 = CARTESIAN_POINT ( 'NONE',  ( -1.272725775559401029, 0.7019074974320902438, 5.669303721023963405 ) ) ;
#1840 = LINE ( 'NONE', #324, #1587 ) ;
#1841 = CARTESIAN_POINT ( 'NONE',  ( 1.499999999999999778, 0.8660254037844391517, 8.608333333333336057 ) ) ;
#1842 = LINE ( 'NONE', #608, #1057 ) ;
#1843 = CARTESIAN_POINT ( 'NONE',  ( 1.159577053540122638, 0.8910144918098168443, 11.88871205554054633 ) ) ;
#1844 = CARTESIAN_POINT ( 'NONE',  ( 1.266940071109095456, -0.7303345972430346222, 17.35798729510221605 ) ) ;
#1845 = ORIENTED_EDGE ( 'NONE', *, *, #796, .T. ) ;
#1846 = DIRECTION ( 'NONE',  ( -0.000000000000000000, -0.000000000000000000, -1.000000000000000000 ) ) ;
#1847 = CARTESIAN_POINT ( 'NONE',  ( -1.500000000000000222, 0.8660254037844384856, 8.141666666666667496 ) ) ;
#1848 = VERTEX_POINT ( 'NONE', #427 ) ;
#1849 = CARTESIAN_POINT ( 'NONE',  ( -0.2143334443513911503, 1.434970458061745502, 3.902585018901254088 ) ) ;
#1850 = DIRECTION ( 'NONE',  ( -0.000000000000000000, -0.000000000000000000, -1.000000000000000000 ) ) ;
#1851 = PLANE ( 'NONE',  #1477 ) ;
#1852 = CARTESIAN_POINT ( 'NONE',  ( -1.474999435214295884, -0.0008708323358566176769, 7.951521239954840503 ) ) ;
#1853 = CARTESIAN_POINT ( 'NONE',  ( -1.499999999999999778, -0.8660254037844394848, 11.05833333333333890 ) ) ;
#1854 = ADVANCED_FACE ( 'NONE', ( #1713, #2286 ), #2122, .F. ) ;
#1855 = CYLINDRICAL_SURFACE ( 'NONE', #754, 1.449999999999999956 ) ;
#1856 = CARTESIAN_POINT ( 'NONE',  ( 0.8910130617014837551, -1.159578152428465847, 17.31423309318574155 ) ) ;
#1857 = ORIENTED_EDGE ( 'NONE', *, *, #889, .T. ) ;
#1858 = CARTESIAN_POINT ( 'NONE',  ( -3.464101615137756607, -6.000000000000002665, 18.00000000000000355 ) ) ;
#1859 = CARTESIAN_POINT ( 'NONE',  ( -1.500000000000000222, 0.8660254037844384856, 17.67916666748602239 ) ) ;
#1860 = EDGE_LOOP ( 'NONE', ( #1661, #598, #1529, #269 ) ) ;
#1861 = CARTESIAN_POINT ( 'NONE',  ( -0.8910142611305649218, 1.159577230793263691, 12.76379609386880887 ) ) ;
#1862 = DIRECTION ( 'NONE',  ( -1.000000000000000000, 0.000000000000000000, 0.000000000000000000 ) ) ;
#1863 = CARTESIAN_POINT ( 'NONE',  ( 1.499999999999999778, -0.0004397307585684717560, 12.04997038082161964 ) ) ;
#1864 = CARTESIAN_POINT ( 'NONE',  ( 1.500000000000000222, -0.001562222111711477355, 9.949894772575051505 ) ) ;
#1865 = DIRECTION ( 'NONE',  ( -0.000000000000000000, -0.000000000000000000, -1.000000000000000000 ) ) ;
#1866 = STYLED_ITEM ( 'NONE', ( #481 ), #2182 ) ;
#1867 = CARTESIAN_POINT ( 'NONE',  ( 0.7500000000000006661, -1.299038105676657562, 9.133333333333334636 ) ) ;
#1868 = LINE ( 'NONE', #2458, #1408 ) ;
#1869 = EDGE_CURVE ( 'NONE', #2285, #426, #413, .T. ) ;
#1870 = ORIENTED_EDGE ( 'NONE', *, *, #2049, .F. ) ;
#1871 = DIRECTION ( 'NONE',  ( -1.000000000000000000, 0.000000000000000000, 0.000000000000000000 ) ) ;
#1872 = CARTESIAN_POINT ( 'NONE',  ( 1.499999999999999778, 0.8660254037844391517, 17.44583333415269166 ) ) ;
#1873 = ORIENTED_EDGE ( 'NONE', *, *, #657, .F. ) ;
#1874 = CARTESIAN_POINT ( 'NONE',  ( 1.412286046763525871, 0.3794389144898982491, 12.54502508428596563 ) ) ;
#1875 = FACE_OUTER_BOUND ( 'NONE', #2562, .T. ) ;
#1876 = CARTESIAN_POINT ( 'NONE',  ( -1.498843649208455808, 0.8666930232252140209, 13.74157672827177201 ) ) ;
#1877 = VECTOR ( 'NONE', #184, 1000.000000000000000 ) ;
#1878 = DIRECTION ( 'NONE',  ( -0.000000000000000000, -0.000000000000000000, -1.000000000000000000 ) ) ;
#1879 = CARTESIAN_POINT ( 'NONE',  ( 0.000000000000000000, 0.000000000000000000, 18.00000000000000355 ) ) ;
#1880 = CARTESIAN_POINT ( 'NONE',  ( 1.412284796169105627, 0.3794456491047692448, 17.44549633793151600 ) ) ;
#1881 = CARTESIAN_POINT ( 'NONE',  ( 1.412234290103357770, -0.3796315023392200505, 17.38715676304653357 ) ) ;
#1882 = ORIENTED_EDGE ( 'NONE', *, *, #1055, .T. ) ;
#1883 = CARTESIAN_POINT ( 'NONE',  ( 0.7500000000000006661, -1.299038105676657562, 17.53333333333333499 ) ) ;
#1884 = EDGE_CURVE ( 'NONE', #1428, #891, #2445, .T. ) ;
#1885 = CARTESIAN_POINT ( 'NONE',  ( 0.7500000000000006661, -1.299038105676657562, 9.133333333333334636 ) ) ;
#1886 = ORIENTED_EDGE ( 'NONE', *, *, #1782, .T. ) ;
#1887 = CLOSED_SHELL ( 'NONE', ( #2101, #2346, #2609, #1194, #161, #408, #2459, #2162, #1889, #991, #976, #2626, #2644, #1520, #221, #1305, #1979, #2126, #2332, #1598, #1241, #2548, #1682, #1135, #455, #441, #845, #1823, #1902, #601, #282, #2249, #1725, #1221, #1679, #58, #2064, #1043, #1560, #1430, #1740, #1632, #1854, #1995, #1476, #828 ) ) ;
#1888 = CARTESIAN_POINT ( 'NONE',  ( -1.412285956177903978, -0.3794392516522982484, 11.49492423829366139 ) ) ;
#1889 = ADVANCED_FACE ( 'NONE', ( #853 ), #209, .F. ) ;
#1890 = CYLINDRICAL_SURFACE ( 'NONE', #781, 1.500000000000000444 ) ;
#1891 = ORIENTED_EDGE ( 'NONE', *, *, #128, .T. ) ;
#1892 = CYLINDRICAL_SURFACE ( 'NONE', #103, 5.739999999999999325 ) ;
#1893 = CARTESIAN_POINT ( 'NONE',  ( 0.000000000000000000, 0.000000000000000000, 22.10121933088197821 ) ) ;
#1894 = DIRECTION ( 'NONE',  ( -0.000000000000000000, -0.000000000000000000, -1.000000000000000000 ) ) ;
#1895 = CARTESIAN_POINT ( 'NONE',  ( 5.690958649859330976, 0.7532247399701310631, 5.640804936511108814 ) ) ;
#1896 = ORIENTED_EDGE ( 'NONE', *, *, #1697, .T. ) ;
#1897 = CARTESIAN_POINT ( 'NONE',  ( 3.181725716174720005E-16, -1.732050807568877193, 17.47500000000000142 ) ) ;
#1898 =( BOUNDED_CURVE ( )  B_SPLINE_CURVE ( 2, ( #748, #165, #1617, #2010, #1586, #1394, #368, #2039, #1183 ),
 .UNSPECIFIED., .F., .F. ) 
 B_SPLINE_CURVE_WITH_KNOTS ( ( 3, 2, 2, 2, 3 ),
 ( 0.8249848149432298383, 0.8249916733168398686, 0.8366588950957172255, 0.8483261168745945824, 0.8599777567821283997 ),
 .UNSPECIFIED. ) 
 CURVE ( )  GEOMETRIC_REPRESENTATION_ITEM ( )  RATIONAL_B_SPLINE_CURVE ( ( 0.9998425833118171902, 0.9999212453613626206, 1.000000000000000000, 0.8660254037844387076, 1.000000000000000000, 0.8660254037844387076, 1.000000000000000000, 0.8662043302642032927, 0.9996426249621972460 ) ) 
 REPRESENTATION_ITEM ( '' )  );
#1899 = CARTESIAN_POINT ( 'NONE',  ( -0.7499999999999988898, -1.299038105676658672, 12.25416666748602523 ) ) ;
#1900 = ORIENTED_EDGE ( 'NONE', *, *, #2536, .T. ) ;
#1901 = CARTESIAN_POINT ( 'NONE',  ( 1.474999417374909250, 0.0008844853288998662851, 12.50174071044782309 ) ) ;
#1902 = ADVANCED_FACE ( 'NONE', ( #827 ), #634, .F. ) ;
#1903 = CARTESIAN_POINT ( 'NONE',  ( 1.474999869795375895, -0.0003963830669403712041, 12.04363551952346967 ) ) ;
#1904 = VERTEX_POINT ( 'NONE', #2485 ) ;
#1905 = CARTESIAN_POINT ( 'NONE',  ( 0.3796293110725408870, 1.412234879149578459, 10.56150126408005185 ) ) ;
#1906 = CARTESIAN_POINT ( 'NONE',  ( 1.474999397852348570, 0.0008991893200140237434, 17.40197706335203520 ) ) ;
#1907 = CARTESIAN_POINT ( 'NONE',  ( -0.8910133384621223840, 1.159577939767230781, 16.26413224718656636 ) ) ;
#1908 = CARTESIAN_POINT ( 'NONE',  ( -1.498022214490234427, 0.8671672787809008298, 8.141512838904796823 ) ) ;
#1909 = CARTESIAN_POINT ( 'NONE',  ( -1.499999999999999778, -0.8660254037844394848, 14.29583333415269486 ) ) ;
#1910 = ORIENTED_EDGE ( 'NONE', *, *, #1170, .F. ) ;
#1911 = CARTESIAN_POINT ( 'NONE',  ( 0.7301628784637945735, -1.267039043843962709, 8.898841591263128237 ) ) ;
#1912 = CARTESIAN_POINT ( 'NONE',  ( 0.000000000000000000, 0.000000000000000000, 0.000000000000000000 ) ) ;
#1913 = ORIENTED_EDGE ( 'NONE', *, *, #1207, .T. ) ;
#1914 = EDGE_CURVE ( 'NONE', #247, #2003, #220, .T. ) ;
#1915 = CARTESIAN_POINT ( 'NONE',  ( -19.50000000000000355, 1.836970198721030181E-16, 5.839946296394552760 ) ) ;
#1916 = CARTESIAN_POINT ( 'NONE',  ( 5.739999999999999325, -0.09815657152013673725, 5.839946296394553649 ) ) ;
#1917 = CARTESIAN_POINT ( 'NONE',  ( -1.060575238724906915E-16, 1.732050807568877193, 12.92500000000000249 ) ) ;
#1918 = CARTESIAN_POINT ( 'NONE',  ( -0.7500000000000002220, 1.299038105676658006, 10.18333333333333535 ) ) ;
#1919 = CARTESIAN_POINT ( 'NONE',  ( 1.500000000000000444, -0.8660254037844380415, 17.59166666666666856 ) ) ;
#1920 = AXIS2_PLACEMENT_3D ( 'NONE', #1208, #2671, #1405 ) ;
#1921 = CARTESIAN_POINT ( 'NONE',  ( -1.499999999999999778, 0.001002468318378786074, 17.29993247620876318 ) ) ;
#1922 = CARTESIAN_POINT ( 'NONE',  ( -1.500000000000000222, 0.8660254037844384856, 13.47916666748602488 ) ) ;
#1923 = VERTEX_POINT ( 'NONE', #2508 ) ;
#1924 = CARTESIAN_POINT ( 'NONE',  ( 0.3226084247358024237, 1.413656183196530858, 7.833666207438318096 ) ) ;
#1925 = VERTEX_POINT ( 'NONE', #645 ) ;
#1926 = CARTESIAN_POINT ( 'NONE',  ( -0.7301623742735195988, 1.267039334396250050, 10.64900966791296177 ) ) ;
#1927 = CARTESIAN_POINT ( 'NONE',  ( 1.412286288301372483, 0.3794380154756561985, 15.34529400693885925 ) ) ;
#1928 = CARTESIAN_POINT ( 'NONE',  ( -1.060575238724906915E-16, 1.732050807568877193, 16.42500000000000071 ) ) ;
#1929 = EDGE_CURVE ( 'NONE', #1689, #2670, #2347, .T. ) ;
#1930 = CYLINDRICAL_SURFACE ( 'NONE', #1369, 1.449999999999999956 ) ;
#1931 = CARTESIAN_POINT ( 'NONE',  ( -1.500000000000000000, 0.000000000000000000, 14.93750000081935703 ) ) ;
#1932 = ORIENTED_EDGE ( 'NONE', *, *, #1761, .T. ) ;
#1933 = VERTEX_POINT ( 'NONE', #658 ) ;
#1934 = CARTESIAN_POINT ( 'NONE',  ( 1.449986979391955311, -0.1899039949713348663, 16.70167426635254415 ) ) ;
#1935 = CARTESIAN_POINT ( 'NONE',  ( 1.474999425643015449, 0.0008781838631647275644, 10.40163941636691725 ) ) ;
#1936 = VERTEX_POINT ( 'NONE', #1370 ) ;
#1937 = CARTESIAN_POINT ( 'NONE',  ( -0.8911705374965809279, -1.159457131941385555, 10.16771344683313316 ) ) ;
#1938 = CARTESIAN_POINT ( 'NONE',  ( -1.060575238724906915E-16, 1.732050807568877193, 9.162500000819358448 ) ) ;
#1939 = CARTESIAN_POINT ( 'NONE',  ( -1.060575238724906915E-16, 1.732050807568877193, 17.12500000000000355 ) ) ;
#1940 = CARTESIAN_POINT ( 'NONE',  ( -1.499999999999999778, -0.8660254037844394848, 12.45833333333333570 ) ) ;
#1941 = CARTESIAN_POINT ( 'NONE',  ( 3.181725716174720005E-16, -1.732050807568877193, 9.774999999999998579 ) ) ;
#1942 = CARTESIAN_POINT ( 'NONE',  ( -1.499999999999999778, -0.8660254037844394848, 12.89583333415269095 ) ) ;
#1943 = EDGE_CURVE ( 'NONE', #1206, #1428, #373, .T. ) ;
#1944 =( GEOMETRIC_REPRESENTATION_CONTEXT ( 3 ) GLOBAL_UNCERTAINTY_ASSIGNED_CONTEXT ( ( #2054 ) ) GLOBAL_UNIT_ASSIGNED_CONTEXT ( ( #1963, #273, #1302 ) ) REPRESENTATION_CONTEXT ( 'NONE', 'WORKASPACE' ) );
#1945 = ORIENTED_EDGE ( 'NONE', *, *, #1492, .F. ) ;
#1946 = ORIENTED_EDGE ( 'NONE', *, *, #2586, .T. ) ;
#1947 = CARTESIAN_POINT ( 'NONE',  ( 1.110320726513136291, 0.9372485056696865380, 3.165208241013757196 ) ) ;
#1948 = CARTESIAN_POINT ( 'NONE',  ( 1.412234531737837306, -0.3796306034545792740, 14.58688784038601050 ) ) ;
#1949 = ORIENTED_EDGE ( 'NONE', *, *, #525, .T. ) ;
#1950 = CARTESIAN_POINT ( 'NONE',  ( -0.7500000000000002220, 1.299038105676658006, 14.38333333333333464 ) ) ;
#1951 = CARTESIAN_POINT ( 'NONE',  ( 1.267039305346564282, 0.7301624246829830911, 10.47399286024713838 ) ) ;
#1952 = CARTESIAN_POINT ( 'NONE',  ( 1.159577762537579826, 0.8910135691113308942, 15.38904820885539770 ) ) ;
#1953 = CARTESIAN_POINT ( 'NONE',  ( 0.7500000000000006661, -1.299038105676657562, 16.83333333333333570 ) ) ;
#1954 = CARTESIAN_POINT ( 'NONE',  ( -0.2609725974166616225, -1.427056766118892872, 4.802957963809950215 ) ) ;
#1955 = CARTESIAN_POINT ( 'NONE',  ( -1.474999303760857750, 0.0008072691232590612680, 17.28551507911581808 ) ) ;
#1956 = CARTESIAN_POINT ( 'NONE',  ( 0.7499999999999996669, 1.299038105676658228, 11.90416666748602559 ) ) ;
#1957 = VERTEX_POINT ( 'NONE', #2338 ) ;
#1958 = EDGE_CURVE ( 'NONE', #949, #1148, #1527, .T. ) ;
#1959 = ORIENTED_EDGE ( 'NONE', *, *, #922, .T. ) ;
#1960 = EDGE_CURVE ( 'NONE', #1441, #1957, #2637, .T. ) ;
#1961 = CARTESIAN_POINT ( 'NONE',  ( 1.159455820049662300, -0.8911722443306033803, 16.64333533046373503 ) ) ;
#1962 = CARTESIAN_POINT ( 'NONE',  ( -1.159457167403763034, 0.8911704913582508825, 9.992696639168180184 ) ) ;
#1963 =( LENGTH_UNIT ( ) NAMED_UNIT ( * ) SI_UNIT ( .MILLI., .METRE. ) );
#1964 = CARTESIAN_POINT ( 'NONE',  ( 0.000000000000000000, 0.000000000000000000, 0.000000000000000000 ) ) ;
#1965 = CARTESIAN_POINT ( 'NONE',  ( -1.500000000000000000, 0.000000000000000000, 14.50000000000000178 ) ) ;
#1966 = CARTESIAN_POINT ( 'NONE',  ( 0.7500000000000006661, -1.299038105676657562, 8.870833334152690597 ) ) ;
#1967 = CARTESIAN_POINT ( 'NONE',  ( -0.7500000000000002220, 1.299038105676658006, 13.68333333333333535 ) ) ;
#1968 = CARTESIAN_POINT ( 'NONE',  ( -0.7144797300136378482, -1.273226136895960980, 5.146167347939565317 ) ) ;
#1969 = PLANE ( 'NONE',  #1705 ) ;
#1970 = CARTESIAN_POINT ( 'NONE',  ( 0.8911702606602045496, 1.159457344720544292, 9.117612600844006820 ) ) ;
#1971 = CARTESIAN_POINT ( 'NONE',  ( -0.7499999999999988898, -1.299038105676658672, 11.55416666748602594 ) ) ;
#1972 = CARTESIAN_POINT ( 'NONE',  ( 1.412234652568285842, -0.3796301539616889764, 13.18675337905972533 ) ) ;
#1973 = CARTESIAN_POINT ( 'NONE',  ( 1.499999999999999778, 0.8660254037844391517, 12.80833333333333535 ) ) ;
#1974 = ORIENTED_EDGE ( 'NONE', *, *, #2322, .T. ) ;
#1975 = CARTESIAN_POINT ( 'NONE',  ( -0.3794402070423077977, 1.412285699492567437, 8.519638507989760967 ) ) ;
#1977 = ORIENTED_EDGE ( 'NONE', *, *, #617, .T. ) ;
#1976 = VECTOR ( 'NONE', #502, 1000.000000000000114 ) ;
#1978 =( BOUNDED_CURVE ( )  B_SPLINE_CURVE ( 2, ( #594, #1425, #1010, #1853, #808, #397, #446, #2491, #872 ),
 .UNSPECIFIED., .F., .F. ) 
 B_SPLINE_CURVE_WITH_KNOTS ( ( 3, 2, 2, 2, 3 ),
 ( 0.2999511115484074231, 0.2999666932673598074, 0.3116339150462557051, 0.3233011368251516027, 0.3349440765057625780 ),
 .UNSPECIFIED. ) 
 CURVE ( )  GEOMETRIC_REPRESENTATION_ITEM ( )  RATIONAL_B_SPLINE_CURVE ( ( 0.9996426284526607198, 0.9998210752701411907, 1.000000000000000000, 0.8660254037844387076, 1.000000000000000000, 0.8660254037844387076, 1.000000000000000000, 0.8663042348870487741, 0.9994434984145685874 ) ) 
 REPRESENTATION_ITEM ( '' )  );
#1979 = ADVANCED_FACE ( 'NONE', ( #472 ), #117, .F. ) ;
#1980 = SURFACE_STYLE_USAGE ( .BOTH. , #1758 ) ;
#1981 = DIRECTION ( 'NONE',  ( -0.5000000000000002220, 0.8660254037844384856, 0.000000000000000000 ) ) ;
#1982 = CARTESIAN_POINT ( 'NONE',  ( -1.500000000000000000, 0.000000000000000000, 16.60000000000000497 ) ) ;
#1983 = CARTESIAN_POINT ( 'NONE',  ( 1.500000000000000000, 1.836970198721029934E-16, 9.250000000000003553 ) ) ;
#1984 = CARTESIAN_POINT ( 'NONE',  ( 1.159456670957908830, -0.8911711372587409752, 12.44293194648102485 ) ) ;
#1985 = CARTESIAN_POINT ( 'NONE',  ( 1.500000000000000000, 1.836970198721029934E-16, 14.85000000000000142 ) ) ;
#1986 = LINE ( 'NONE', #2556, #1976 ) ;
#1987 = CARTESIAN_POINT ( 'NONE',  ( -5.540534445511184458, 1.500026019385529263, 4.438469839418523577 ) ) ;
#1988 = FACE_OUTER_BOUND ( 'NONE', #390, .T. ) ;
#1989 = CARTESIAN_POINT ( 'NONE',  ( 0.7499999999999996669, 1.299038105676658228, 10.50416666748602523 ) ) ;
#1990 = CARTESIAN_POINT ( 'NONE',  ( 6.928203230275509661, 2.578718702502464065E-15, 12.00000000000000000 ) ) ;
#1991 = CARTESIAN_POINT ( 'NONE',  ( -1.060575238724906915E-16, 1.732050807568877193, 12.92500000000000249 ) ) ;
#1992 = VERTEX_POINT ( 'NONE', #522 ) ;
#1993 = CARTESIAN_POINT ( 'NONE',  ( 1.450000000000005951, 0.2164435245623043680, 2.839946296394546543 ) ) ;
#1994 = DIRECTION ( 'NONE',  ( -1.000000000000000000, 0.000000000000000000, 0.000000000000000000 ) ) ;
#1995 = ADVANCED_FACE ( 'NONE', ( #1988 ), #1930, .F. ) ;
#1996 = CARTESIAN_POINT ( 'NONE',  ( 1.412234471325937379, -0.3796308281882433966, 15.28695507105015494 ) ) ;
#1997 = DIRECTION ( 'NONE',  ( -0.000000000000000000, -0.000000000000000000, -1.000000000000000000 ) ) ;
#1998 = CARTESIAN_POINT ( 'NONE',  ( -0.3796298730131606458, -1.412234728091561031, 12.31166934073202412 ) ) ;
#1999 = CARTESIAN_POINT ( 'NONE',  ( -1.274330559856371670, -0.6989071656387966236, 5.670841345288353708 ) ) ;
#2000 = CARTESIAN_POINT ( 'NONE',  ( -5.692709175019548873, 0.7573694940881836590, 5.649398021197527875 ) ) ;
#2001 = CARTESIAN_POINT ( 'NONE',  ( -1.500000000000000000, 0.000000000000000000, 15.90000000000000036 ) ) ;
#2002 = CARTESIAN_POINT ( 'NONE',  ( -0.1024478608677587832, 1.447263293564521769, 4.734666995910060017 ) ) ;
#2003 = VERTEX_POINT ( 'NONE', #55 ) ;
#2004 = CARTESIAN_POINT ( 'NONE',  ( 1.449999999999999956, 1.775737858763661670E-16, 18.00000000000000355 ) ) ;
#2005 = CARTESIAN_POINT ( 'NONE',  ( 1.500000000000000000, 1.836970198721029934E-16, 12.05000000000000249 ) ) ;
#2006 = ORIENTED_EDGE ( 'NONE', *, *, #359, .F. ) ;
#2007 = DIRECTION ( 'NONE',  ( -1.000000000000000000, 0.000000000000000000, 0.000000000000000000 ) ) ;
#2008 = CARTESIAN_POINT ( 'NONE',  ( -1.450012757166908806, -0.1897070683044095596, 10.78027227366221119 ) ) ;
#2009 = CARTESIAN_POINT ( 'NONE',  ( 1.474999433851904351, 0.0008718825423092257769, 8.301538122298412148 ) ) ;
#2010 = CARTESIAN_POINT ( 'NONE',  ( 1.499999999999999778, 0.8660254037844391517, 16.30833333333333357 ) ) ;
#2011 = CARTESIAN_POINT ( 'NONE',  ( 0.7500000000000006661, -1.299038105676657562, 12.63333333333333641 ) ) ;
#2012 = CARTESIAN_POINT ( 'NONE',  ( -5.543227944868978518, -1.490174790787727410, 4.142368277972725998 ) ) ;
#2013 = CARTESIAN_POINT ( 'NONE',  ( 3.464101615137752166, 6.000000000000003553, 12.00000000000000000 ) ) ;
#2014 = CARTESIAN_POINT ( 'NONE',  ( 0.1897063182565691952, -1.450012855296524128, 13.05549077331107632 ) ) ;
#2015 = EDGE_CURVE ( 'NONE', #1273, #2124, #2524, .T. ) ;
#2016 = CARTESIAN_POINT ( 'NONE',  ( -0.7301615676304045177, 1.267039799243689702, 13.44927859055812469 ) ) ;
#2017 = EDGE_LOOP ( 'NONE', ( #906, #858, #378, #1341 ) ) ;
#2018 = DIRECTION ( 'NONE',  ( -0.000000000000000000, -0.000000000000000000, -1.000000000000000000 ) ) ;
#2019 = B_SPLINE_CURVE_WITH_KNOTS ( 'NONE', 3,
 ( #226, #2290, #1250, #1058, #2051, #2125, #2526, #962, #1103, #880, #650, #466, #1717, #1483, #674, #1948, #2514, #1314 ),
 .UNSPECIFIED., .F., .F.,
 ( 4, 2, 2, 2, 2, 2, 2, 2, 4 ),
 ( 0.6499991006730990728, 0.6543741023306498539, 0.6587491039882006350, 0.6631241056457514160, 0.6674991073033020861, 0.6718741089608528672, 0.6762491106184036482, 0.6806241122759544293, 0.6849991139335052104 ),
 .UNSPECIFIED. ) ;
#2020 = CARTESIAN_POINT ( 'NONE',  ( 1.500000000000000000, 1.836970198721029934E-16, 12.75000000000000178 ) ) ;
#2021 = ORIENTED_EDGE ( 'NONE', *, *, #1207, .F. ) ;
#2022 = CARTESIAN_POINT ( 'NONE',  ( -0.8911714601794319401, -1.159456422757522143, 13.66804960014028580 ) ) ;
#2023 = CARTESIAN_POINT ( 'NONE',  ( 0.1897070105963361564, -1.450012764716930080, 10.95528908132657797 ) ) ;
#2024 = AXIS2_PLACEMENT_3D ( 'NONE', #1151, #995, #164 ) ;
#2025 = FACE_OUTER_BOUND ( 'NONE', #555, .T. ) ;
#2026 = CARTESIAN_POINT ( 'NONE',  ( -1.412234441120764350, 0.3796309405521322011, 15.63698868638245898 ) ) ;
#2027 = CARTESIAN_POINT ( 'NONE',  ( -1.449999999999999956, 0.000000000000000000, 0.000000000000000000 ) ) ;
#2028 = PLANE ( 'NONE',  #954 ) ;
#2029 = CARTESIAN_POINT ( 'NONE',  ( -0.5341385249947062652, 1.365373468968112958, 7.832080115867983139 ) ) ;
#2030 = CARTESIAN_POINT ( 'NONE',  ( -0.7499999999999988898, -1.299038105676658672, 11.81666666666666998 ) ) ;
#2031 = ORIENTED_EDGE ( 'NONE', *, *, #1287, .T. ) ;
#2032 = CARTESIAN_POINT ( 'NONE',  ( 1.474998355710294584, -0.001410603278453800890, 15.52739923390258170 ) ) ;
#2033 = EDGE_CURVE ( 'NONE', #36, #2092, #814, .T. ) ;
#2034 = CARTESIAN_POINT ( 'NONE',  ( -0.7499999999999988898, -1.299038105676658672, 12.51666666666666927 ) ) ;
#2035 = ORIENTED_EDGE ( 'NONE', *, *, #2263, .T. ) ;
#2036 = CARTESIAN_POINT ( 'NONE',  ( 0.3794385211547806613, -1.412286152440745068, 13.77014273794531718 ) ) ;
#2037 = CARTESIAN_POINT ( 'NONE',  ( -1.391328482065082195, 0.4217789323976431359, 5.783295822862254632 ) ) ;
#2038 = CYLINDRICAL_SURFACE ( 'NONE', #2024, 1.449999999999999956 ) ;
#2039 = CARTESIAN_POINT ( 'NONE',  ( -1.498843639964665631, 0.8666930285621188279, 16.54157672755280828 ) ) ;
#2040 = B_SPLINE_CURVE_WITH_KNOTS ( 'NONE', 3,
 ( #1126, #98, #2415, #1396, #520, #2401, #928, #1765, #970, #1555, #2383, #1351, #2189, #1987, #328, #83, #355, #1748, #957, #312, #2000, #115, #1781, #1798, #1572, #536 ),
 .UNSPECIFIED., .F., .F.,
 ( 4, 2, 2, 2, 2, 2, 2, 2, 2, 2, 2, 2, 4 ),
 ( 0.004710211481295822379, 0.005298828421949144246, 0.005593136892275804746, 0.005887445362602465246, 0.006181753832929126613, 0.006476062303255787113, 0.007064679243909108980, 0.007358987714235770347, 0.007653296184562433449, 0.008241913125215754449, 0.008830530065869077183, 0.009124838536195738550, 0.009419147006522399918 ),
 .UNSPECIFIED. ) ;
#2041 = SURFACE_STYLE_USAGE ( .BOTH. , #562 ) ;
#2042 = CARTESIAN_POINT ( 'NONE',  ( 1.449999999999999956, 1.775737858763661670E-16, 22.10121933088197821 ) ) ;
#2043 = CARTESIAN_POINT ( 'NONE',  ( 5.615170913366651639, 1.198765964565029485, 3.417541395442265983 ) ) ;
#2044 = ORIENTED_EDGE ( 'NONE', *, *, #111, .F. ) ;
#2045 = CARTESIAN_POINT ( 'NONE',  ( 1.267039886393961368, 0.7301614163997048879, 13.97432901355540480 ) ) ;
#2046 = CARTESIAN_POINT ( 'NONE',  ( 3.181725716174720005E-16, -1.732050807568877193, 16.51250000081935809 ) ) ;
#2047 = ORIENTED_EDGE ( 'NONE', *, *, #1869, .F. ) ;
#2048 = FACE_OUTER_BOUND ( 'NONE', #2419, .T. ) ;
#2049 = EDGE_CURVE ( 'NONE', #1027, #2499, #188, .T. ) ;
#2050 = CARTESIAN_POINT ( 'NONE',  ( 1.449987221163827389, -0.1899021489426576947, 11.10113642104688836 ) ) ;
#2051 = CARTESIAN_POINT ( 'NONE',  ( -1.159577549851705580, -0.8910138459036385239, 14.33894736285928673 ) ) ;
#2052 = CARTESIAN_POINT ( 'NONE',  ( -1.474999301707385024, 0.0008115784871408253734, 11.68551473844282462 ) ) ;
#2053 = CARTESIAN_POINT ( 'NONE',  ( -1.449999999999999956, 0.000000000000000000, 22.10121933088197821 ) ) ;
#2054 = UNCERTAINTY_MEASURE_WITH_UNIT (LENGTH_MEASURE( 1.000000000000000082E-05 ), #1963, 'distance_accuracy_value', 'NONE');
#2055 = CARTESIAN_POINT ( 'NONE',  ( -1.474999404861707886, -0.0008939378023679723324, 15.65189265159265908 ) ) ;
#2056 = CARTESIAN_POINT ( 'NONE',  ( 1.499999999999999778, 0.8660254037844391517, 14.90833333333333677 ) ) ;
#2057 = ORIENTED_EDGE ( 'NONE', *, *, #2178, .F. ) ;
#2058 = CARTESIAN_POINT ( 'NONE',  ( 0.1134842919771787417, -1.446443623874335893, 3.942169981836208592 ) ) ;
#2059 = CARTESIAN_POINT ( 'NONE',  ( 0.7499999999999996669, 1.299038105676658228, 8.666666666666669627 ) ) ;
#2060 = ORIENTED_EDGE ( 'NONE', *, *, #509, .T. ) ;
#2061 = CARTESIAN_POINT ( 'NONE',  ( -1.223919526072747122, 0.7830907416671458732, 3.057299994617571848 ) ) ;
#2062 = DIRECTION ( 'NONE',  ( -0.000000000000000000, -0.000000000000000000, -1.000000000000000000 ) ) ;
#2063 = FACE_OUTER_BOUND ( 'NONE', #755, .T. ) ;
#2064 = ADVANCED_FACE ( 'NONE', ( #1634 ), #2028, .F. ) ;
#2065 = CARTESIAN_POINT ( 'NONE',  ( -0.7500000000000002220, 1.299038105676658006, 13.68333333333333535 ) ) ;
#2066 = CARTESIAN_POINT ( 'NONE',  ( 3.464101615137754830, -6.000000000000003553, 18.00000000000000355 ) ) ;
#2067 = CARTESIAN_POINT ( 'NONE',  ( -1.499999999999999778, -0.8660254037844394848, 15.25833333333333464 ) ) ;
#2068 = CARTESIAN_POINT ( 'NONE',  ( 1.450013044258838146, 0.1897090340341437420, 17.43091128446117821 ) ) ;
#2069 = CARTESIAN_POINT ( 'NONE',  ( 0.3794373974861322552, -1.412286454336023400, 17.27047889126926705 ) ) ;
#2070 = B_SPLINE_CURVE_WITH_KNOTS ( 'NONE', 3,
 ( #2388, #2622, #985, #2029, #1605, #2417, #1398, #2431, #1355, #357 ),
 .UNSPECIFIED., .F., .F.,
 ( 4, 2, 2, 2, 4 ),
 ( 0.000000000000000000, 0.004999715497117988329, 0.009999430994235976658, 0.01499914649135396585, 0.01999886198847195332 ),
 .UNSPECIFIED. ) ;
#2071 = ORIENTED_EDGE ( 'NONE', *, *, #543, .F. ) ;
#2072 = CARTESIAN_POINT ( 'NONE',  ( -0.7090076266873133193, -1.276406635178095827, 3.538729048288816958 ) ) ;
#2073 = CARTESIAN_POINT ( 'NONE',  ( 1.499999999999999778, 0.8660254037844391517, 16.04583333415268953 ) ) ;
#2074 = ORIENTED_EDGE ( 'NONE', *, *, #1884, .T. ) ;
#2075 = B_SPLINE_CURVE_WITH_KNOTS ( 'NONE', 3,
 ( #1104, #1743, #2599, #700, #2363, #1328, #2166, #287, #2583, #1729, #1361, #688, #1345, #1962, #1550, #2551, #90, #713 ),
 .UNSPECIFIED., .F., .F.,
 ( 4, 2, 2, 2, 2, 2, 2, 2, 4 ),
 ( 0.1949989282892453935, 0.1993739299467711112, 0.2037489316042968290, 0.2081239332618225468, 0.2124989349193482646, 0.2168739365768739824, 0.2212489382343997002, 0.2256239398919254180, 0.2299989415494511358 ),
 .UNSPECIFIED. ) ;
#2076 = CARTESIAN_POINT ( 'NONE',  ( 1.412234592151850654, -0.3796303787129108875, 13.88682060972249488 ) ) ;
#2077 = CARTESIAN_POINT ( 'NONE',  ( 0.000000000000000000, 0.000000000000000000, 22.10121933088197821 ) ) ;
#2078 = CYLINDRICAL_SURFACE ( 'NONE', #582, 1.449999999999999956 ) ;
#2079 = CARTESIAN_POINT ( 'NONE',  ( -1.474999304409551515, 0.0008057808854523029231, 14.48551520092319933 ) ) ;
#2080 = EDGE_CURVE ( 'NONE', #616, #1040, #651, .T. ) ;
#2081 = CARTESIAN_POINT ( 'NONE',  ( 1.450012862845659667, 0.1897062605559344806, 13.23050758097600976 ) ) ;
#2082 = FACE_OUTER_BOUND ( 'NONE', #1090, .T. ) ;
#2083 = CARTESIAN_POINT ( 'NONE',  ( 5.720067572136304790, 0.4864807762660749435, 2.917657807070118903 ) ) ;
#2084 = EDGE_CURVE ( 'NONE', #1739, #1001, #2256, .T. ) ;
#2085 = VERTEX_POINT ( 'NONE', #166 ) ;
#2086 = CARTESIAN_POINT ( 'NONE',  ( -19.50000000000000355, 0.000000000000000000, 2.839946296394551428 ) ) ;
#2087 =( BOUNDED_CURVE ( )  B_SPLINE_CURVE ( 2, ( #1630, #2633, #2230, #1841, #982, #1409, #339, #1424, #326 ),
 .UNSPECIFIED., .F., .T. ) 
 B_SPLINE_CURVE_WITH_KNOTS ( ( 3, 2, 2, 2, 3 ),
 ( 0.05493065369983807927, 0.05495503591093518075, 0.06662225768982860119, 0.07828947946872188979, 0.08994111949695857144 ),
 .UNSPECIFIED. ) 
 CURVE ( )  GEOMETRIC_REPRESENTATION_ITEM ( )  RATIONAL_B_SPLINE_CURVE ( ( 0.9994412088156214846, 0.9997200193029255333, 1.000000000000000000, 0.8660254037844387076, 1.000000000000000000, 0.8660254037844387076, 1.000000000000000000, 0.8662043288783568551, 0.9996426277264868210 ) ) 
 REPRESENTATION_ITEM ( '' )  );
#2088 = CARTESIAN_POINT ( 'NONE',  ( 1.500000000000000000, 1.836970198721029934E-16, 8.550000000000002487 ) ) ;
#2089 = VERTEX_POINT ( 'NONE', #329 ) ;
#2090 = CARTESIAN_POINT ( 'NONE',  ( -0.7303329339023686417, -1.266941029949440800, 11.58243264212627643 ) ) ;
#2091 = CARTESIAN_POINT ( 'NONE',  ( -1.474999399257500343, -0.0008981390255823606126, 17.05196018100070532 ) ) ;
#2092 = VERTEX_POINT ( 'NONE', #549 ) ;
#2093 = AXIS2_PLACEMENT_3D ( 'NONE', #2641, #1846, #375 ) ;
#2094 = DIRECTION ( 'NONE',  ( 0.000000000000000000, 0.000000000000000000, 1.000000000000000000 ) ) ;
#2095 = CARTESIAN_POINT ( 'NONE',  ( -1.500000000000000000, 0.000000000000000000, 11.70000000000000284 ) ) ;
#2096 = DIRECTION ( 'NONE',  ( 0.000000000000000000, -1.000000000000000000, 0.000000000000000000 ) ) ;
#2097 = CARTESIAN_POINT ( 'NONE',  ( 1.500000000000000000, 1.836970198721029934E-16, 14.85000000000000142 ) ) ;
#2098 = ORIENTED_EDGE ( 'NONE', *, *, #69, .F. ) ;
#2099 = CARTESIAN_POINT ( 'NONE',  ( -1.474999303760857750, 0.0008072691232590612680, 17.28551507911581808 ) ) ;
#2100 = CARTESIAN_POINT ( 'NONE',  ( 0.9970064246440454303, 1.311048783049575839, 7.947455055861019524 ) ) ;
#2101 = ADVANCED_FACE ( 'NONE', ( #2680 ), #1171, .F. ) ;
#2102 = ORIENTED_EDGE ( 'NONE', *, *, #1153, .T. ) ;
#2103 = VECTOR ( 'NONE', #805, 1000.000000000000000 ) ;
#2104 = CARTESIAN_POINT ( 'NONE',  ( 0.1897067797996989935, -1.450012794912452385, 11.65535631198679489 ) ) ;
#2105 = CARTESIAN_POINT ( 'NONE',  ( 0.000000000000000000, 0.000000000000000000, 0.000000000000000000 ) ) ;
#2106 = CARTESIAN_POINT ( 'NONE',  ( -1.474999424269098025, -0.0008792341176216240343, 10.75165629871433026 ) ) ;
#2107 = DIRECTION ( 'NONE',  ( -0.000000000000000000, -0.000000000000000000, -1.000000000000000000 ) ) ;
#2108 = CARTESIAN_POINT ( 'NONE',  ( 0.1898585465524346150, 1.449993475301164514, 17.57676181916451341 ) ) ;
#2109 = CARTESIAN_POINT ( 'NONE',  ( 1.500000000000000444, -0.8660254037844380415, 15.49166666666666892 ) ) ;
#2110 = AXIS2_PLACEMENT_3D ( 'NONE', #1604, #2430, #1201 ) ;
#2111 = DIRECTION ( 'NONE',  ( 0.000000000000000000, -0.000000000000000000, 1.000000000000000000 ) ) ;
#2112 = CARTESIAN_POINT ( 'NONE',  ( 1.500000000000000000, 1.836970198721029934E-16, 15.28750000081935667 ) ) ;
#2113 = VERTEX_POINT ( 'NONE', #2013 ) ;
#2114 = EDGE_CURVE ( 'NONE', #529, #1076, #178, .T. ) ;
#2115 = CARTESIAN_POINT ( 'NONE',  ( -1.450012666579287179, -0.1897077607036223579, 8.680070581682288733 ) ) ;
#2116 = DIRECTION ( 'NONE',  ( 1.000000000000000000, 0.000000000000000000, -0.000000000000000000 ) ) ;
#2117 = ORIENTED_EDGE ( 'NONE', *, *, #2033, .T. ) ;
#2118 = CARTESIAN_POINT ( 'NONE',  ( 0.000000000000000000, 0.000000000000000000, 22.10121933088197821 ) ) ;
#2119 = CARTESIAN_POINT ( 'NONE',  ( 0.000000000000000000, 0.000000000000000000, 12.00000000000000000 ) ) ;
#2120 = CARTESIAN_POINT ( 'NONE',  ( -1.159577833430356142, -0.8910134768504723857, 15.73908182418775503 ) ) ;
#2121 = DIRECTION ( 'NONE',  ( -0.000000000000000000, -0.000000000000000000, -1.000000000000000000 ) ) ;
#2122 = PLANE ( 'NONE',  #649 ) ;
#2123 = CARTESIAN_POINT ( 'NONE',  ( 1.499999999999999778, 0.8660254037844391517, 14.64583333415269273 ) ) ;
#2124 = VERTEX_POINT ( 'NONE', #1590 ) ;
#2125 = CARTESIAN_POINT ( 'NONE',  ( -0.8911716446962553162, -1.159456280935787120, 14.36811683080360247 ) ) ;
#2126 = ADVANCED_FACE ( 'NONE', ( #141 ), #2636, .F. ) ;
#2127 = DIRECTION ( 'NONE',  ( 1.000000000000000000, 0.000000000000000000, 0.000000000000000000 ) ) ;
#2128 = CARTESIAN_POINT ( 'NONE',  ( 0.8910154608178681990, -1.159576308957293245, 8.213359094576787811 ) ) ;
#2129 = CARTESIAN_POINT ( 'NONE',  ( -0.2402013110711791744, 1.593370515962231115, 7.781182325013781487 ) ) ;
#2130 = CARTESIAN_POINT ( 'NONE',  ( 3.181725716174720005E-16, -1.732050807568877193, 16.77500000000000213 ) ) ;
#2131 = AXIS2_PLACEMENT_3D ( 'NONE', #2497, #1283, #1295 ) ;
#2132 = CARTESIAN_POINT ( 'NONE',  ( -1.266940594077341053, 0.7303336900287416000, 14.20768475710986500 ) ) ;
#2133 = CARTESIAN_POINT ( 'NONE',  ( 3.181725716174720005E-16, -1.732050807568877193, 13.01250000081935809 ) ) ;
#2134 = ORIENTED_EDGE ( 'NONE', *, *, #642, .F. ) ;
#2135 = CIRCLE ( 'NONE', #1622, 5.739999999999999325 ) ;
#2136 = CARTESIAN_POINT ( 'NONE',  ( 1.450012651479875236, 0.1897078761143617676, 8.330036966353137728 ) ) ;
#2137 = FACE_OUTER_BOUND ( 'NONE', #1234, .T. ) ;
#2138 = ORIENTED_EDGE ( 'NONE', *, *, #2489, .F. ) ;
#2139 = B_SPLINE_CURVE_WITH_KNOTS ( 'NONE', 3,
 ( #1901, #1456, #1874, #279, #443, #212, #2686, #2500, #1045, #820, #16, #1274, #1861, #648, #1652, #3, #235, #2276 ),
 .UNSPECIFIED., .F., .F.,
 ( 4, 2, 2, 2, 2, 2, 2, 2, 4 ),
 ( 0.4749990343713026419, 0.4793740360288621383, 0.4837490376864216346, 0.4881240393439811309, 0.4924990410015406272, 0.4968740426591001236, 0.5012490443166596199, 0.5056240459742190607, 0.5099990476317786126 ),
 .UNSPECIFIED. ) ;
#2140 = CARTESIAN_POINT ( 'NONE',  ( -1.159576698994293498, -0.8910149532197465527, 10.13854397888897374 ) ) ;
#2141 = EDGE_CURVE ( 'NONE', #1051, #48, #2468, .T. ) ;
#2142 = CYLINDRICAL_SURFACE ( 'NONE', #358, 1.449999999999999956 ) ;
#2143 = CARTESIAN_POINT ( 'NONE',  ( -0.7500000000000002220, 1.299038105676658006, 16.48333333333333428 ) ) ;
#2144 = CARTESIAN_POINT ( 'NONE',  ( -1.500000000000000000, 0.001006993844343291762, 12.39993217138050419 ) ) ;
#2145 = CARTESIAN_POINT ( 'NONE',  ( 3.181725716174720005E-16, -1.732050807568877193, 13.27500000000000213 ) ) ;
#2146 = CARTESIAN_POINT ( 'NONE',  ( 1.500000000000000444, -0.8660254037844380415, 15.22916666748602488 ) ) ;
#2147 = ORIENTED_EDGE ( 'NONE', *, *, #1320, .F. ) ;
#2148 = CARTESIAN_POINT ( 'NONE',  ( 0.3796295358597445713, 1.412234818723402174, 11.26156849473997568 ) ) ;
#2149 = ORIENTED_EDGE ( 'NONE', *, *, #1115, .F. ) ;
#2150 = CARTESIAN_POINT ( 'NONE',  ( -1.449987326959783385, 0.1899013411420293618, 8.650901113738187931 ) ) ;
#2151 = FACE_BOUND ( 'NONE', #743, .T. ) ;
#2152 = CARTESIAN_POINT ( 'NONE',  ( 5.540530162620799892, -1.500041839076574846, 4.437623618385895696 ) ) ;
#2153 = CARTESIAN_POINT ( 'NONE',  ( -1.159457025565623134, 0.8911706758969090147, 10.69276386982942562 ) ) ;
#2154 = CARTESIAN_POINT ( 'NONE',  ( 1.500000000000000000, 1.836970198721029934E-16, 8.287500000819358448 ) ) ;
#2155 = CARTESIAN_POINT ( 'NONE',  ( 1.449999999999999956, 1.775737858763661670E-16, 22.10121933088197821 ) ) ;
#2156 = FACE_OUTER_BOUND ( 'NONE', #961, .T. ) ;
#2157 = CARTESIAN_POINT ( 'NONE',  ( 1.449987311845295501, -0.1899014565484252459, 9.000934729067518347 ) ) ;
#2158 = CARTESIAN_POINT ( 'NONE',  ( 1.474998357006201299, -0.001410046487882027182, 9.927408132390899809 ) ) ;
#2159 = CARTESIAN_POINT ( 'NONE',  ( 1.499999999999999778, 0.8660254037844391517, 11.84583333415269202 ) ) ;
#2160 = AXIS2_PLACEMENT_3D ( 'NONE', #2118, #19, #1655 ) ;
#2161 = ORIENTED_EDGE ( 'NONE', *, *, #2293, .T. ) ;
#2162 = ADVANCED_FACE ( 'NONE', ( #1411 ), #1855, .F. ) ;
#2163 = ORIENTED_EDGE ( 'NONE', *, *, #1806, .F. ) ;
#2164 = ORIENTED_EDGE ( 'NONE', *, *, #503, .F. ) ;
#2165 = CARTESIAN_POINT ( 'NONE',  ( -1.449999999999999956, 7.438997730306917380E-16, 5.839946296394552760 ) ) ;
#2166 = CARTESIAN_POINT ( 'NONE',  ( 0.7303324297636302198, 1.266941320561933759, 9.832264565475332674 ) ) ;
#2167 = CARTESIAN_POINT ( 'NONE',  ( -0.3796285242896040302, -1.412235090647869118, 8.111265956772482966 ) ) ;
#2168 = CARTESIAN_POINT ( 'NONE',  ( -1.500000000000000222, 0.8660254037844384856, 9.279166667486023812 ) ) ;
#2169 = CARTESIAN_POINT ( 'NONE',  ( -0.7499999999999988898, -1.299038105676658672, 14.61666666666666892 ) ) ;
#2170 = CARTESIAN_POINT ( 'NONE',  ( 0.000000000000000000, 0.000000000000000000, 22.10121933088197821 ) ) ;
#2171 = CARTESIAN_POINT ( 'NONE',  ( -5.654254704909639884, -0.9909573634796771113, 3.209617350939786729 ) ) ;
#2172 = CARTESIAN_POINT ( 'NONE',  ( 0.3796288614980944942, 1.412235000001505369, 9.161366802760193551 ) ) ;
#2173 = CARTESIAN_POINT ( 'NONE',  ( -0.3796289738968038896, -1.412234969787140137, 9.511400418089756670 ) ) ;
#2174 = CARTESIAN_POINT ( 'NONE',  ( -1.500000000000000222, 0.8660254037844384856, 10.67916666748602417 ) ) ;
#2175 = CARTESIAN_POINT ( 'NONE',  ( 1.113836622984712976, 0.9330519511685415601, 5.518010318412285287 ) ) ;
#2176 = VECTOR ( 'NONE', #11, 1000.000000000000000 ) ;
#2177 = VERTEX_POINT ( 'NONE', #2055 ) ;
#2178 = EDGE_CURVE ( 'NONE', #1086, #1754, #1686, .T. ) ;
#2179 = CARTESIAN_POINT ( 'NONE',  ( -1.500000000000000222, 0.8660254037844384856, 10.94166666666666998 ) ) ;
#2180 = ORIENTED_EDGE ( 'NONE', *, *, #128, .F. ) ;
#2181 = CARTESIAN_POINT ( 'NONE',  ( 0.3794376221977626140, -1.412286393963060993, 16.57041166060272985 ) ) ;
#2182 = ADVANCED_BREP_SHAPE_REPRESENTATION ( 'HEX COUPLER', ( #2502, #1286 ), #1548 ) ;
#2183 = CARTESIAN_POINT ( 'NONE',  ( 5.654036754145167265, -0.9921567868384736366, 3.210739022993470915 ) ) ;
#2184 = CARTESIAN_POINT ( 'NONE',  ( 1.159457096479213467, -0.8911705836346257570, 10.34273025449811989 ) ) ;
#2185 = CARTESIAN_POINT ( 'NONE',  ( 0.7301610635438725572, -1.267040089735373520, 15.19944666721711890 ) ) ;
#2186 = CARTESIAN_POINT ( 'NONE',  ( -0.7500000000000002220, 1.299038105676658006, 7.820833334152690774 ) ) ;
#2187 = CARTESIAN_POINT ( 'NONE',  ( 3.181725716174720005E-16, -1.732050807568877193, 14.67500000000000071 ) ) ;
#2188 = CARTESIAN_POINT ( 'NONE',  ( -1.412234501531622888, 0.3796307158224135891, 14.93692145571800545 ) ) ;
#2189 = CARTESIAN_POINT ( 'NONE',  ( -5.540555620639804779, 1.499947804930167772, 4.141713171161806706 ) ) ;
#2190 = CARTESIAN_POINT ( 'NONE',  ( 0.7303322280954210877, 1.266941436814176036, 9.132197334816071432 ) ) ;
#2191 = CARTESIAN_POINT ( 'NONE',  ( -1.474999429754862756, -0.0008750331835612062698, 9.351588769331039330 ) ) ;
#2192 = CARTESIAN_POINT ( 'NONE',  ( -0.7500000000000002220, 1.299038105676658006, 12.02083333415269095 ) ) ;
#2193 = CARTESIAN_POINT ( 'NONE',  ( 1.266940768420570684, -0.7303333875878438297, 13.15758391111558190 ) ) ;
#2194 = CARTESIAN_POINT ( 'NONE',  ( -0.7500000000000002220, 1.299038105676658006, 12.98333333333333606 ) ) ;
#2195 = EDGE_LOOP ( 'NONE', ( #879, #1723, #1607, #830 ) ) ;
#2196 = EDGE_CURVE ( 'NONE', #1726, #2670, #1840, .T. ) ;
#2197 = CARTESIAN_POINT ( 'NONE',  ( 1.159455961855120343, -0.8911720598351493550, 15.94326809979836490 ) ) ;
#2199 = CARTESIAN_POINT ( 'NONE',  ( 5.551726772713760916, -1.460099775868852312, 3.944676932546646864 ) ) ;
#2198 = AXIS2_PLACEMENT_3D ( 'NONE', #370, #580, #958 ) ;
#2200 = CARTESIAN_POINT ( 'NONE',  ( -1.267039363448920763, -0.7301623238584615816, 10.82402647557830022 ) ) ;
#2201 = CARTESIAN_POINT ( 'NONE',  ( -1.474999407653935224, -0.0008918372243540888342, 14.95185888689138132 ) ) ;
#2202 = CARTESIAN_POINT ( 'NONE',  ( -1.474997715385344632, 0.002401701887934766955, 8.185402760822425350 ) ) ;
#2203 = B_SPLINE_CURVE_WITH_KNOTS ( 'NONE', 3,
 ( #480, #2378, #936, #921, #1315, #514, #1757, #729, #2183, #2393, #1137, #2199, #320, #2152, #1519, #2345, #272, #1670, #595, #2677, #809, #191, #1656, #2480, #622, #676, #1916, #259 ),
 .UNSPECIFIED., .F., .F.,
 ( 4, 2, 2, 2, 2, 2, 2, 2, 2, 2, 2, 2, 2, 4 ),
 ( 2.016581368239642948E-19, 0.0002943882175809901455, 0.0005887764351619800742, 0.0008831646527429700029, 0.001177552870323959932, 0.001766329305485939355, 0.002355105740647918996, 0.002649493958228907407, 0.002943882175809895817, 0.003532658610971872205, 0.003827046828552860182, 0.004121435046133848160, 0.004415823263714835703, 0.004710211481295823246 ),
 .UNSPECIFIED. ) ;
#2204 = CARTESIAN_POINT ( 'NONE',  ( 0.04828481606530161258, -1.450203736845152580, 4.723234475332542814 ) ) ;
#2205 = CARTESIAN_POINT ( 'NONE',  ( 1.499490968303520910, -0.8663192933714266575, 16.19162707531249978 ) ) ;
#2206 = CARTESIAN_POINT ( 'NONE',  ( 1.159456529129443636, -0.8911713217842829327, 13.14299917714350840 ) ) ;
#2207 = ORIENTED_EDGE ( 'NONE', *, *, #2443, .F. ) ;
#2208 = LINE ( 'NONE', #2344, #1437 ) ;
#2209 = CARTESIAN_POINT ( 'NONE',  ( -1.500000000000000222, 0.8660254037844384856, 13.04166666666666785 ) ) ;
#2210 = ORIENTED_EDGE ( 'NONE', *, *, #2277, .F. ) ;
#2211 = COLOUR_RGB ( '',0.7921568627450980005, 0.8196078431372548767, 0.9333333333333333481 ) ;
#2212 = CARTESIAN_POINT ( 'NONE',  ( -0.1134156712458056354, 1.446449420613569181, 3.942191125256357509 ) ) ;
#2213 = CARTESIAN_POINT ( 'NONE',  ( -1.474999424269098025, -0.0008792341176216240343, 10.75165629871433026 ) ) ;
#2214 = CARTESIAN_POINT ( 'NONE',  ( -1.412286258111087323, -0.3794381278452713668, 14.99526039160668667 ) ) ;
#2215 = EDGE_CURVE ( 'NONE', #1162, #727, #293, .T. ) ;
#2216 = LINE ( 'NONE', #1777, #217 ) ;
#2217 = CARTESIAN_POINT ( 'NONE',  ( -1.412286016568458757, -0.3794390268765575613, 12.19499146895513242 ) ) ;
#2218 = CARTESIAN_POINT ( 'NONE',  ( -5.588991653700334794, -1.310241889586419406, 5.095853312013543857 ) ) ;
#2219 = CARTESIAN_POINT ( 'NONE',  ( 1.474999869102765260, -0.0003975487935296195189, 16.24361846037930235 ) ) ;
#2220 = LINE ( 'NONE', #344, #1129 ) ;
#2221 = CARTESIAN_POINT ( 'NONE',  ( 3.464101615137754830, -6.000000000000003553, 12.00000000000000000 ) ) ;
#2222 = ORIENTED_EDGE ( 'NONE', *, *, #579, .F. ) ;
#2223 = CARTESIAN_POINT ( 'NONE',  ( 0.1899031297109773919, 1.449987092714283721, 14.07642215136048236 ) ) ;
#2224 = CARTESIAN_POINT ( 'NONE',  ( -0.7500000000000002220, 1.299038105676658006, 11.58333333333333393 ) ) ;
#2225 = VECTOR ( 'NONE', #1577, 1000.000000000000227 ) ;
#2226 = ORIENTED_EDGE ( 'NONE', *, *, #859, .F. ) ;
#2227 = DIRECTION ( 'NONE',  ( -0.000000000000000000, -0.000000000000000000, -1.000000000000000000 ) ) ;
#2228 = CARTESIAN_POINT ( 'NONE',  ( 1.266941233375473486, -0.7303325810099966509, 10.35731498847020049 ) ) ;
#2229 = CARTESIAN_POINT ( 'NONE',  ( 1.450000000000002176, 1.213617422752781265E-17, 5.839946296394555425 ) ) ;
#2230 = CARTESIAN_POINT ( 'NONE',  ( 1.500000000000000000, 1.836970198721029934E-16, 8.550000000000002487 ) ) ;
#2231 = AXIS2_PLACEMENT_3D ( 'NONE', #2119, #275, #1537 ) ;
#2232 = EDGE_CURVE ( 'NONE', #1388, #529, #2282, .T. ) ;
#2233 = CARTESIAN_POINT ( 'NONE',  ( -1.499999999999999778, 0.001001832075841857994, 15.89993251906448712 ) ) ;
#2234 = CARTESIAN_POINT ( 'NONE',  ( -1.450012847747383926, -0.1897063759581246178, 12.88047396564620506 ) ) ;
#2235 = CARTESIAN_POINT ( 'NONE',  ( 0.7500000000000006661, -1.299038105676657562, 11.93333333333333535 ) ) ;
#2236 = ORIENTED_EDGE ( 'NONE', *, *, #1392, .F. ) ;
#2237 = CARTESIAN_POINT ( 'NONE',  ( 1.474999406258644230, 0.0008928875113616014780, 15.30187576924184967 ) ) ;
#2238 = CARTESIAN_POINT ( 'NONE',  ( -0.7500000000000002220, 1.299038105676658006, 10.18333333333333535 ) ) ;
#2239 = VERTEX_POINT ( 'NONE', #2009 ) ;
#2240 = CARTESIAN_POINT ( 'NONE',  ( -0.3796303225260760361, -1.412234607255734353, 13.71180380205672122 ) ) ;
#2241 = CARTESIAN_POINT ( 'NONE',  ( -1.449999999999999956, 7.438997730306917380E-16, 5.839946296394552760 ) ) ;
#2242 = DIRECTION ( 'NONE',  ( -0.000000000000000000, -0.000000000000000000, -1.000000000000000000 ) ) ;
#2243 = CARTESIAN_POINT ( 'NONE',  ( 0.1897065490206709948, -1.450012825105523984, 12.35542354264836185 ) ) ;
#2244 = CARTESIAN_POINT ( 'NONE',  ( 5.615054668510230051, 1.192410166628685708, 5.255177426667088980 ) ) ;
#2245 = CARTESIAN_POINT ( 'NONE',  ( -1.474999413218647915, -0.0008876361169675068847, 13.55179135749298780 ) ) ;
#2246 = EDGE_LOOP ( 'NONE', ( #59, #1385, #2271, #2437 ) ) ;
#2247 = CARTESIAN_POINT ( 'NONE',  ( 1.053283462971616347, -1.000533681854809842, 3.219078259810474130 ) ) ;
#2248 = CARTESIAN_POINT ( 'NONE',  ( -1.500000000000000000, 0.000000000000000000, 17.03750000081936022 ) ) ;
#2249 = ADVANCED_FACE ( 'NONE', ( #2025 ), #2038, .F. ) ;
#2250 = ORIENTED_EDGE ( 'NONE', *, *, #813, .T. ) ;
#2251 = CARTESIAN_POINT ( 'NONE',  ( 1.266940652190220229, -0.7303335892178527411, 13.85765114177819868 ) ) ;
#2252 = CARTESIAN_POINT ( 'NONE',  ( -3.464101615137755719, 6.000000000000003553, 18.00000000000000355 ) ) ;
#2253 = CARTESIAN_POINT ( 'NONE',  ( -1.449987296731065411, 0.1899015719527626100, 9.350968344397006859 ) ) ;
#2254 = CARTESIAN_POINT ( 'NONE',  ( -1.159577124444394647, -0.8910143995340947809, 12.23874567087146836 ) ) ;
#2255 = LINE ( 'NONE', #983, #1017 ) ;
#2256 = LINE ( 'NONE', #2042, #406 ) ;
#2257 =( BOUNDED_CURVE ( )  B_SPLINE_CURVE ( 2, ( #1448, #1009, #2267, #1034, #1224, #396, #2065, #1876, #807 ),
 .UNSPECIFIED., .F., .F. ) 
 B_SPLINE_CURVE_WITH_KNOTS ( ( 3, 2, 2, 2, 3 ),
 ( 0.5449715370779200097, 0.5449783506237836361, 0.5566455724026609930, 0.5683127941815383499, 0.5799644342136572872 ),
 .UNSPECIFIED. ) 
 CURVE ( )  GEOMETRIC_REPRESENTATION_ITEM ( )  RATIONAL_B_SPLINE_CURVE ( ( 0.9998436116185775990, 0.9999217601179464232, 1.000000000000000000, 0.8660254037844387076, 1.000000000000000000, 0.8660254037844387076, 1.000000000000000000, 0.8662043288335928848, 0.9996426278157756196 ) ) 
 REPRESENTATION_ITEM ( '' )  );
#2258 = CARTESIAN_POINT ( 'NONE',  ( 5.553342084449328198, 1.452027857082118789, 3.951007791363555732 ) ) ;
#2259 = VERTEX_POINT ( 'NONE', #1378 ) ;
#2260 = CARTESIAN_POINT ( 'NONE',  ( -1.357050818778236190, -0.5204979442591282091, 2.929645907331732690 ) ) ;
#2261 = CARTESIAN_POINT ( 'NONE',  ( 1.500000000000000444, -0.8660254037844380415, 17.32916666748602452 ) ) ;
#2262 = ORIENTED_EDGE ( 'NONE', *, *, #2280, .F. ) ;
#2263 = EDGE_CURVE ( 'NONE', #1326, #1040, #2427, .T. ) ;
#2264 = CARTESIAN_POINT ( 'NONE',  ( -1.474999304280731005, 0.0008053091286730406848, 13.08551523735048860 ) ) ;
#2265 = CARTESIAN_POINT ( 'NONE',  ( 1.412234833829345115, -0.3796294796646311753, 11.08655168707485927 ) ) ;
#2266 = CARTESIAN_POINT ( 'NONE',  ( 1.474999870168207217, -0.0003960579510355341851, 9.243644292114741035 ) ) ;
#2267 = CARTESIAN_POINT ( 'NONE',  ( 1.500000000000000000, 1.836970198721029934E-16, 13.45000000000000107 ) ) ;
#2268 = CARTESIAN_POINT ( 'NONE',  ( -0.7500000000000002220, 1.299038105676658006, 17.88333333333333286 ) ) ;
#2269 = CARTESIAN_POINT ( 'NONE',  ( -3.464101615137756607, -6.000000000000002665, 18.00000000000000355 ) ) ;
#2270 = CARTESIAN_POINT ( 'NONE',  ( 0.3796311090941237310, 1.412234395814022214, 16.16203910938121879 ) ) ;
#2271 = ORIENTED_EDGE ( 'NONE', *, *, #560, .T. ) ;
#2272 = CARTESIAN_POINT ( 'NONE',  ( -0.1897059721057911819, 1.450012900583798503, 14.10559161930478744 ) ) ;
#2273 = CARTESIAN_POINT ( 'NONE',  ( 1.660302070738236324, 1.159689580522058838, 7.895865394498136070 ) ) ;
#2274 = ORIENTED_EDGE ( 'NONE', *, *, #2015, .T. ) ;
#2275 = B_SPLINE_CURVE_WITH_KNOTS ( 'NONE', 3,
 ( #661, #2115, #2300, #38, #2312, #405, #2523, #1467, #1067, #430, #1666, #1911, #2289, #1321, #2488, #1263, #2157, #869 ),
 .UNSPECIFIED., .F., .F.,
 ( 4, 2, 2, 2, 2, 2, 2, 2, 4 ),
 ( 0.08999888850873309643, 0.09437389016625247207, 0.09874889182377183383, 0.1031238934812911956, 0.1074988951388105712, 0.1118738967963299469, 0.1162488984538493086, 0.1206239001113686704, 0.1249989017688880460 ),
 .UNSPECIFIED. ) ;
#2276 = CARTESIAN_POINT ( 'NONE',  ( -1.474999415991121943, -0.0008855356071508373216, 12.85175759279727892 ) ) ;
#2277 = EDGE_CURVE ( 'NONE', #1933, #1739, #1600, .T. ) ;
#2278 = LINE ( 'NONE', #1223, #431 ) ;
#2279 = CARTESIAN_POINT ( 'NONE',  ( 1.499999999999999778, 0.8660254037844391517, 10.00833333333333641 ) ) ;
#2280 = EDGE_CURVE ( 'NONE', #2092, #1466, #1584, .T. ) ;
#2281 = CARTESIAN_POINT ( 'NONE',  ( 0.000000000000000000, 0.000000000000000000, 22.10121933088197821 ) ) ;
#2282 = CIRCLE ( 'NONE', #487, 5.739999999999999325 ) ;
#2283 = LINE ( 'NONE', #216, #2578 ) ;
#2284 = CARTESIAN_POINT ( 'NONE',  ( 1.474999403463126635, 0.0008949880975194468265, 16.00190953394382021 ) ) ;
#2285 = VERTEX_POINT ( 'NONE', #1811 ) ;
#2286 = FACE_OUTER_BOUND ( 'NONE', #1724, .T. ) ;
#2287 = CARTESIAN_POINT ( 'NONE',  ( -1.060575238724906915E-16, 1.732050807568877193, 9.425000000000004263 ) ) ;
#2288 = ORIENTED_EDGE ( 'NONE', *, *, #1055, .F. ) ;
#2289 = CARTESIAN_POINT ( 'NONE',  ( 0.8910152762307044227, -1.159576450793599278, 8.913426325235183967 ) ) ;
#2290 = CARTESIAN_POINT ( 'NONE',  ( -1.450012908131257827, -0.1897059144170514522, 14.28060842697063748 ) ) ;
#2291 = EDGE_LOOP ( 'NONE', ( #361, #1547, #698, #2164 ) ) ;
#2292 = CYLINDRICAL_SURFACE ( 'NONE', #2482, 1.449999999999999956 ) ;
#2293 = EDGE_CURVE ( 'NONE', #1530, #1936, #940, .T. ) ;
#2294 = B_SPLINE_CURVE_WITH_KNOTS ( 'NONE', 3,
 ( #784, #2081, #2623, #1473, #753, #1671, #1399, #1036, #1592, #1621, #1415, #2016, #583, #1254, #2432, #2303, #215, #2245 ),
 .UNSPECIFIED., .F., .F.,
 ( 4, 2, 2, 2, 2, 2, 2, 2, 4 ),
 ( 0.5449990608919740298, 0.5493740625495189267, 0.5537490642070639346, 0.5581240658646088315, 0.5624990675221537284, 0.5668740691796987363, 0.5712490708372436332, 0.5756240724947886411, 0.5799990741523335380 ),
 .UNSPECIFIED. ) ;
#2295 = CARTESIAN_POINT ( 'NONE',  ( -0.7499999999999988898, -1.299038105676658672, 9.016666666666669272 ) ) ;
#2296 = CARTESIAN_POINT ( 'NONE',  ( -0.1899041679994750154, -1.449986956730471288, 17.22672468935279966 ) ) ;
#2297 = ORIENTED_EDGE ( 'NONE', *, *, #2566, .F. ) ;
#2298 = CARTESIAN_POINT ( 'NONE',  ( -1.499999999999999778, -0.8660254037844394848, 17.09583333415269379 ) ) ;
#2299 = ORIENTED_EDGE ( 'NONE', *, *, #1837, .F. ) ;
#2300 = CARTESIAN_POINT ( 'NONE',  ( -1.412285714592909969, -0.3794401508385119026, 8.694655315654349792 ) ) ;
#2301 = DIRECTION ( 'NONE',  ( 0.000000000000000000, 0.000000000000000000, -1.000000000000000000 ) ) ;
#2302 = CARTESIAN_POINT ( 'NONE',  ( -1.474997715385344632, 0.002401701887934766955, 8.185402760822425350 ) ) ;
#2303 = CARTESIAN_POINT ( 'NONE',  ( -1.412234622359643810, 0.3796302663390958010, 13.53678699439097244 ) ) ;
#2304 = CARTESIAN_POINT ( 'NONE',  ( -1.471578160983296080, 0.000000000000000000, 17.87235525557022342 ) ) ;
#2305 = CARTESIAN_POINT ( 'NONE',  ( -0.7499999999999988898, -1.299038105676658672, 16.71666666666666856 ) ) ;
#2306 = EDGE_CURVE ( 'NONE', #1069, #1148, #479, .T. ) ;
#2307 = B_SPLINE_CURVE_WITH_KNOTS ( 'NONE', 3,
 ( #1747, #2382, #692, #519, #97, #916, #535, #1796, #278, #1350, #927, #1764, #718, #1143, #956, #2188, #311, #114 ),
 .UNSPECIFIED., .F., .F.,
 ( 4, 2, 2, 2, 2, 2, 2, 2, 4 ),
 ( 0.6849991139335052104, 0.6893741155910579899, 0.6937491172486106583, 0.6981241189061634378, 0.7024991205637162173, 0.7068741222212689967, 0.7112491238788216652, 0.7156241255363744447, 0.7199991271939272242 ),
 .UNSPECIFIED. ) ;
#2308 = CARTESIAN_POINT ( 'NONE',  ( 0.3253801182447241258, 1.425845022637163950, 7.977393769952385583 ) ) ;
#2309 = CARTESIAN_POINT ( 'NONE',  ( 1.499999999999999778, 0.8660254037844391517, 15.34583333415269024 ) ) ;
#2310 = ORIENTED_EDGE ( 'NONE', *, *, #889, .F. ) ;
#2311 = VECTOR ( 'NONE', #768, 1000.000000000000000 ) ;
#2312 = CARTESIAN_POINT ( 'NONE',  ( -1.159576415335098698, -0.8910153223767600661, 8.738409517570515206 ) ) ;
#2313 = CARTESIAN_POINT ( 'NONE',  ( 5.739999999999999325, -2.076402873667321117E-16, 2.839946296394551428 ) ) ;
#2314 = CARTESIAN_POINT ( 'NONE',  ( -1.267039247237875088, -0.7301625255178245677, 10.12395924491689492 ) ) ;
#2315 = CARTESIAN_POINT ( 'NONE',  ( -1.267040176877878732, -0.7301609123265083712, 15.72449709021556075 ) ) ;
#2316 = CARTESIAN_POINT ( 'NONE',  ( 1.500000000000000000, 1.836970198721029934E-16, 17.65000000000000213 ) ) ;
#2317 = PRESENTATION_LAYER_ASSIGNMENT (  '', '', ( #1187 ) ) ;
#2318 = CARTESIAN_POINT ( 'NONE',  ( -1.498843651271561939, 0.8666930220340793856, 10.94157672843223672 ) ) ;
#2319 = CARTESIAN_POINT ( 'NONE',  ( -1.499999999999999778, -0.8660254037844394848, 13.59583333415269202 ) ) ;
#2320 = ORIENTED_EDGE ( 'NONE', *, *, #1929, .F. ) ;
#2321 = DIRECTION ( 'NONE',  ( -1.000000000000000000, 0.000000000000000000, 0.000000000000000000 ) ) ;
#2322 = EDGE_CURVE ( 'NONE', #826, #1923, #1986, .T. ) ;
#2323 = CARTESIAN_POINT ( 'NONE',  ( 0.000000000000000000, 0.000000000000000000, 22.10121933088197821 ) ) ;
#2324 = ORIENTED_EDGE ( 'NONE', *, *, #1800, .T. ) ;
#2325 = DIRECTION ( 'NONE',  ( -0.000000000000000000, -0.000000000000000000, -1.000000000000000000 ) ) ;
#2326 = CARTESIAN_POINT ( 'NONE',  ( -1.267038898554590398, -0.7301631305818365725, 8.023757552940226745 ) ) ;
#2327 = CARTESIAN_POINT ( 'NONE',  ( -1.500000000000000000, 0.000000000000000000, 8.637500000819358092 ) ) ;
#2328 = CARTESIAN_POINT ( 'NONE',  ( 0.7499999999999996669, 1.299038105676658228, 15.66666666666666963 ) ) ;
#2329 = CARTESIAN_POINT ( 'NONE',  ( -0.7500000000000002220, 1.299038105676658006, 10.88333333333333464 ) ) ;
#2330 = CARTESIAN_POINT ( 'NONE',  ( -1.500000000000000000, 0.000000000000000000, 14.23750000081935951 ) ) ;
#2331 = ORIENTED_EDGE ( 'NONE', *, *, #1414, .T. ) ;
#2332 = ADVANCED_FACE ( 'NONE', ( #2352 ), #1526, .F. ) ;
#2333 = CARTESIAN_POINT ( 'NONE',  ( 0.3796286366943670276, 1.412235060431901168, 8.461299572101571798 ) ) ;
#2334 = DIRECTION ( 'NONE',  ( -1.000000000000000000, 0.000000000000000000, 0.000000000000000000 ) ) ;
#2335 = CARTESIAN_POINT ( 'NONE',  ( -1.474999424269098025, -0.0008792341176216240343, 10.75165629871433026 ) ) ;
#2336 = CARTESIAN_POINT ( 'NONE',  ( 0.8911719214592035421, 1.159456068212540325, 15.41821767679975785 ) ) ;
#2337 = CARTESIAN_POINT ( 'NONE',  ( 1.474998351720477885, -0.001412316107138515122, 14.12737185948798668 ) ) ;
#2338 = CARTESIAN_POINT ( 'NONE',  ( 1.474998357006201299, -0.001410046487882027182, 9.927408132390899809 ) ) ;
#2339 = CARTESIAN_POINT ( 'NONE',  ( -0.7499999999999988898, -1.299038105676658672, 14.35416666748602488 ) ) ;
#2340 = ORIENTED_EDGE ( 'NONE', *, *, #759, .F. ) ;
#2341 = VERTEX_POINT ( 'NONE', #2571 ) ;
#2342 = AXIS2_PLACEMENT_3D ( 'NONE', #360, #435, #156 ) ;
#2343 = CARTESIAN_POINT ( 'NONE',  ( -1.267040293064302547, -0.7301607107095020588, 16.42456432088071239 ) ) ;
#2344 = CARTESIAN_POINT ( 'NONE',  ( 1.449999999999999956, 1.775737858763661670E-16, 22.10121933088197821 ) ) ;
#2345 = CARTESIAN_POINT ( 'NONE',  ( 5.553439154386011545, -1.451657850324234778, 4.730263431625332693 ) ) ;
#2346 = ADVANCED_FACE ( 'NONE', ( #2156 ), #126, .F. ) ;
#2347 =( BOUNDED_CURVE ( )  B_SPLINE_CURVE ( 2, ( #2308, #439, #1064, #1908, #1700 ),
 .UNSPECIFIED., .F., .T. ) 
 B_SPLINE_CURVE_WITH_KNOTS ( ( 3, 2, 3 ),
 ( 0.000000000000000000, 0.008286148795425860719, 0.01992671613970700001 ),
 .UNSPECIFIED. ) 
 CURVE ( )  GEOMETRIC_REPRESENTATION_ITEM ( )  RATIONAL_B_SPLINE_CURVE ( ( 0.9448523361077123539, 0.9048505800495686424, 1.000000000000000000, 0.8663314764022439496, 0.9993892532451464916 ) ) 
 REPRESENTATION_ITEM ( '' )  );
#2348 = CARTESIAN_POINT ( 'NONE',  ( 1.159457522045559408, -0.8911700299513384271, 8.242528562520877955 ) ) ;
#2349 = EDGE_CURVE ( 'NONE', #106, #1933, #2307, .T. ) ;
#2350 = LINE ( 'NONE', #276, #1531 ) ;
#2351 = CARTESIAN_POINT ( 'NONE',  ( -6.928203230275513214, -2.596808198865154183E-15, 18.00000000000000355 ) ) ;
#2352 = FACE_OUTER_BOUND ( 'NONE', #1562, .T. ) ;
#2353 = VECTOR ( 'NONE', #2121, 1000.000000000000000 ) ;
#2354 = DIRECTION ( 'NONE',  ( -1.000000000000000000, 0.000000000000000000, 0.000000000000000000 ) ) ;
#2355 = CARTESIAN_POINT ( 'NONE',  ( -1.500000000000000000, 0.000000000000000000, 13.53750000081936022 ) ) ;
#2356 = VERTEX_POINT ( 'NONE', #1571 ) ;
#2357 = VECTOR ( 'NONE', #2242, 1000.000000000000000 ) ;
#2358 = CIRCLE ( 'NONE', #448, 1.449999999999999956 ) ;
#2359 = B_SPLINE_CURVE_WITH_KNOTS ( 'NONE', 3,
 ( #490, #1236, #1888, #628, #27, #417, #2090, #2476, #618, #2104, #1445, #1056, #856, #1693, #2512, #313, #1573, #1352 ),
 .UNSPECIFIED., .F., .F.,
 ( 4, 2, 2, 2, 2, 2, 2, 2, 4 ),
 ( 0.3699989945904258448, 0.3743739962479593619, 0.3787489979054928790, 0.3831239995630263961, 0.3874990012205599688, 0.3918740028780934859, 0.3962490045356270030, 0.4006240061931605201, 0.4049990078506940372 ),
 .UNSPECIFIED. ) ;
#2360 = CARTESIAN_POINT ( 'NONE',  ( -1.266941059009715653, 0.7303328834902240718, 11.40741583446103391 ) ) ;
#2361 = ORIENTED_EDGE ( 'NONE', *, *, #1115, .T. ) ;
#2362 = CARTESIAN_POINT ( 'NONE',  ( -0.8911721982075349047, -1.159455855500428401, 16.46831852279732544 ) ) ;
#2363 = CARTESIAN_POINT ( 'NONE',  ( 1.159576628081535832, 0.8910150455063711172, 9.788510363559106864 ) ) ;
#2364 = DIRECTION ( 'NONE',  ( 1.000000000000000000, 0.000000000000000000, 0.000000000000000000 ) ) ;
#2365 = CARTESIAN_POINT ( 'NONE',  ( -1.412285654191057560, -0.3794403756555639884, 7.994588084996141042 ) ) ;
#2366 = CARTESIAN_POINT ( 'NONE',  ( 1.660302070738236324, 1.159689580522058838, 7.633365395317493807 ) ) ;
#2367 = CARTESIAN_POINT ( 'NONE',  ( 1.500000000000000444, -0.8660254037844380415, 14.79166666666666785 ) ) ;
#2368 = CARTESIAN_POINT ( 'NONE',  ( -1.223919526072748010, -0.7830907416671455401, 5.622592598171534561 ) ) ;
#2369 = CARTESIAN_POINT ( 'NONE',  ( -5.560907068792818819, -1.423176201231365345, 3.855907227323527753 ) ) ;
#2370 = EDGE_CURVE ( 'NONE', #2113, #1807, #1368, .T. ) ;
#2371 = CARTESIAN_POINT ( 'NONE',  ( 1.450012681678359172, 0.1897076452953990744, 9.030104197011633360 ) ) ;
#2372 = CARTESIAN_POINT ( 'NONE',  ( -0.8911703529407496438, -1.159457273792822596, 9.467646216173552176 ) ) ;
#2373 = CARTESIAN_POINT ( 'NONE',  ( -0.7499999999999988898, -1.299038105676658672, 10.85416666748602488 ) ) ;
#2374 = CARTESIAN_POINT ( 'NONE',  ( 0.3954864915145974713, 1.398029939312129155, 4.886755758139232242 ) ) ;
#2375 = CARTESIAN_POINT ( 'NONE',  ( -1.499999999999999778, -0.8660254037844394848, 11.75833333333333641 ) ) ;
#2376 = ORIENTED_EDGE ( 'NONE', *, *, #543, .T. ) ;
#2377 = CARTESIAN_POINT ( 'NONE',  ( 1.266940303528233391, -0.7303341940563884416, 15.95785283377055386 ) ) ;
#2378 = CARTESIAN_POINT ( 'NONE',  ( 5.740000000000001101, -0.09957426395553775622, 2.839946296394551428 ) ) ;
#2379 = CARTESIAN_POINT ( 'NONE',  ( 0.8910149070769421975, -1.159576734450271873, 10.31356078655395692 ) ) ;
#2380 = CARTESIAN_POINT ( 'NONE',  ( 0.7499999999999996669, 1.299038105676658228, 9.104166667486024878 ) ) ;
#2381 = CARTESIAN_POINT ( 'NONE',  ( 0.7500000000000006661, -1.299038105676657562, 14.73333333333333428 ) ) ;
#2382 = CARTESIAN_POINT ( 'NONE',  ( 1.450012923225908690, 0.1897057990414739437, 14.63064204230249210 ) ) ;
#2383 = CARTESIAN_POINT ( 'NONE',  ( -5.579847137054446904, 1.347010284422932802, 3.672609406375599406 ) ) ;
#2384 = CARTESIAN_POINT ( 'NONE',  ( 1.159576486251856053, 0.8910152300849809581, 9.088443132899882926 ) ) ;
#2385 = CARTESIAN_POINT ( 'NONE',  ( -1.474999304280731005, 0.0008053091286730406848, 13.08551523735048860 ) ) ;
#2386 = CARTESIAN_POINT ( 'NONE',  ( 0.7499999999999996669, 1.299038105676658228, 11.20416666748602452 ) ) ;
#2387 = EDGE_CURVE ( 'NONE', #1936, #2595, #589, .T. ) ;
#2388 = CARTESIAN_POINT ( 'NONE',  ( 0.3253829399931809641, 1.425844378719818062, 7.758194157689427328 ) ) ;
#2389 = VECTOR ( 'NONE', #680, 1000.000000000000000 ) ;
#2390 = CARTESIAN_POINT ( 'NONE',  ( -1.500000000000000222, 0.8660254037844384856, 11.64166666666666750 ) ) ;
#2391 = ORIENTED_EDGE ( 'NONE', *, *, #1320, .T. ) ;
#2392 = CARTESIAN_POINT ( 'NONE',  ( -0.7303343452560463467, -1.266940216368437122, 16.48290325676952151 ) ) ;
#2393 = CARTESIAN_POINT ( 'NONE',  ( 5.615193211726626998, -1.198679282608797747, 3.417392990980359979 ) ) ;
#2394 = CARTESIAN_POINT ( 'NONE',  ( -0.7500000000000002220, 1.299038105676658006, 15.78333333333333677 ) ) ;
#2395 = CARTESIAN_POINT ( 'NONE',  ( 1.049426382394228696, -1.004587972062894741, 5.457186293066756733 ) ) ;
#2396 = CARTESIAN_POINT ( 'NONE',  ( -1.474999330912308837, 0.001001563425681221411, 9.585498762970287245 ) ) ;
#2397 = CARTESIAN_POINT ( 'NONE',  ( 0.7500000000000006661, -1.299038105676657562, 8.433333333333335347 ) ) ;
#2398 = B_SPLINE_CURVE_WITH_KNOTS ( 'NONE', 3,
 ( #699, #256, #2598, #2343, #1504, #2362, #2392, #1755, #528, #1344, #2181, #1741, #1088, #1961, #1789, #1773, #1934, #496 ),
 .UNSPECIFIED., .F., .F.,
 ( 4, 2, 2, 2, 2, 2, 2, 2, 4 ),
 ( 0.8599991802357698223, 0.8643741818933329268, 0.8687491835508960314, 0.8731241852084591359, 0.8774991868660221295, 0.8818741885235852340, 0.8862491901811483386, 0.8906241918387114431, 0.8949991934962745477 ),
 .UNSPECIFIED. ) ;
#2399 = CARTESIAN_POINT ( 'NONE',  ( -0.7500000000000002220, 1.299038105676658006, 14.38333333333333464 ) ) ;
#2400 = CARTESIAN_POINT ( 'NONE',  ( 0.2508560062220483444, -1.428891442818192026, 4.797255486965002369 ) ) ;
#2401 = CARTESIAN_POINT ( 'NONE',  ( -5.667054184435471598, 0.9158901320487319309, 3.148004193570459019 ) ) ;
#2402 = CARTESIAN_POINT ( 'NONE',  ( -1.449999999999999956, 0.000000000000000000, 22.10121933088197821 ) ) ;
#2403 = CARTESIAN_POINT ( 'NONE',  ( -0.8528314548697323305, 1.186231638744578376, 5.274046288434696805 ) ) ;
#2404 = EDGE_LOOP ( 'NONE', ( #1066, #2331, #2250, #199 ) ) ;
#2405 = CARTESIAN_POINT ( 'NONE',  ( -3.464101615137755719, 6.000000000000003553, 18.00000000000000355 ) ) ;
#2406 = CARTESIAN_POINT ( 'NONE',  ( -1.500000000000000222, 0.8660254037844384856, 10.24166666666666892 ) ) ;
#2407 = ORIENTED_EDGE ( 'NONE', *, *, #1023, .T. ) ;
#2408 = CYLINDRICAL_SURFACE ( 'NONE', #171, 5.739999999999999325 ) ;
#2409 = VECTOR ( 'NONE', #1619, 1000.000000000000000 ) ;
#2410 = DIRECTION ( 'NONE',  ( -0.000000000000000000, -0.000000000000000000, -1.000000000000000000 ) ) ;
#2411 = CARTESIAN_POINT ( 'NONE',  ( -0.1899034758289166180, -1.449987047383609617, 15.12652299735624695 ) ) ;
#2412 = CARTESIAN_POINT ( 'NONE',  ( 0.7499999999999996669, 1.299038105676658228, 9.366666666666668917 ) ) ;
#2413 = CARTESIAN_POINT ( 'NONE',  ( -0.8911710911243956312, -1.159456706417272054, 12.26791513881568818 ) ) ;
#2414 = CARTESIAN_POINT ( 'NONE',  ( 1.474999422893560341, 0.0008802843355025293534, 11.10167318105916401 ) ) ;
#2415 = CARTESIAN_POINT ( 'NONE',  ( -5.729311315450066999, 0.3944282284486564927, 2.879568209158829273 ) ) ;
#2416 = DIRECTION ( 'NONE',  ( -0.000000000000000000, -0.000000000000000000, -1.000000000000000000 ) ) ;
#2417 = CARTESIAN_POINT ( 'NONE',  ( -1.073629850530360752, 0.9984325804458186182, 7.882082053812006883 ) ) ;
#2418 = CARTESIAN_POINT ( 'NONE',  ( 1.500000000000000000, -0.001567451444386022208, 12.74989442034010700 ) ) ;
#2419 = EDGE_LOOP ( 'NONE', ( #87, #412, #2299, #1372 ) ) ;
#2420 = CARTESIAN_POINT ( 'NONE',  ( 0.2143781465417845256, -1.434963362548881349, 3.902561681195585219 ) ) ;
#2421 = CARTESIAN_POINT ( 'NONE',  ( -0.7499999999999988898, -1.299038105676658672, 11.81666666666666998 ) ) ;
#2422 = ORIENTED_EDGE ( 'NONE', *, *, #1339, .F. ) ;
#2423 = CARTESIAN_POINT ( 'NONE',  ( -0.8572233573267543649, 1.182973305981711354, 3.401811896758457188 ) ) ;
#2424 = B_SPLINE_CURVE_WITH_KNOTS ( 'NONE', 3,
 ( #2529, #666, #2552, #1951, #1061, #449, #240, #1905, #483, #861, #249, #1926, #78, #2153, #1507, #702, #1280, #2335 ),
 .UNSPECIFIED., .F., .F.,
 ( 4, 2, 2, 2, 2, 2, 2, 2, 4 ),
 ( 0.2649989548096690628, 0.2693739564672174014, 0.2737489581247657400, 0.2781239597823140230, 0.2824989614398623616, 0.2868739630974107002, 0.2912489647549589833, 0.2956239664125073219, 0.2999989680700556605 ),
 .UNSPECIFIED. ) ;
#2425 = EDGE_CURVE ( 'NONE', #1848, #374, #2255, .T. ) ;
#2426 = CARTESIAN_POINT ( 'NONE',  ( -0.1899020912356108870, -1.449987228721611121, 10.92611961338251980 ) ) ;
#2427 = LINE ( 'NONE', #110, #844 ) ;
#2428 = CARTESIAN_POINT ( 'NONE',  ( -1.267039595882840430, -0.7301619205196085982, 12.22416093689935757 ) ) ;
#2429 = CARTESIAN_POINT ( 'NONE',  ( -1.449999999999999956, 0.000000000000000000, 22.10121933088197821 ) ) ;
#2430 = DIRECTION ( 'NONE',  ( -0.000000000000000000, -0.000000000000000000, -1.000000000000000000 ) ) ;
#2431 = CARTESIAN_POINT ( 'NONE',  ( -1.400499577072148893, 0.4337621563325622653, 7.932083991756032404 ) ) ;
#2432 = CARTESIAN_POINT ( 'NONE',  ( -1.266940710304124140, 0.7303334884051679854, 13.50761752644669045 ) ) ;
#2433 = VERTEX_POINT ( 'NONE', #2066 ) ;
#2434 = LINE ( 'NONE', #1192, #1258 ) ;
#2435 = CARTESIAN_POINT ( 'NONE',  ( 1.500000000000000444, -0.8660254037844380415, 12.69166666666666821 ) ) ;
#2436 = VECTOR ( 'NONE', #2018, 1000.000000000000000 ) ;
#2437 = ORIENTED_EDGE ( 'NONE', *, *, #1884, .F. ) ;
#2438 = CYLINDRICAL_SURFACE ( 'NONE', #1920, 1.449999999999999956 ) ;
#2439 = CARTESIAN_POINT ( 'NONE',  ( 1.449999999999999956, 1.775737858763661670E-16, 22.10121933088197821 ) ) ;
#2440 = CARTESIAN_POINT ( 'NONE',  ( 0.8910136152423833167, -1.159577727090701948, 15.21403140118928832 ) ) ;
#2441 = CARTESIAN_POINT ( 'NONE',  ( -0.8910135229807201185, 1.159577797984102654, 15.56406501652156393 ) ) ;
#2442 = VECTOR ( 'NONE', #1222, 1000.000000000000000 ) ;
#2443 = EDGE_CURVE ( 'NONE', #148, #1191, #1701, .T. ) ;
#2444 = CARTESIAN_POINT ( 'NONE',  ( -0.8910144456723126938, 1.159577088991999627, 12.06372886320604110 ) ) ;
#2445 =( BOUNDED_CURVE ( )  B_SPLINE_CURVE ( 2, ( #625, #669, #1675, #2694, #24, #1500, #2329, #2318, #462 ),
 .UNSPECIFIED., .F., .F. ) 
 B_SPLINE_CURVE_WITH_KNOTS ( ( 3, 2, 2, 2, 3 ),
 ( 0.2649581476100072441, 0.2649650279307625977, 0.2766322497096282973, 0.2882994714884939969, 0.2999511115484074231 ),
 .UNSPECIFIED. ) 
 CURVE ( )  GEOMETRIC_REPRESENTATION_ITEM ( )  RATIONAL_B_SPLINE_CURVE ( ( 0.9998420798676240784, 0.9999209933425021735, 1.000000000000000000, 0.8660254037844387076, 1.000000000000000000, 0.8660254037844387076, 1.000000000000000000, 0.8662043285142975169, 0.9996426284526607198 ) ) 
 REPRESENTATION_ITEM ( '' )  );
#2446 = CARTESIAN_POINT ( 'NONE',  ( 5.543177312734245632, 1.490361863524032104, 4.143784184376428925 ) ) ;
#2447 = CARTESIAN_POINT ( 'NONE',  ( 0.000000000000000000, 0.000000000000000000, 22.10121933088197821 ) ) ;
#2448 = VERTEX_POINT ( 'NONE', #2027 ) ;
#2449 = CARTESIAN_POINT ( 'NONE',  ( 0.4784999709917846511, -1.371430450224180086, 3.728012229855787396 ) ) ;
#2450 = CARTESIAN_POINT ( 'NONE',  ( -1.500000000000000000, 0.000000000000000000, 17.73750000081935951 ) ) ;
#2451 = ORIENTED_EDGE ( 'NONE', *, *, #720, .F. ) ;
#2452 = CARTESIAN_POINT ( 'NONE',  ( -1.450012877941132539, -0.1897061451742833305, 13.58054119630740075 ) ) ;
#2453 = PRODUCT ( 'HEX COUPLER', 'HEX COUPLER', '', ( #912 ) ) ;
#2454 = FACE_OUTER_BOUND ( 'NONE', #847, .T. ) ;
#2455 = CARTESIAN_POINT ( 'NONE',  ( -0.7303339420480983168, -1.266940448799637187, 15.08276879543972626 ) ) ;
#2456 = CARTESIAN_POINT ( 'NONE',  ( -1.500000000000000000, 0.8660254037844384856, 17.94166666666666998 ) ) ;
#2457 = CARTESIAN_POINT ( 'NONE',  ( -0.7499999999999988898, -1.299038105676658672, 16.01666666666666927 ) ) ;
#2458 = CARTESIAN_POINT ( 'NONE',  ( 1.449999999999999956, 1.775737858763661670E-16, 22.10121933088197821 ) ) ;
#2459 = ADVANCED_FACE ( 'NONE', ( #340 ), #190, .F. ) ;
#2460 = ORIENTED_EDGE ( 'NONE', *, *, #2015, .F. ) ;
#2461 = DIRECTION ( 'NONE',  ( -1.000000000000000000, 1.251928832280965695E-16, 0.000000000000000000 ) ) ;
#2462 = CARTESIAN_POINT ( 'NONE',  ( -1.060575238724906915E-16, 1.732050807568877193, 8.725000000000001421 ) ) ;
#2463 = ORIENTED_EDGE ( 'NONE', *, *, #1026, .T. ) ;
#2464 = CYLINDRICAL_SURFACE ( 'NONE', #1390, 1.449999999999999956 ) ;
#2465 = CARTESIAN_POINT ( 'NONE',  ( -1.474999304479352347, 0.0008061445147053004738, 15.88551515929826508 ) ) ;
#2466 = CARTESIAN_POINT ( 'NONE',  ( 1.412286409056743519, 0.3794375660186949939, 16.74542846826927089 ) ) ;
#2467 = DIRECTION ( 'NONE',  ( -1.000000000000000000, 0.000000000000000000, 0.000000000000000000 ) ) ;
#2468 = LINE ( 'NONE', #782, #2409 ) ;
#2469 = CARTESIAN_POINT ( 'NONE',  ( -1.159504544349702737, 0.8911097338416528180, 17.69344224692717660 ) ) ;
#2470 = CARTESIAN_POINT ( 'NONE',  ( 5.560972577207032863, 1.422912609350375668, 3.855275274228794569 ) ) ;
#2471 = EDGE_LOOP ( 'NONE', ( #1945, #612 ) ) ;
#2472 = DIRECTION ( 'NONE',  ( -0.000000000000000000, -0.000000000000000000, -1.000000000000000000 ) ) ;
#2473 = EDGE_CURVE ( 'NONE', #1479, #1162, #1814, .T. ) ;
#2474 = CARTESIAN_POINT ( 'NONE',  ( -1.500000000000000000, 0.000000000000000000, 16.33750000081936093 ) ) ;
#2475 = VERTEX_POINT ( 'NONE', #2414 ) ;
#2476 = CARTESIAN_POINT ( 'NONE',  ( -0.3796296482464202038, -1.412234788512197525, 11.61160211007048915 ) ) ;
#2477 = CARTESIAN_POINT ( 'NONE',  ( -1.474999323953743779, 0.001012661761706872693, 12.38549799063986256 ) ) ;
#2478 = CARTESIAN_POINT ( 'NONE',  ( 1.474998357006201299, -0.001410046487882027182, 9.927408132390899809 ) ) ;
#2479 = CARTESIAN_POINT ( 'NONE',  ( -1.449999999999999956, 0.000000000000000000, 22.10121933088197821 ) ) ;
#2480 = CARTESIAN_POINT ( 'NONE',  ( 5.720229982268339342, -0.4846083659178205272, 5.762886920114407729 ) ) ;
#2481 = CARTESIAN_POINT ( 'NONE',  ( 1.474999870168207217, -0.0003960579510355341851, 9.243644292114741035 ) ) ;
#2482 = AXIS2_PLACEMENT_3D ( 'NONE', #2447, #2653, #2639 ) ;
#2483 = CARTESIAN_POINT ( 'NONE',  ( -1.159578116979892659, -0.8910131078348016986, 17.13921628551984000 ) ) ;
#2484 = ORIENTED_EDGE ( 'NONE', *, *, #1026, .F. ) ;
#2485 = CARTESIAN_POINT ( 'NONE',  ( 1.474999414605713266, 0.0008865858502076013259, 13.20177447514424962 ) ) ;
#2486 = CARTESIAN_POINT ( 'NONE',  ( 1.500000000000000000, 1.836970198721029934E-16, 17.38750000081935809 ) ) ;
#2487 = EDGE_LOOP ( 'NONE', ( #68, #934, #1774, #2310 ) ) ;
#2488 = CARTESIAN_POINT ( 'NONE',  ( 1.266941465877854389, -0.7303321776772762064, 8.957180527151349381 ) ) ;
#2489 = EDGE_CURVE ( 'NONE', #426, #2448, #1631, .T. ) ;
#2490 = CARTESIAN_POINT ( 'NONE',  ( -1.159455749157517701, 0.8911723365646855299, 16.99336894579773727 ) ) ;
#2491 = CARTESIAN_POINT ( 'NONE',  ( 1.498198187542382209, -0.8670656806918730641, 11.29152652569774240 ) ) ;
#2492 = DIRECTION ( 'NONE',  ( 1.000000000000000000, 0.000000000000000000, 0.000000000000000000 ) ) ;
#2493 = B_SPLINE_CURVE_WITH_KNOTS ( 'NONE', 3,
 ( #286, #1993, #122, #465, #1298, #1947, #72, #1824, #1433, #1163, #392, #744, #1005, #1627, #992, #2645, #2212, #1849, #760, #2614, #775, #1611, #2423, #1375, #1582, #2061, #542, #979, #804, #162, #379, #572 ),
 .UNSPECIFIED., .F., .F.,
 ( 4, 2, 2, 2, 2, 2, 2, 2, 2, 2, 2, 2, 2, 2, 2, 4 ),
 ( 0.005155022947614427455, 0.005801407685331144877, 0.006124600054189503588, 0.006447792423047862299, 0.007094177160764579722, 0.007417369529622938433, 0.007578965714052117789, 0.007740561898481297144, 0.007902158082910476500, 0.008063754267339656723, 0.008386946636198013699, 0.009033331373914732856, 0.009356523742773091568, 0.009679716111631452014, 0.01000290848048980899, 0.01032610084934816944 ),
 .UNSPECIFIED. ) ;
#2494 = CARTESIAN_POINT ( 'NONE',  ( -1.500000000000000000, 0.000000000000000000, 8.900000000000002132 ) ) ;
#2495 = CARTESIAN_POINT ( 'NONE',  ( -1.474999399257500343, -0.0008981390255823606126, 17.05196018100070532 ) ) ;
#2496 = ORIENTED_EDGE ( 'NONE', *, *, #2536, .F. ) ;
#2497 = CARTESIAN_POINT ( 'NONE',  ( 0.000000000000000000, 0.000000000000000000, 22.10121933088197821 ) ) ;
#2498 = CARTESIAN_POINT ( 'NONE',  ( 0.7500000000000006661, -1.299038105676657562, 8.433333333333335347 ) ) ;
#2499 = VERTEX_POINT ( 'NONE', #1022 ) ;
#2500 = CARTESIAN_POINT ( 'NONE',  ( 0.3796299853879082087, 1.412234697883675283, 12.66170295606348262 ) ) ;
#2501 = CARTESIAN_POINT ( 'NONE',  ( 1.474999400661028304, 0.0008970887001473993542, 16.70194329864720117 ) ) ;
#2502 = MANIFOLD_SOLID_BREP ( 'Thread1', #1887 ) ;
#2503 = EDGE_CURVE ( 'NONE', #2659, #683, #1842, .T. ) ;
#2504 = CARTESIAN_POINT ( 'NONE',  ( -1.500000000000000000, 0.000000000000000000, 13.80000000000000249 ) ) ;
#2505 = CARTESIAN_POINT ( 'NONE',  ( 3.181725716174720005E-16, -1.732050807568877193, 11.87500000000000178 ) ) ;
#2506 = CARTESIAN_POINT ( 'NONE',  ( 1.450000000000002176, 1.213617422752781265E-17, 5.839946296394555425 ) ) ;
#2507 = CARTESIAN_POINT ( 'NONE',  ( 0.7499999999999996669, 1.299038105676658228, 16.36666666666666714 ) ) ;
#2508 = CARTESIAN_POINT ( 'NONE',  ( -3.464101615137756607, -6.000000000000002665, 18.00000000000000355 ) ) ;
#2509 = CARTESIAN_POINT ( 'NONE',  ( -1.060575238724906915E-16, 1.732050807568877193, 15.46250000081935916 ) ) ;
#2510 = ORIENTED_EDGE ( 'NONE', *, *, #1376, .T. ) ;
#2511 =( BOUNDED_CURVE ( )  B_SPLINE_CURVE ( 2, ( #2605, #1749, #2573, #708, #1543, #945, #1783, #929, #1955 ),
 .UNSPECIFIED., .F., .T. ) 
 B_SPLINE_CURVE_WITH_KNOTS ( ( 3, 2, 2, 2, 3 ),
 ( 0.8949706875291318919, 0.8949950039901038989, 0.9066622257689812558, 0.9183294475478586127, 0.9299810774252399437 ),
 .UNSPECIFIED. ) 
 CURVE ( )  GEOMETRIC_REPRESENTATION_ITEM ( )  RATIONAL_B_SPLINE_CURVE ( ( 0.9994427125289699898, 0.9997207743109832734, 1.000000000000000000, 0.8660254037844387076, 1.000000000000000000, 0.8660254037844387076, 1.000000000000000000, 0.8662044454403486915, 0.9996423952253871148 ) ) 
 REPRESENTATION_ITEM ( '' )  );
#2512 = CARTESIAN_POINT ( 'NONE',  ( 1.266941000889092672, -0.7303329843146456613, 11.75744944979151185 ) ) ;
#2513 = B_SPLINE_CURVE_WITH_KNOTS ( 'NONE', 3,
 ( #1185, #294, #127, #2635, #341, #2620, #750, #1589, #2572, #1381, #2218, #707, #1542, #1169, #2012, #766, #2369, #504, #1335, #2171, #1568, #1794, #2617, #1365, #747, #546, #941, #1379 ),
 .UNSPECIFIED., .F., .F.,
 ( 4, 2, 2, 2, 2, 2, 2, 2, 2, 2, 2, 2, 2, 4 ),
 ( 1.300784675485091375E-20, 0.0002943882175809898203, 0.0005887764351619796405, 0.0008831646527429696776, 0.001177552870323959715, 0.001766329305485939355, 0.002355105740647918996, 0.002649493958228907840, 0.002943882175809896251, 0.003532658610971871338, 0.003827046828552859315, 0.004121435046133846425, 0.004415823263714834836, 0.004710211481295822379 ),
 .UNSPECIFIED. ) ;
#2514 = CARTESIAN_POINT ( 'NONE',  ( 1.449987070048621929, -0.1899033027724640332, 14.60147257435816925 ) ) ;
#2515 = CARTESIAN_POINT ( 'NONE',  ( 0.1897072413833433002, -1.450012734522842628, 10.25522185066562741 ) ) ;
#2516 = CARTESIAN_POINT ( 'NONE',  ( -1.474999404861707886, -0.0008939378023679723324, 15.65189265159265908 ) ) ;
#2517 = CARTESIAN_POINT ( 'NONE',  ( 1.499999999999999778, 0.8660254037844391517, 16.30833333333333357 ) ) ;
#2518 = EDGE_CURVE ( 'NONE', #2259, #1455, #369, .T. ) ;
#2519 = CARTESIAN_POINT ( 'NONE',  ( -1.412234561944587075, 0.3796304910847175806, 14.23685422505417186 ) ) ;
#2520 = CARTESIAN_POINT ( 'NONE',  ( -1.500000000000000000, 0.000000000000000000, 15.63750000081935632 ) ) ;
#2521 = ORIENTED_EDGE ( 'NONE', *, *, #657, .T. ) ;
#2522 = VECTOR ( 'NONE', #1173, 1000.000000000000114 ) ;
#2523 = CARTESIAN_POINT ( 'NONE',  ( -0.7303321272585442392, -1.266941494941881130, 8.782163719486680620 ) ) ;
#2524 =( BOUNDED_CURVE ( )  B_SPLINE_CURVE ( 2, ( #2385, #280, #887, #918, #1111, #2145, #85, #1353, #901 ),
 .UNSPECIFIED., .F., .T. ) 
 B_SPLINE_CURVE_WITH_KNOTS ( ( 3, 2, 2, 2, 3 ),
 ( 0.5099611035443026852, 0.5099766852871515654, 0.5216439070660289223, 0.5333111288449062792, 0.5449715370779200097 ),
 .UNSPECIFIED. ) 
 CURVE ( )  GEOMETRIC_REPRESENTATION_ITEM ( )  RATIONAL_B_SPLINE_CURVE ( ( 0.9996426279053194364, 0.9998210749957375798, 1.000000000000000000, 0.8660254037844387076, 1.000000000000000000, 0.8660254037844387076, 1.000000000000000000, 0.8661036436664922844, 0.9998436116185775990 ) ) 
 REPRESENTATION_ITEM ( '' )  );
#2525 = B_SPLINE_CURVE_WITH_KNOTS ( 'NONE', 3,
 ( #158, #585, #800, #2045, #1002, #1386, #387, #599, #2223, #2272, #402, #145, #1232, #452, #2132, #2519, #1028, #1041 ),
 .UNSPECIFIED., .F., .F.,
 ( 4, 2, 2, 2, 2, 2, 2, 2, 4 ),
 ( 0.6149990874127082563, 0.6193740890702571500, 0.6237490907278059327, 0.6281240923853548264, 0.6324990940429036090, 0.6368740957004525027, 0.6412490973580013964, 0.6456240990155501791, 0.6499991006730990728 ),
 .UNSPECIFIED. ) ;
#2526 = CARTESIAN_POINT ( 'NONE',  ( -0.7303337404334577787, -1.266940565021323462, 14.38270156477576123 ) ) ;
#2527 = ORIENTED_EDGE ( 'NONE', *, *, #1472, .T. ) ;
#2528 = DIRECTION ( 'NONE',  ( -0.000000000000000000, 0.000000000000000000, -1.000000000000000000 ) ) ;
#2529 = CARTESIAN_POINT ( 'NONE',  ( 1.474999425643015449, 0.0008781838631647275644, 10.40163941636691725 ) ) ;
#2530 = CARTESIAN_POINT ( 'NONE',  ( -19.50000000000000355, 1.836970198721030181E-16, 5.839946296394552760 ) ) ;
#2531 = CARTESIAN_POINT ( 'NONE',  ( -0.1897052798768160686, 1.450012991148386332, 16.20579331129779632 ) ) ;
#2532 = CIRCLE ( 'NONE', #1367, 5.739999999999999325 ) ;
#2533 = AXIS2_PLACEMENT_3D ( 'NONE', #863, #2096, #1474 ) ;
#2534 = CARTESIAN_POINT ( 'NONE',  ( 1.499493876643279711, -0.8663176142406837643, 17.59162730151669862 ) ) ;
#2535 = CARTESIAN_POINT ( 'NONE',  ( 0.7499999999999996669, 1.299038105676658228, 14.00416666748602523 ) ) ;
#2536 = EDGE_CURVE ( 'NONE', #891, #890, #1978, .T. ) ;
#2537 = VERTEX_POINT ( 'NONE', #239 ) ;
#2538 = CARTESIAN_POINT ( 'NONE',  ( 1.474999403463126635, 0.0008949880975194468265, 16.00190953394382021 ) ) ;
#2539 = VERTEX_POINT ( 'NONE', #2079 ) ;
#2540 = CARTESIAN_POINT ( 'NONE',  ( 0.1897079338204061827, -1.450012643930076006, 8.155020158688612852 ) ) ;
#2541 = CARTESIAN_POINT ( 'NONE',  ( -1.500000000000000000, 0.000000000000000000, 10.03750000081935845 ) ) ;
#2542 = CARTESIAN_POINT ( 'NONE',  ( 1.499999999999999778, 0.8660254037844391517, 15.60833333333333606 ) ) ;
#2543 = CARTESIAN_POINT ( 'NONE',  ( 0.000000000000000000, 0.000000000000000000, 22.10121933088197821 ) ) ;
#2544 = CARTESIAN_POINT ( 'NONE',  ( -0.7499999999999988898, -1.299038105676658672, 13.65416666748602559 ) ) ;
#2545 = ORIENTED_EDGE ( 'NONE', *, *, #337, .F. ) ;
#2546 = EDGE_CURVE ( 'NONE', #71, #1736, #1707, .T. ) ;
#2547 = ORIENTED_EDGE ( 'NONE', *, *, #111, .T. ) ;
#2548 = ADVANCED_FACE ( 'NONE', ( #848 ), #664, .F. ) ;
#2549 = DIRECTION ( 'NONE',  ( -0.4999999999999998890, -0.8660254037844387076, 0.000000000000000000 ) ) ;
#2550 = DIRECTION ( 'NONE',  ( -0.000000000000000000, -0.000000000000000000, -1.000000000000000000 ) ) ;
#2551 = CARTESIAN_POINT ( 'NONE',  ( -1.412234924466629238, 0.3796291424909296608, 10.03645084108440955 ) ) ;
#2552 = CARTESIAN_POINT ( 'NONE',  ( 1.412285865587399991, 0.3794395888334328726, 10.44482339230283330 ) ) ;
#2553 = AXIS2_PLACEMENT_3D ( 'NONE', #1288, #687, #1089 ) ;
#2554 = CARTESIAN_POINT ( 'NONE',  ( -0.7500000000000002220, 1.299038105676658006, 9.920833334152691307 ) ) ;
#2555 = CARTESIAN_POINT ( 'NONE',  ( -1.060575238724906915E-16, 1.732050807568877193, 15.72500000000000320 ) ) ;
#2556 = CARTESIAN_POINT ( 'NONE',  ( -6.928203230275513214, -2.596808198865154183E-15, 18.00000000000000355 ) ) ;
#2557 = CARTESIAN_POINT ( 'NONE',  ( -0.7499999999999988898, -1.299038105676658672, 9.716666666666668561 ) ) ;
#2558 = CARTESIAN_POINT ( 'NONE',  ( 1.500000000000000000, 1.836970198721029934E-16, 13.88750000081935987 ) ) ;
#2559 = ORIENTED_EDGE ( 'NONE', *, *, #207, .F. ) ;
#2560 = ORIENTED_EDGE ( 'NONE', *, *, #1098, .F. ) ;
#2561 = CARTESIAN_POINT ( 'NONE',  ( 1.412285925981924484, 0.3794393640427732306, 11.14489062296313016 ) ) ;
#2562 = EDGE_LOOP ( 'NONE', ( #183, #2288, #1278, #211 ) ) ;
#2563 = AXIS2_PLACEMENT_3D ( 'NONE', #123, #1406, #1994 ) ;
#2564 = FACE_OUTER_BOUND ( 'NONE', #839, .T. ) ;
#2565 = ORIENTED_EDGE ( 'NONE', *, *, #303, .F. ) ;
#2566 = EDGE_CURVE ( 'NONE', #305, #334, #2532, .T. ) ;
#2567 = CARTESIAN_POINT ( 'NONE',  ( -1.474999304409551515, 0.0008057808854523029231, 14.48551520092319933 ) ) ;
#2568 = DIRECTION ( 'NONE',  ( -0.000000000000000000, -0.000000000000000000, -1.000000000000000000 ) ) ;
#2569 = CARTESIAN_POINT ( 'NONE',  ( 3.181725716174720005E-16, -1.732050807568877193, 8.112500000819357737 ) ) ;
#2570 = CARTESIAN_POINT ( 'NONE',  ( 1.499999999999999778, 0.8660254037844391517, 14.90833333333333499 ) ) ;
#2571 = CARTESIAN_POINT ( 'NONE',  ( -1.474999301707385024, 0.0008115784871408253734, 11.68551473844282462 ) ) ;
#2572 = CARTESIAN_POINT ( 'NONE',  ( -5.654036754145167265, -0.9921567868384734146, 5.469153569795633274 ) ) ;
#2573 = CARTESIAN_POINT ( 'NONE',  ( 1.500000000000000000, 1.836970198721029934E-16, 16.95000000000000284 ) ) ;
#2574 = CARTESIAN_POINT ( 'NONE',  ( -1.499999999999999778, -0.8660254037844394848, 10.35833333333333606 ) ) ;
#2575 = CARTESIAN_POINT ( 'NONE',  ( 1.499999999999999778, 0.8660254037844391517, 11.14583333415269273 ) ) ;
#2576 = AXIS2_PLACEMENT_3D ( 'NONE', #728, #1549, #513 ) ;
#2577 = AXIS2_PLACEMENT_3D ( 'NONE', #2170, #736, #292 ) ;
#2578 = VECTOR ( 'NONE', #1894, 1000.000000000000000 ) ;
#2579 = ORIENTED_EDGE ( 'NONE', *, *, #2178, .T. ) ;
#2580 = CARTESIAN_POINT ( 'NONE',  ( -0.7500000000000002220, 1.299038105676658006, 10.88333333333333464 ) ) ;
#2581 = ORIENTED_EDGE ( 'NONE', *, *, #672, .F. ) ;
#2582 = CARTESIAN_POINT ( 'NONE',  ( -0.1897078184089402431, 1.450012659029582318, 8.505053774017712342 ) ) ;
#2583 = CARTESIAN_POINT ( 'NONE',  ( 0.1899017450550186947, 1.449987274060266396, 9.876018767391563813 ) ) ;
#2584 = CARTESIAN_POINT ( 'NONE',  ( -1.474999330910995887, 0.001002002746655978683, 13.78549871797095605 ) ) ;
#2585 = CARTESIAN_POINT ( 'NONE',  ( 0.3794396450304179935, -1.412285850488802286, 10.26980658463770979 ) ) ;
#2586 = EDGE_CURVE ( 'NONE', #1593, #1191, #186, .T. ) ;
#2587 = CARTESIAN_POINT ( 'NONE',  ( 1.500000000000000444, -0.8660254037844380415, 8.229166667486023101 ) ) ;
#2588 = CARTESIAN_POINT ( 'NONE',  ( -1.500000000000000000, 0.000000000000000000, 13.80000000000000249 ) ) ;
#2589 = CARTESIAN_POINT ( 'NONE',  ( -1.449999999999999956, 7.438997730306917380E-16, 5.839946296394552760 ) ) ;
#2590 = DIRECTION ( 'NONE',  ( -0.8660254037844388186, 0.4999999999999996114, 0.000000000000000000 ) ) ;
#2591 = DIRECTION ( 'NONE',  ( -0.000000000000000000, -0.000000000000000000, -1.000000000000000000 ) ) ;
#2592 = CARTESIAN_POINT ( 'NONE',  ( 0.8910150916503825069, -1.159576592624602887, 9.613493555894235598 ) ) ;
#2593 = CARTESIAN_POINT ( 'NONE',  ( 1.500000000000000000, 1.836970198721029934E-16, 10.38750000081935987 ) ) ;
#2594 = CARTESIAN_POINT ( 'NONE',  ( -1.449999999999999956, 0.000000000000000000, 22.10121933088197821 ) ) ;
#2595 = VERTEX_POINT ( 'NONE', #1669 ) ;
#2596 = CARTESIAN_POINT ( 'NONE',  ( -1.500000000000000222, 0.8660254037844384856, 12.34166666666666856 ) ) ;
#2597 = ORIENTED_EDGE ( 'NONE', *, *, #1943, .F. ) ;
#2598 = CARTESIAN_POINT ( 'NONE',  ( -1.412286378869059389, -0.3794376783784116913, 16.39539485293631671 ) ) ;
#2599 = CARTESIAN_POINT ( 'NONE',  ( 1.412285805191502597, 0.3794398136282668976, 9.744756161642875725 ) ) ;
#2600 = CARTESIAN_POINT ( 'NONE',  ( 1.159456103665598592, -0.8911718753331083764, 15.24320086913363248 ) ) ;
#2601 = CARTESIAN_POINT ( 'NONE',  ( -1.060575238724906915E-16, 1.732050807568877193, 9.425000000000004263 ) ) ;
#2602 = CARTESIAN_POINT ( 'NONE',  ( -0.1897055106117387369, 1.450012960961284847, 15.50572608063283830 ) ) ;
#2603 = CARTESIAN_POINT ( 'NONE',  ( -1.500000000000000222, 0.8660254037844384856, 13.74166666666666892 ) ) ;
#2604 = CARTESIAN_POINT ( 'NONE',  ( -0.8572233573267523665, -1.182973305981711798, 5.278080696030644781 ) ) ;
#2605 = CARTESIAN_POINT ( 'NONE',  ( 1.474998354184326788, -0.001411258638435145549, 16.92738876018003324 ) ) ;
#2606 = CARTESIAN_POINT ( 'NONE',  ( 1.266941349624505442, -0.7303323793474176817, 9.657247757810443645 ) ) ;
#2607 = CARTESIAN_POINT ( 'NONE',  ( 0.7500000000000006661, -1.299038105676657562, 10.27083333415269095 ) ) ;
#2608 = CARTESIAN_POINT ( 'NONE',  ( -0.2032068457079637680, 1.436583997875873431, 4.771920703706157951 ) ) ;
#2609 = ADVANCED_FACE ( 'NONE', ( #1470 ), #1892, .T. ) ;
#2610 = AXIS2_PLACEMENT_3D ( 'NONE', #1912, #1728, #2116 ) ;
#2611 = CARTESIAN_POINT ( 'NONE',  ( 0.3226078907202395984, 1.413656305063340834, 7.901921549541968126 ) ) ;
#2612 = CARTESIAN_POINT ( 'NONE',  ( 3.181725716174720005E-16, -1.732050807568877193, 11.87500000000000178 ) ) ;
#2613 = ORIENTED_EDGE ( 'NONE', *, *, #1712, .T. ) ;
#2614 = CARTESIAN_POINT ( 'NONE',  ( -0.3952856537585294761, 1.398084437094247345, 3.793280787779952146 ) ) ;
#2615 = CARTESIAN_POINT ( 'NONE',  ( 0.7500000000000006661, -1.299038105676657562, 14.73333333333333428 ) ) ;
#2616 = CARTESIAN_POINT ( 'NONE',  ( 0.000000000000000000, 0.000000000000000000, 12.00000000000000000 ) ) ;
#2617 = CARTESIAN_POINT ( 'NONE',  ( -5.701999472359640997, -0.6656412964724736092, 2.992160352195610606 ) ) ;
#2618 = CARTESIAN_POINT ( 'NONE',  ( -1.449987024719109563, 0.1899036488812077816, 15.65157342035464261 ) ) ;
#2619 = CARTESIAN_POINT ( 'NONE',  ( 3.464101615137752166, 6.000000000000003553, 12.00000000000000000 ) ) ;
#2620 = CARTESIAN_POINT ( 'NONE',  ( -5.701877094582514793, -0.6667193988988027176, 5.687218576616601240 ) ) ;
#2621 = CARTESIAN_POINT ( 'NONE',  ( 1.267039537778819058, 0.7301620213467245879, 11.87412732156842310 ) ) ;
#2622 = CARTESIAN_POINT ( 'NONE',  ( 0.1111335658694244666, 1.461915867682777037, 7.782078177923960283 ) ) ;
#2623 = CARTESIAN_POINT ( 'NONE',  ( 1.412286107151492054, 0.3794386897232084888, 13.24509231494815076 ) ) ;
#2624 = ORIENTED_EDGE ( 'NONE', *, *, #69, .T. ) ;
#2625 = CARTESIAN_POINT ( 'NONE',  ( 0.05981020860531448963, -1.449773622362631631, 3.955034425573102475 ) ) ;
#2626 = ADVANCED_FACE ( 'NONE', ( #1060 ), #1047, .F. ) ;
#2627 = CARTESIAN_POINT ( 'NONE',  ( 1.499999999999999778, 0.8660254037844391517, 11.40833333333333677 ) ) ;
#2628 = ORIENTED_EDGE ( 'NONE', *, *, #467, .F. ) ;
#2629 = FACE_OUTER_BOUND ( 'NONE', #415, .T. ) ;
#2630 = B_SPLINE_CURVE_WITH_KNOTS ( 'NONE', 3,
 ( #2501, #1237, #2466, #846, #1020, #28, #1642, #4, #857, #1680, #1447, #418, #1211, #2490, #395, #1046, #2688, #2091 ),
 .UNSPECIFIED., .F., .F.,
 ( 4, 2, 2, 2, 2, 2, 2, 2, 4 ),
 ( 0.8949991934962745477, 0.8993741951538560819, 0.9037491968114376162, 0.9081241984690190394, 0.9124992001266005737, 0.9168742017841821079, 0.9212492034417635312, 0.9256242050993450654, 0.9299992067569265997 ),
 .UNSPECIFIED. ) ;
#2631 = CARTESIAN_POINT ( 'NONE',  ( -0.7303327322408768030, -1.266941146197806844, 10.88236541146642367 ) ) ;
#2632 = CARTESIAN_POINT ( 'NONE',  ( 0.3794380716603745207, -1.412286273206249776, 15.17027719927276586 ) ) ;
#2633 = CARTESIAN_POINT ( 'NONE',  ( 1.500000000000000222, -0.001567792231492345619, 8.549894397385530809 ) ) ;
#2634 = CARTESIAN_POINT ( 'NONE',  ( 1.449999999999999956, 1.775737858763661670E-16, 22.10121933088197821 ) ) ;
#2635 = CARTESIAN_POINT ( 'NONE',  ( -5.727563758767677982, -0.3897239333358528124, 5.791748846850608423 ) ) ;
#2636 = CYLINDRICAL_SURFACE ( 'NONE', #2110, 1.449999999999999956 ) ;
#2637 =( BOUNDED_CURVE ( )  B_SPLINE_CURVE ( 2, ( #1511, #1322, #1095, #296, #2557, #1941, #1084, #1557, #2158 ),
 .UNSPECIFIED., .F., .F. ) 
 B_SPLINE_CURVE_WITH_KNOTS ( ( 3, 2, 2, 2, 3 ),
 ( 0.1599444501895831150, 0.1599600319208311916, 0.1716272536997086318, 0.1832944754785859609, 0.1949374016483687022 ),
 .UNSPECIFIED. ) 
 CURVE ( )  GEOMETRIC_REPRESENTATION_ITEM ( )  RATIONAL_B_SPLINE_CURVE ( ( 0.9996426281710322215, 0.9998210751289497988, 1.000000000000000000, 0.8660254037844387076, 1.000000000000000000, 0.8660254037844387076, 1.000000000000000000, 0.8663043900315462453, 0.9994431894174946596 ) ) 
 REPRESENTATION_ITEM ( '' )  );
#2638 = CARTESIAN_POINT ( 'NONE',  ( 1.450000000000005285, 0.2157715194364284439, 5.839946296394558090 ) ) ;
#2639 = DIRECTION ( 'NONE',  ( -1.000000000000000000, 0.000000000000000000, 0.000000000000000000 ) ) ;
#2640 = ORIENTED_EDGE ( 'NONE', *, *, #342, .F. ) ;
#2641 = CARTESIAN_POINT ( 'NONE',  ( 0.000000000000000000, 0.000000000000000000, 22.10121933088197821 ) ) ;
#2642 = CARTESIAN_POINT ( 'NONE',  ( 0.7500000000000006661, -1.299038105676657562, 11.93333333333333535 ) ) ;
#2643 = ORIENTED_EDGE ( 'NONE', *, *, #2489, .T. ) ;
#2644 = ADVANCED_FACE ( 'NONE', ( #835 ), #822, .F. ) ;
#2645 = CARTESIAN_POINT ( 'NONE',  ( -0.05983096443677760057, 1.449773277970272556, 3.955033125722808407 ) ) ;
#2646 = EDGE_CURVE ( 'NONE', #799, #616, #1071, .T. ) ;
#2647 = CARTESIAN_POINT ( 'NONE',  ( -1.449999999999999956, 8.188672700861818020E-16, 2.839946296394551428 ) ) ;
#2648 = DIRECTION ( 'NONE',  ( 1.000000000000000000, 0.000000000000000000, 0.000000000000000000 ) ) ;
#2649 = CARTESIAN_POINT ( 'NONE',  ( -0.7303331355448114959, -1.266940913711889882, 12.28249987278779898 ) ) ;
#2650 = DIRECTION ( 'NONE',  ( -1.000000000000000000, 0.000000000000000000, 0.000000000000000000 ) ) ;
#2651 = CARTESIAN_POINT ( 'NONE',  ( -1.499999999999999778, -0.8660254037844394848, 15.95833333333333393 ) ) ;
#2652 = CARTESIAN_POINT ( 'NONE',  ( 0.7301616684586195172, -1.267039741138914266, 13.09924497522729148 ) ) ;
#2653 = DIRECTION ( 'NONE',  ( -0.000000000000000000, -0.000000000000000000, -1.000000000000000000 ) ) ;
#2654 = ORIENTED_EDGE ( 'NONE', *, *, #2215, .T. ) ;
#2655 = CARTESIAN_POINT ( 'NONE',  ( -0.8528314548697322195, -1.186231638744579930, 3.405846304354407383 ) ) ;
#2656 = APPLICATION_CONTEXT ( 'automotive_design' ) ;
#2657 = CARTESIAN_POINT ( 'NONE',  ( -1.500000000000000000, 0.000000000000000000, 8.900000000000002132 ) ) ;
#2658 = AXIS2_PLACEMENT_3D ( 'NONE', #237, #741, #1518 ) ;
#2659 = VERTEX_POINT ( 'NONE', #420 ) ;
#2660 = CARTESIAN_POINT ( 'NONE',  ( 0.7301614668095327554, -1.267039857344101961, 13.79931220588961338 ) ) ;
#2661 = DIRECTION ( 'NONE',  ( -0.000000000000000000, -0.000000000000000000, -1.000000000000000000 ) ) ;
#2662 = EDGE_CURVE ( 'NONE', #1925, #1148, #1683, .T. ) ;
#2663 = FILL_AREA_STYLE_COLOUR ( '', #803 ) ;
#2664 = VECTOR ( 'NONE', #973, 1000.000000000000000 ) ;
#2665 = CARTESIAN_POINT ( 'NONE',  ( 0.7303330347249575860, 1.266940971829916496, 11.93246625745692313 ) ) ;
#2666 = CARTESIAN_POINT ( 'NONE',  ( 1.450012983601728589, 0.1897053375597154423, 16.03077650363148976 ) ) ;
#2667 = ORIENTED_EDGE ( 'NONE', *, *, #1458, .T. ) ;
#2668 = CARTESIAN_POINT ( 'NONE',  ( 0.8571953476951017503, -1.183051538806135561, 3.401841679427136445 ) ) ;
#2669 = CARTESIAN_POINT ( 'NONE',  ( -0.7500000000000002220, 1.299038105676658006, 9.483333333333334281 ) ) ;
#2670 = VERTEX_POINT ( 'NONE', #2302 ) ;
#2671 = DIRECTION ( 'NONE',  ( -0.000000000000000000, -0.000000000000000000, -1.000000000000000000 ) ) ;
#2672 = LINE ( 'NONE', #1421, #2103 ) ;
#2673 = VECTOR ( 'NONE', #795, 1000.000000000000000 ) ;
#2674 = DIRECTION ( 'NONE',  ( 0.8660254037844385966, 0.5000000000000003331, -0.000000000000000000 ) ) ;
#2675 = CARTESIAN_POINT ( 'NONE',  ( -0.7500000000000002220, 1.299038105676658006, 11.58333333333333393 ) ) ;
#2676 = FILL_AREA_STYLE ('',( #2663 ) ) ;
#2677 = CARTESIAN_POINT ( 'NONE',  ( 5.654254704909637219, -0.9909573634796771113, 5.470275241849317460 ) ) ;
#2678 = EDGE_CURVE ( 'NONE', #48, #815, #391, .T. ) ;
#2679 = PRODUCT_DEFINITION_CONTEXT ( 'detailed design', #1485, 'design' ) ;
#2680 = FACE_OUTER_BOUND ( 'NONE', #895, .T. ) ;
#2681 = CARTESIAN_POINT ( 'NONE',  ( 5.702016682062570396, 0.6654706617616673592, 5.687803204453939721 ) ) ;
#2682 = VERTEX_POINT ( 'NONE', #2106 ) ;
#2683 = CARTESIAN_POINT ( 'NONE',  ( -0.2510144557302089741, -1.428863839469977970, 3.882549933632672090 ) ) ;
#2684 = CARTESIAN_POINT ( 'NONE',  ( 0.7500000000000006661, -1.299038105676657562, 16.57083333415269166 ) ) ;
#2685 = ORIENTED_EDGE ( 'NONE', *, *, #907, .T. ) ;
#2686 = CARTESIAN_POINT ( 'NONE',  ( 0.7303332363599772670, 1.266940855596732307, 12.63253348811909760 ) ) ;
#2687 = LINE ( 'NONE', #1434, #2442 ) ;
#2688 = CARTESIAN_POINT ( 'NONE',  ( -1.449986964285725932, 0.1899041103137263098, 17.05170788168678087 ) ) ;
#2689 = CARTESIAN_POINT ( 'NONE',  ( 1.500000000000000000, 1.836970198721029934E-16, 9.950000000000002842 ) ) ;
#2690 = DIRECTION ( 'NONE',  ( -0.000000000000000000, -0.000000000000000000, -1.000000000000000000 ) ) ;
#2691 = CARTESIAN_POINT ( 'NONE',  ( -1.474999410439581826, -0.0008897366625755405694, 14.25182512219149444 ) ) ;
#2692 = CARTESIAN_POINT ( 'NONE',  ( -0.3796314461540837293, -1.412234305206832685, 17.21213995538063202 ) ) ;
#2693 = ORIENTED_EDGE ( 'NONE', *, *, #701, .T. ) ;
#2694 = CARTESIAN_POINT ( 'NONE',  ( 1.499999999999999778, 0.8660254037844391517, 10.70833333333333570 ) ) ;
#2695 = CARTESIAN_POINT ( 'NONE',  ( -1.060575238724906915E-16, 1.732050807568877193, 16.86250000081935596 ) ) ;
ENDSEC;
END-ISO-10303-21;
