ISO-10303-21;
HEADER;
FILE_DESCRIPTION (( 'STEP AP214' ),
    '1' );
FILE_NAME ('Suporte_Motor_25mm.STEP',
    '2023-06-16T16:27:10',
    ( '' ),
    ( '' ),
    '',
    '',
    '' );
FILE_SCHEMA (( 'AUTOMOTIVE_DESIGN' ));
ENDSEC;

DATA;
#1 = CARTESIAN_POINT ( 'NONE',  ( -13.50000000000000178, -2.499999999999996447, -0.9999999999999965583 ) ) ;
#2 = EDGE_LOOP ( 'NONE', ( #394, #923, #985, #620 ) ) ;
#3 = VECTOR ( 'NONE', #768, 1000.000000000000000 ) ;
#4 =( NAMED_UNIT ( * ) SI_UNIT ( $, .STERADIAN. ) SOLID_ANGLE_UNIT ( ) );
#5 = ADVANCED_FACE ( 'NONE', ( #1202 ), #1265, .F. ) ;
#6 = CARTESIAN_POINT ( 'NONE',  ( 8.500000000000000000, 0.000000000000000000, -14.49999999999999289 ) ) ;
#7 = EDGE_LOOP ( 'NONE', ( #1257, #438, #46, #1442 ) ) ;
#8 = CARTESIAN_POINT ( 'NONE',  ( -11.50000000000000000, -34.50000000000000000, 1.153591111524576718E-13 ) ) ;
#9 = CARTESIAN_POINT ( 'NONE',  ( -10.00000000000000355, -32.99999999999998579, 1.500000000000237366 ) ) ;
#10 = DIRECTION ( 'NONE',  ( -0.000000000000000000, -3.491481338843133355E-15, -1.000000000000000000 ) ) ;
#11 = EDGE_LOOP ( 'NONE', ( #1087, #120, #1256, #1373 ) ) ;
#12 = EDGE_CURVE ( 'NONE', #1404, #1081, #233, .T. ) ;
#13 = ORIENTED_EDGE ( 'NONE', *, *, #337, .T. ) ;
#14 = DIRECTION ( 'NONE',  ( -1.196361017915039486E-16, -0.000000000000000000, 1.000000000000000000 ) ) ;
#15 = CARTESIAN_POINT ( 'NONE',  ( 8.500000000000000000, 0.000000000000000000, -12.89999999999999325 ) ) ;
#16 = PLANE ( 'NONE',  #458 ) ;
#17 = AXIS2_PLACEMENT_3D ( 'NONE', #243, #1285, #935 ) ;
#18 = VERTEX_POINT ( 'NONE', #1218 ) ;
#19 = ORIENTED_EDGE ( 'NONE', *, *, #1116, .T. ) ;
#20 = DIRECTION ( 'NONE',  ( 0.000000000000000000, 1.000000000000000000, -3.523657060577895721E-15 ) ) ;
#21 = DIRECTION ( 'NONE',  ( 0.000000000000000000, 1.000000000000000000, 0.000000000000000000 ) ) ;
#22 = VERTEX_POINT ( 'NONE', #1320 ) ;
#23 = SURFACE_STYLE_FILL_AREA ( #180 ) ;
#24 = ORIENTED_EDGE ( 'NONE', *, *, #1091, .F. ) ;
#25 = CLOSED_SHELL ( 'NONE', ( #391, #5, #1036, #1002, #666, #124, #1371, #1253, #294, #269, #584, #566, #210, #920, #183, #690, #413, #526, #812, #933, #1162, #1446, #429, #539, #784, #90, #655, #1406, #373, #282, #770, #400, #221, #1173, #1272, #1224, #1487, #170, #892, #1263, #73, #762, #198, #880, #1063, #1344 ) ) ;
#26 = CARTESIAN_POINT ( 'NONE',  ( 13.50000000000000355, -13.49999999999998934, 1.500000000000169420 ) ) ;
#27 = DIRECTION ( 'NONE',  ( 1.000000000000000000, 0.000000000000000000, -1.196361017915039239E-16 ) ) ;
#28 = EDGE_LOOP ( 'NONE', ( #934, #626, #362, #399 ) ) ;
#29 = VERTEX_POINT ( 'NONE', #15 ) ;
#30 = ORIENTED_EDGE ( 'NONE', *, *, #791, .T. ) ;
#31 = DIRECTION ( 'NONE',  ( -0.000000000000000000, -3.491481338843133355E-15, -1.000000000000000000 ) ) ;
#32 = ORIENTED_EDGE ( 'NONE', *, *, #423, .F. ) ;
#33 = VERTEX_POINT ( 'NONE', #1447 ) ;
#34 = ORIENTED_EDGE ( 'NONE', *, *, #775, .T. ) ;
#35 = CARTESIAN_POINT ( 'NONE',  ( 9.999999999999998224, -19.99999999999999645, 6.982962677686265448E-14 ) ) ;
#36 = CARTESIAN_POINT ( 'NONE',  ( 13.49999999999999289, -36.50000000000000000, 1.500000000000122347 ) ) ;
#37 = ORIENTED_EDGE ( 'NONE', *, *, #932, .T. ) ;
#38 = EDGE_CURVE ( 'NONE', #58, #1454, #1270, .T. ) ;
#39 = PRESENTATION_STYLE_ASSIGNMENT (( #473 ) ) ;
#40 = ORIENTED_EDGE ( 'NONE', *, *, #1201, .T. ) ;
#41 = AXIS2_PLACEMENT_3D ( 'NONE', #166, #986, #261 ) ;
#42 = FILL_AREA_STYLE_COLOUR ( '', #1080 ) ;
#43 = EDGE_CURVE ( 'NONE', #905, #823, #1401, .T. ) ;
#44 = VERTEX_POINT ( 'NONE', #668 ) ;
#45 = AXIS2_PLACEMENT_3D ( 'NONE', #669, #503, #195 ) ;
#46 = ORIENTED_EDGE ( 'NONE', *, *, #808, .F. ) ;
#47 = DIRECTION ( 'NONE',  ( 0.000000000000000000, -1.000000000000000000, 3.523657060577895721E-15 ) ) ;
#48 = SHAPE_DEFINITION_REPRESENTATION ( #1282, #1353 ) ;
#49 = EDGE_LOOP ( 'NONE', ( #1048, #509 ) ) ;
#50 = VERTEX_POINT ( 'NONE', #285 ) ;
#51 =( NAMED_UNIT ( * ) SI_UNIT ( $, .STERADIAN. ) SOLID_ANGLE_UNIT ( ) );
#52 = ORIENTED_EDGE ( 'NONE', *, *, #554, .F. ) ;
#53 = PLANE ( 'NONE',  #1057 ) ;
#54 = EDGE_LOOP ( 'NONE', ( #636, #732, #901, #726 ) ) ;
#55 = ORIENTED_EDGE ( 'NONE', *, *, #1284, .F. ) ;
#56 = ORIENTED_EDGE ( 'NONE', *, *, #255, .T. ) ;
#57 = DIRECTION ( 'NONE',  ( 0.000000000000000000, 0.000000000000000000, 1.000000000000000000 ) ) ;
#58 = VERTEX_POINT ( 'NONE', #87 ) ;
#59 = LINE ( 'NONE', #748, #1065 ) ;
#60 = AXIS2_PLACEMENT_3D ( 'NONE', #418, #834, #1514 ) ;
#61 = CARTESIAN_POINT ( 'NONE',  ( 13.50000000000000178, -2.499999999999988010, 1.500000000000003553 ) ) ;
#62 = VERTEX_POINT ( 'NONE', #543 ) ;
#63 = LINE ( 'NONE', #696, #1140 ) ;
#64 = ORIENTED_EDGE ( 'NONE', *, *, #507, .F. ) ;
#65 = ORIENTED_EDGE ( 'NONE', *, *, #675, .F. ) ;
#66 = EDGE_CURVE ( 'NONE', #440, #899, #376, .T. ) ;
#67 = CARTESIAN_POINT ( 'NONE',  ( 13.50000000000000178, -2.499999999999996447, -0.9999999999999965583 ) ) ;
#68 = CIRCLE ( 'NONE', #944, 1.600000000000000755 ) ;
#69 = ORIENTED_EDGE ( 'NONE', *, *, #1531, .T. ) ;
#70 = AXIS2_PLACEMENT_3D ( 'NONE', #250, #401, #629 ) ;
#71 = ORIENTED_EDGE ( 'NONE', *, *, #302, .T. ) ;
#72 = VECTOR ( 'NONE', #737, 1000.000000000000000 ) ;
#73 = ADVANCED_FACE ( 'NONE', ( #894 ), #971, .F. ) ;
#74 = DIRECTION ( 'NONE',  ( 0.000000000000000000, -1.000000000000000000, 3.491481338843136511E-15 ) ) ;
#75 = EDGE_LOOP ( 'NONE', ( #1474, #919, #409, #1425 ) ) ;
#76 = VERTEX_POINT ( 'NONE', #488 ) ;
#77 = EDGE_CURVE ( 'NONE', #1364, #341, #990, .T. ) ;
#78 = CYLINDRICAL_SURFACE ( 'NONE', #453, 1.599999999999999867 ) ;
#79 = CARTESIAN_POINT ( 'NONE',  ( -13.50000000000000000, -15.09999999999998899, 1.500000000000174971 ) ) ;
#80 = PRESENTATION_STYLE_ASSIGNMENT (( #693 ) ) ;
#81 = VECTOR ( 'NONE', #280, 1000.000000000000000 ) ;
#82 = ORIENTED_EDGE ( 'NONE', *, *, #635, .T. ) ;
#83 = DIRECTION ( 'NONE',  ( 0.000000000000000000, -9.714451465470119729E-15, 1.000000000000000000 ) ) ;
#84 = LINE ( 'NONE', #1299, #81 ) ;
#85 = ORIENTED_EDGE ( 'NONE', *, *, #302, .F. ) ;
#86 = LINE ( 'NONE', #1363, #106 ) ;
#87 = CARTESIAN_POINT ( 'NONE',  ( 1.959434878635763751E-16, -1.500000000000001332, -24.60000000000000142 ) ) ;
#88 = DIRECTION ( 'NONE',  ( 0.000000000000000000, -1.000000000000000000, 3.523657060577883888E-15 ) ) ;
#89 = FACE_OUTER_BOUND ( 'NONE', #1089, .T. ) ;
#90 = ADVANCED_FACE ( 'NONE', ( #443 ), #1222, .T. ) ;
#91 = CARTESIAN_POINT ( 'NONE',  ( 9.999999999999996447, -32.99999999999998579, 1.500000000000237366 ) ) ;
#92 = ORIENTED_EDGE ( 'NONE', *, *, #1149, .T. ) ;
#93 = EDGE_CURVE ( 'NONE', #955, #1434, #447, .T. ) ;
#94 = CARTESIAN_POINT ( 'NONE',  ( -10.00000000000000355, -34.59999999999998721, 1.500000000000243139 ) ) ;
#95 = FACE_OUTER_BOUND ( 'NONE', #1506, .T. ) ;
#96 = VERTEX_POINT ( 'NONE', #105 ) ;
#97 = ORIENTED_EDGE ( 'NONE', *, *, #1531, .F. ) ;
#98 = CIRCLE ( 'NONE', #1184, 2.500000000000000000 ) ;
#99 = DIRECTION ( 'NONE',  ( 0.000000000000000000, 0.000000000000000000, 1.000000000000000000 ) ) ;
#100 = EDGE_LOOP ( 'NONE', ( #571, #538, #1000, #1227 ) ) ;
#101 = DIRECTION ( 'NONE',  ( 0.000000000000000000, 1.000000000000000000, 0.000000000000000000 ) ) ;
#102 = CYLINDRICAL_SURFACE ( 'NONE', #817, 1.600000000000001643 ) ;
#103 = ORIENTED_EDGE ( 'NONE', *, *, #1333, .F. ) ;
#104 = CARTESIAN_POINT ( 'NONE',  ( -13.50000000000000888, -26.49999999999997868, 1.500000000000214939 ) ) ;
#105 = CARTESIAN_POINT ( 'NONE',  ( 10.00000000000000000, -8.599999999999981881, 1.500000000000152545 ) ) ;
#106 = VECTOR ( 'NONE', #214, 1000.000000000000000 ) ;
#107 = EDGE_LOOP ( 'NONE', ( #349, #1413 ) ) ;
#108 = CARTESIAN_POINT ( 'NONE',  ( 10.00000000000000000, -5.399999999999979039, 1.500000000000141220 ) ) ;
#109 = CARTESIAN_POINT ( 'NONE',  ( -10.00000000000000000, -6.999999999999977796, 1.500000000000146771 ) ) ;
#110 = CYLINDRICAL_SURFACE ( 'NONE', #320, 1.600000000000002531 ) ;
#111 = ORIENTED_EDGE ( 'NONE', *, *, #713, .F. ) ;
#112 = VECTOR ( 'NONE', #375, 1000.000000000000000 ) ;
#113 = ORIENTED_EDGE ( 'NONE', *, *, #1225, .T. ) ;
#114 = CARTESIAN_POINT ( 'NONE',  ( 13.49999999999999822, -15.09999999999999254, 1.500000000000174971 ) ) ;
#115 = EDGE_CURVE ( 'NONE', #1054, #640, #1185, .T. ) ;
#116 = LINE ( 'NONE', #621, #1150 ) ;
#117 = ORIENTED_EDGE ( 'NONE', *, *, #546, .T. ) ;
#118 = AXIS2_PLACEMENT_3D ( 'NONE', #137, #973, #1072 ) ;
#119 = CIRCLE ( 'NONE', #708, 1.000000000000000000 ) ;
#120 = ORIENTED_EDGE ( 'NONE', *, *, #1079, .T. ) ;
#121 = AXIS2_PLACEMENT_3D ( 'NONE', #891, #1146, #1271 ) ;
#122 = UNCERTAINTY_MEASURE_WITH_UNIT (LENGTH_MEASURE( 1.000000000000000082E-05 ), #871, 'distance_accuracy_value', 'NONE');
#123 = VECTOR ( 'NONE', #783, 1000.000000000000000 ) ;
#124 = ADVANCED_FACE ( 'NONE', ( #95 ), #102, .F. ) ;
#125 = ORIENTED_EDGE ( 'NONE', *, *, #352, .T. ) ;
#126 = DIRECTION ( 'NONE',  ( 0.000000000000000000, -3.491481338843133355E-15, -1.000000000000000000 ) ) ;
#127 = PLANE ( 'NONE',  #1093 ) ;
#128 = EDGE_LOOP ( 'NONE', ( #197, #478 ) ) ;
#129 = CARTESIAN_POINT ( 'NONE',  ( -10.00000000000000355, -34.59999999999999432, 1.208052543239723762E-13 ) ) ;
#130 = DIRECTION ( 'NONE',  ( -0.000000000000000000, -3.491481338843133355E-15, -1.000000000000000000 ) ) ;
#131 = VECTOR ( 'NONE', #758, 1000.000000000000000 ) ;
#132 = AXIS2_PLACEMENT_3D ( 'NONE', #1030, #572, #1498 ) ;
#133 = EDGE_LOOP ( 'NONE', ( #1075, #1016 ) ) ;
#134 = AXIS2_PLACEMENT_3D ( 'NONE', #1391, #281, #678 ) ;
#135 = FACE_OUTER_BOUND ( 'NONE', #1538, .T. ) ;
#136 = EDGE_CURVE ( 'NONE', #815, #974, #627, .T. ) ;
#137 = CARTESIAN_POINT ( 'NONE',  ( 9.999999999999998224, -19.99999999999998934, 1.500000000000192069 ) ) ;
#138 = CIRCLE ( 'NONE', #1295, 2.000000000000001776 ) ;
#139 = AXIS2_PLACEMENT_3D ( 'NONE', #701, #316, #580 ) ;
#140 = CARTESIAN_POINT ( 'NONE',  ( 13.49999999999999289, -36.50000000000000000, 1.500000000000122347 ) ) ;
#141 = FACE_BOUND ( 'NONE', #851, .T. ) ;
#142 = PLANE ( 'NONE',  #1369 ) ;
#143 = FACE_BOUND ( 'NONE', #1393, .T. ) ;
#144 = DIRECTION ( 'NONE',  ( 0.000000000000000000, 0.000000000000000000, 1.000000000000000000 ) ) ;
#145 = CARTESIAN_POINT ( 'NONE',  ( -10.00000000000000355, -31.39999999999999858, 1.096325140396743747E-13 ) ) ;
#146 = VECTOR ( 'NONE', #594, 1000.000000000000000 ) ;
#147 = DIRECTION ( 'NONE',  ( -0.000000000000000000, 1.000000000000000000, -0.000000000000000000 ) ) ;
#148 = CARTESIAN_POINT ( 'NONE',  ( -8.500000000000000000, 0.000000000000000000, -14.49999999999999822 ) ) ;
#149 = CARTESIAN_POINT ( 'NONE',  ( 8.500000000000000000, -36.50000000000000711, -14.49999999999999289 ) ) ;
#150 = VECTOR ( 'NONE', #1396, 1000.000000000000000 ) ;
#151 = AXIS2_PLACEMENT_3D ( 'NONE', #773, #856, #980 ) ;
#152 = DIRECTION ( 'NONE',  ( -0.000000000000000000, -3.491481338843133355E-15, -1.000000000000000000 ) ) ;
#153 = DIRECTION ( 'NONE',  ( 0.000000000000000000, 1.000000000000000000, -3.491481338843136511E-15 ) ) ;
#154 = DIRECTION ( 'NONE',  ( 0.000000000000000000, 1.000000000000000000, -3.523657060577887833E-15 ) ) ;
#155 = VECTOR ( 'NONE', #14, 1000.000000000000000 ) ;
#156 = CIRCLE ( 'NONE', #175, 2.000000000000001776 ) ;
#157 = CARTESIAN_POINT ( 'NONE',  ( 8.500000000000000000, 0.000000000000000000, -16.09999999999999076 ) ) ;
#158 = FACE_BOUND ( 'NONE', #569, .T. ) ;
#159 = DIRECTION ( 'NONE',  ( -1.196361017915039486E-16, 0.000000000000000000, -1.000000000000000000 ) ) ;
#160 = VECTOR ( 'NONE', #172, 1000.000000000000000 ) ;
#161 = DIRECTION ( 'NONE',  ( 0.000000000000000000, 0.000000000000000000, -1.000000000000000000 ) ) ;
#162 = DIRECTION ( 'NONE',  ( -0.000000000000000000, 1.000000000000000000, -0.000000000000000000 ) ) ;
#163 = CARTESIAN_POINT ( 'NONE',  ( 9.999999999999996447, -31.39999999999999147, 1.500000000000231815 ) ) ;
#164 = CYLINDRICAL_SURFACE ( 'NONE', #1300, 2.500000000000000000 ) ;
#165 = CIRCLE ( 'NONE', #529, 1.600000000000002531 ) ;
#166 = CARTESIAN_POINT ( 'NONE',  ( 0.000000000000000000, -1.500000000000001332, -14.50000000000000000 ) ) ;
#167 = CARTESIAN_POINT ( 'NONE',  ( 9.999999999999996447, -32.99999999999998579, 1.500000000000237366 ) ) ;
#168 = FACE_OUTER_BOUND ( 'NONE', #977, .T. ) ;
#169 = DIRECTION ( 'NONE',  ( -0.000000000000000000, -3.491481338843133355E-15, -1.000000000000000000 ) ) ;
#170 = ADVANCED_FACE ( 'NONE', ( #607 ), #110, .F. ) ;
#171 = EDGE_CURVE ( 'NONE', #33, #1366, #68, .T. ) ;
#172 = DIRECTION ( 'NONE',  ( -1.982541115402065110E-16, -1.000000000000000000, 3.491481338843133750E-15 ) ) ;
#173 = CARTESIAN_POINT ( 'NONE',  ( 13.49999999999999289, -34.50000000000000000, 1.152188841818234386E-13 ) ) ;
#174 = FACE_BOUND ( 'NONE', #1521, .T. ) ;
#175 = AXIS2_PLACEMENT_3D ( 'NONE', #924, #232, #743 ) ;
#176 = EDGE_CURVE ( 'NONE', #62, #374, #1111, .T. ) ;
#177 = DIRECTION ( 'NONE',  ( 0.000000000000000000, 0.000000000000000000, 1.000000000000000000 ) ) ;
#178 = PLANE ( 'NONE',  #717 ) ;
#179 = VECTOR ( 'NONE', #256, 1000.000000000000000 ) ;
#180 = FILL_AREA_STYLE ('',( #42 ) ) ;
#181 = ORIENTED_EDGE ( 'NONE', *, *, #1349, .F. ) ;
#182 = LINE ( 'NONE', #383, #131 ) ;
#183 = ADVANCED_FACE ( 'NONE', ( #578 ), #53, .T. ) ;
#184 = DIRECTION ( 'NONE',  ( 0.000000000000000000, -1.000000000000000000, 3.491481338843132566E-15 ) ) ;
#185 = CIRCLE ( 'NONE', #1118, 1.600000000000000755 ) ;
#186 = VECTOR ( 'NONE', #1503, 1000.000000000000000 ) ;
#187 = CARTESIAN_POINT ( 'NONE',  ( -10.00000000000000000, -8.599999999999978328, 1.500000000000152545 ) ) ;
#188 = CIRCLE ( 'NONE', #674, 1.600000000000002531 ) ;
#189 = DIRECTION ( 'NONE',  ( 0.000000000000000000, 1.000000000000000000, -3.523657060577883888E-15 ) ) ;
#190 = MECHANICAL_DESIGN_GEOMETRIC_PRESENTATION_REPRESENTATION (  '', ( #524 ), #1505 ) ;
#191 = DIRECTION ( 'NONE',  ( -1.196361017915039239E-16, 0.000000000000000000, -1.000000000000000000 ) ) ;
#192 = EDGE_CURVE ( 'NONE', #556, #959, #591, .T. ) ;
#193 = LINE ( 'NONE', #1164, #707 ) ;
#194 = EDGE_CURVE ( 'NONE', #380, #1235, #586, .T. ) ;
#195 = DIRECTION ( 'NONE',  ( 0.000000000000000000, -0.000000000000000000, 1.000000000000000000 ) ) ;
#196 = LINE ( 'NONE', #1154, #186 ) ;
#197 = ORIENTED_EDGE ( 'NONE', *, *, #1020, .T. ) ;
#198 = ADVANCED_FACE ( 'NONE', ( #1117 ), #595, .F. ) ;
#199 = CIRCLE ( 'NONE', #439, 1.599999999999999867 ) ;
#200 = EDGE_CURVE ( 'NONE', #1128, #577, #1129, .T. ) ;
#201 = DIRECTION ( 'NONE',  ( -0.000000000000000000, -3.491481338843133355E-15, -1.000000000000000000 ) ) ;
#202 = DIRECTION ( 'NONE',  ( 0.000000000000000000, -3.491481338843133355E-15, -1.000000000000000000 ) ) ;
#203 = ORIENTED_EDGE ( 'NONE', *, *, #136, .T. ) ;
#204 = FACE_OUTER_BOUND ( 'NONE', #1102, .T. ) ;
#205 = VERTEX_POINT ( 'NONE', #1243 ) ;
#206 = CARTESIAN_POINT ( 'NONE',  ( 0.000000000000000000, -36.50000000000000711, -14.50000000000000000 ) ) ;
#207 = FACE_BOUND ( 'NONE', #1337, .T. ) ;
#208 = AXIS2_PLACEMENT_3D ( 'NONE', #630, #746, #144 ) ;
#209 = DIRECTION ( 'NONE',  ( 0.000000000000000000, 1.000000000000000000, -3.523657060577895721E-15 ) ) ;
#210 = ADVANCED_FACE ( 'NONE', ( #1136 ), #532, .T. ) ;
#211 = VECTOR ( 'NONE', #884, 1000.000000000000000 ) ;
#212 = EDGE_CURVE ( 'NONE', #930, #347, #116, .T. ) ;
#213 = ORIENTED_EDGE ( 'NONE', *, *, #567, .F. ) ;
#214 = DIRECTION ( 'NONE',  ( -0.000000000000000000, -3.491481338843133355E-15, -1.000000000000000000 ) ) ;
#215 = AXIS2_PLACEMENT_3D ( 'NONE', #365, #650, #47 ) ;
#216 = ORIENTED_EDGE ( 'NONE', *, *, #993, .T. ) ;
#217 = DIRECTION ( 'NONE',  ( -0.000000000000000000, -3.491481338843133355E-15, -1.000000000000000000 ) ) ;
#218 = ORIENTED_EDGE ( 'NONE', *, *, #66, .T. ) ;
#219 = DIRECTION ( 'NONE',  ( -8.758115402030106693E-47, -3.491481338843133355E-15, -1.000000000000000000 ) ) ;
#220 = DIRECTION ( 'NONE',  ( -0.000000000000000000, -3.491481338843133355E-15, -1.000000000000000000 ) ) ;
#221 = ADVANCED_FACE ( 'NONE', ( #89 ), #78, .F. ) ;
#222 = EDGE_LOOP ( 'NONE', ( #745, #69 ) ) ;
#223 = ORIENTED_EDGE ( 'NONE', *, *, #764, .F. ) ;
#224 = CARTESIAN_POINT ( 'NONE',  ( 0.000000000000000000, -1.828566290923476203E-29, -5.237222008264700822E-15 ) ) ;
#225 = DIRECTION ( 'NONE',  ( -0.000000000000000000, 1.000000000000000000, -0.000000000000000000 ) ) ;
#226 = DIRECTION ( 'NONE',  ( 0.000000000000000000, -1.000000000000000000, 3.491481338843132566E-15 ) ) ;
#227 = EDGE_CURVE ( 'NONE', #1334, #1423, #63, .T. ) ;
#228 = DIRECTION ( 'NONE',  ( -0.000000000000000000, -3.491481338843133355E-15, -1.000000000000000000 ) ) ;
#229 = DIRECTION ( 'NONE',  ( -1.000000000000000000, 0.000000000000000000, -1.196361017915039239E-16 ) ) ;
#230 = DIRECTION ( 'NONE',  ( 0.000000000000000000, 1.000000000000000000, -3.491481338843132566E-15 ) ) ;
#231 = VERTEX_POINT ( 'NONE', #819 ) ;
#232 = DIRECTION ( 'NONE',  ( 0.000000000000000000, 3.491481338843133750E-15, 1.000000000000000000 ) ) ;
#233 = CIRCLE ( 'NONE', #803, 1.600000000000002531 ) ;
#234 = DIRECTION ( 'NONE',  ( 0.000000000000000000, 1.000000000000000000, 0.000000000000000000 ) ) ;
#235 = VECTOR ( 'NONE', #364, 1000.000000000000000 ) ;
#236 = AXIS2_PLACEMENT_3D ( 'NONE', #1545, #336, #462 ) ;
#237 = DIRECTION ( 'NONE',  ( 0.000000000000000000, 1.000000000000000000, 0.000000000000000000 ) ) ;
#238 = EDGE_CURVE ( 'NONE', #1366, #33, #602, .T. ) ;
#239 = CARTESIAN_POINT ( 'NONE',  ( -13.49999999999999112, -2.499999999999996447, 3.469446951953614189E-15 ) ) ;
#240 = DIRECTION ( 'NONE',  ( 0.000000000000000000, -3.491481338843133355E-15, -1.000000000000000000 ) ) ;
#241 = DIRECTION ( 'NONE',  ( 0.000000000000000000, 0.000000000000000000, 1.000000000000000000 ) ) ;
#242 = CARTESIAN_POINT ( 'NONE',  ( 9.999999999999998224, -18.39999999999998792, 1.500000000000186517 ) ) ;
#243 = CARTESIAN_POINT ( 'NONE',  ( 13.50000000000000178, -26.49999999999998934, 8.738669510233165738E-14 ) ) ;
#244 = DIRECTION ( 'NONE',  ( -0.000000000000000000, 1.000000000000000000, -0.000000000000000000 ) ) ;
#245 = EDGE_CURVE ( 'NONE', #487, #820, #84, .T. ) ;
#246 = DIRECTION ( 'NONE',  ( 0.000000000000000000, 0.000000000000000000, -1.000000000000000000 ) ) ;
#247 = AXIS2_PLACEMENT_3D ( 'NONE', #6, #474, #246 ) ;
#248 = CARTESIAN_POINT ( 'NONE',  ( -5.123066493966402640E-23, -36.50000000000000711, -6.000000000000003553 ) ) ;
#249 = DIRECTION ( 'NONE',  ( -0.000000000000000000, 1.000000000000000000, -0.000000000000000000 ) ) ;
#250 = CARTESIAN_POINT ( 'NONE',  ( 0.000000000000000000, 0.000000000000000000, -14.50000000000000000 ) ) ;
#251 = CARTESIAN_POINT ( 'NONE',  ( -13.49999999999999112, -2.499999999999996447, -0.9999999999999965583 ) ) ;
#252 = DIRECTION ( 'NONE',  ( -0.000000000000000000, 1.000000000000000000, -3.491481338843133750E-15 ) ) ;
#253 = CARTESIAN_POINT ( 'NONE',  ( -10.00000000000000178, -18.39999999999998437, 1.500000000000186517 ) ) ;
#254 = CARTESIAN_POINT ( 'NONE',  ( 13.50000000000000178, -2.499999999999996447, -0.9999999999999965583 ) ) ;
#255 = EDGE_CURVE ( 'NONE', #62, #928, #119, .T. ) ;
#256 = DIRECTION ( 'NONE',  ( -0.000000000000000000, -3.491481338843133355E-15, -1.000000000000000000 ) ) ;
#257 = CARTESIAN_POINT ( 'NONE',  ( 9.999999999999998224, -18.39999999999999503, 6.424325663471364112E-14 ) ) ;
#258 = DIRECTION ( 'NONE',  ( 0.000000000000000000, -1.000000000000000000, 3.491481338843136511E-15 ) ) ;
#259 = PRESENTATION_LAYER_ASSIGNMENT (  '', '', ( #1151 ) ) ;
#260 = CARTESIAN_POINT ( 'NONE',  ( -10.00000000000000355, -32.99999999999999289, 1.152188841818233881E-13 ) ) ;
#261 = DIRECTION ( 'NONE',  ( 0.000000000000000000, 0.000000000000000000, 1.000000000000000000 ) ) ;
#262 = CARTESIAN_POINT ( 'NONE',  ( 8.500000000000000000, -1.500000000000001332, -16.09999999999999076 ) ) ;
#263 = SURFACE_SIDE_STYLE ('',( #23 ) ) ;
#264 = EDGE_CURVE ( 'NONE', #333, #1054, #634, .T. ) ;
#265 = DIRECTION ( 'NONE',  ( -0.000000000000000000, -3.491481338843133355E-15, -1.000000000000000000 ) ) ;
#266 = AXIS2_PLACEMENT_3D ( 'NONE', #251, #1223, #1104 ) ;
#267 = EDGE_CURVE ( 'NONE', #898, #341, #1119, .T. ) ;
#268 =( NAMED_UNIT ( * ) PLANE_ANGLE_UNIT ( ) SI_UNIT ( $, .RADIAN. ) );
#269 = ADVANCED_FACE ( 'NONE', ( #610 ), #582, .F. ) ;
#270 = DIRECTION ( 'NONE',  ( 1.000000000000000000, -1.982541115402065110E-16, 6.922005307915560606E-31 ) ) ;
#271 = CARTESIAN_POINT ( 'NONE',  ( 9.999999999999998224, -19.99999999999999645, 6.982962677686265448E-14 ) ) ;
#272 = EDGE_CURVE ( 'NONE', #928, #1229, #1132, .T. ) ;
#273 = ORIENTED_EDGE ( 'NONE', *, *, #1039, .T. ) ;
#274 = VECTOR ( 'NONE', #219, 1000.000000000000000 ) ;
#275 = CYLINDRICAL_SURFACE ( 'NONE', #638, 1.599999999999998979 ) ;
#276 = VECTOR ( 'NONE', #427, 1000.000000000000000 ) ;
#277 = DIRECTION ( 'NONE',  ( 0.000000000000000000, -1.000000000000000000, 3.523657060577887833E-15 ) ) ;
#278 = ORIENTED_EDGE ( 'NONE', *, *, #1206, .T. ) ;
#279 = CYLINDRICAL_SURFACE ( 'NONE', #642, 1.600000000000000755 ) ;
#280 = DIRECTION ( 'NONE',  ( -0.000000000000000000, -3.491481338843133355E-15, -1.000000000000000000 ) ) ;
#281 = DIRECTION ( 'NONE',  ( -0.000000000000000000, -3.491481338843133355E-15, -1.000000000000000000 ) ) ;
#282 = ADVANCED_FACE ( 'NONE', ( #639 ), #614, .F. ) ;
#283 = LINE ( 'NONE', #1408, #323 ) ;
#284 = AXIS2_PLACEMENT_3D ( 'NONE', #600, #293, #99 ) ;
#285 = CARTESIAN_POINT ( 'NONE',  ( -8.500000000000000000, 0.000000000000000000, -12.89999999999999858 ) ) ;
#286 = FACE_OUTER_BOUND ( 'NONE', #1109, .T. ) ;
#287 = EDGE_CURVE ( 'NONE', #898, #327, #1101, .T. ) ;
#288 = CYLINDRICAL_SURFACE ( 'NONE', #1528, 1.599999999999999867 ) ;
#289 = CYLINDRICAL_SURFACE ( 'NONE', #687, 1.600000000000001643 ) ;
#290 = CARTESIAN_POINT ( 'NONE',  ( 1.959434366329115623E-16, 0.000000000000000000, -7.600000000000003197 ) ) ;
#291 = ORIENTED_EDGE ( 'NONE', *, *, #1481, .F. ) ;
#292 = LINE ( 'NONE', #318, #816 ) ;
#293 = DIRECTION ( 'NONE',  ( 0.000000000000000000, 1.000000000000000000, 0.000000000000000000 ) ) ;
#294 = ADVANCED_FACE ( 'NONE', ( #1107 ), #1105, .F. ) ;
#295 = CARTESIAN_POINT ( 'NONE',  ( 0.000000000000000000, -36.50000000000000711, -23.00000000000000000 ) ) ;
#296 = VECTOR ( 'NONE', #225, 1000.000000000000000 ) ;
#297 = AXIS2_PLACEMENT_3D ( 'NONE', #1306, #517, #485 ) ;
#298 = VERTEX_POINT ( 'NONE', #437 ) ;
#299 = DIRECTION ( 'NONE',  ( 0.000000000000000000, -3.491481338843133355E-15, -1.000000000000000000 ) ) ;
#300 = CIRCLE ( 'NONE', #301, 1.600000000000001643 ) ;
#301 = AXIS2_PLACEMENT_3D ( 'NONE', #705, #727, #230 ) ;
#302 = EDGE_CURVE ( 'NONE', #1537, #76, #644, .T. ) ;
#303 = DIRECTION ( 'NONE',  ( 0.000000000000000000, -1.084202172485504434E-14, 1.000000000000000000 ) ) ;
#304 = AXIS2_PLACEMENT_3D ( 'NONE', #444, #152, #1292 ) ;
#305 = ORIENTED_EDGE ( 'NONE', *, *, #356, .F. ) ;
#306 = CARTESIAN_POINT ( 'NONE',  ( -10.00000000000000178, -19.99999999999998579, 1.500000000000192069 ) ) ;
#307 = CIRCLE ( 'NONE', #389, 1.600000000000000755 ) ;
#308 = DIRECTION ( 'NONE',  ( 0.000000000000000000, 0.000000000000000000, 1.000000000000000000 ) ) ;
#309 = EDGE_LOOP ( 'NONE', ( #909, #1400, #1086, #1250 ) ) ;
#310 = VECTOR ( 'NONE', #1088, 1000.000000000000000 ) ;
#311 = DIRECTION ( 'NONE',  ( 0.000000000000000000, 1.000000000000000000, -3.523657060577885861E-15 ) ) ;
#312 = VECTOR ( 'NONE', #1011, 1000.000000000000000 ) ;
#313 = DIRECTION ( 'NONE',  ( 1.000000000000000000, 0.000000000000000000, 0.000000000000000000 ) ) ;
#314 = ORIENTED_EDGE ( 'NONE', *, *, #1483, .T. ) ;
#315 = EDGE_LOOP ( 'NONE', ( #37, #1455, #1470, #203, #475, #13, #1460, #425, #273, #1508, #1103, #500, #1473, #1130 ) ) ;
#316 = DIRECTION ( 'NONE',  ( 0.000000000000000000, 1.000000000000000000, 0.000000000000000000 ) ) ;
#317 = LINE ( 'NONE', #954, #1354 ) ;
#318 = CARTESIAN_POINT ( 'NONE',  ( -13.50000000000000178, -1.499999999999996669, -0.9999999999999965583 ) ) ;
#319 = CIRCLE ( 'NONE', #325, 3.600000000000000977 ) ;
#320 = AXIS2_PLACEMENT_3D ( 'NONE', #26, #169, #189 ) ;
#321 = DIRECTION ( 'NONE',  ( 0.000000000000000000, 1.000000000000000000, 0.000000000000000000 ) ) ;
#322 = AXIS2_PLACEMENT_3D ( 'NONE', #1301, #1414, #1240 ) ;
#323 = VECTOR ( 'NONE', #1187, 1000.000000000000000 ) ;
#324 = EDGE_CURVE ( 'NONE', #18, #1427, #1114, .T. ) ;
#325 = AXIS2_PLACEMENT_3D ( 'NONE', #782, #918, #1277 ) ;
#326 = FACE_OUTER_BOUND ( 'NONE', #1145, .T. ) ;
#327 = VERTEX_POINT ( 'NONE', #540 ) ;
#328 = FACE_OUTER_BOUND ( 'NONE', #11, .T. ) ;
#329 = DIRECTION ( 'NONE',  ( 0.000000000000000000, 0.000000000000000000, 1.000000000000000000 ) ) ;
#330 = EDGE_CURVE ( 'NONE', #380, #1143, #98, .T. ) ;
#331 = EDGE_LOOP ( 'NONE', ( #1068, #1511, #1331, #1110 ) ) ;
#332 = ORIENTED_EDGE ( 'NONE', *, *, #386, .F. ) ;
#333 = VERTEX_POINT ( 'NONE', #780 ) ;
#334 = DIRECTION ( 'NONE',  ( -0.000000000000000000, -3.491481338843133355E-15, -1.000000000000000000 ) ) ;
#335 = DIRECTION ( 'NONE',  ( 0.000000000000000000, -3.491481338843133355E-15, -1.000000000000000000 ) ) ;
#336 = DIRECTION ( 'NONE',  ( -0.000000000000000000, -3.491481338843133355E-15, -1.000000000000000000 ) ) ;
#337 = EDGE_CURVE ( 'NONE', #962, #205, #596, .T. ) ;
#338 = DIRECTION ( 'NONE',  ( 0.000000000000000000, 0.000000000000000000, 1.000000000000000000 ) ) ;
#339 = DIRECTION ( 'NONE',  ( -0.000000000000000000, -3.491481338843133355E-15, -1.000000000000000000 ) ) ;
#340 = EDGE_CURVE ( 'NONE', #354, #231, #86, .T. ) ;
#341 = VERTEX_POINT ( 'NONE', #290 ) ;
#342 = DIRECTION ( 'NONE',  ( 0.000000000000000000, 1.000000000000000000, 0.000000000000000000 ) ) ;
#343 = EDGE_LOOP ( 'NONE', ( #65, #615, #449, #1316 ) ) ;
#344 = SURFACE_SIDE_STYLE ('',( #483 ) ) ;
#345 = CARTESIAN_POINT ( 'NONE',  ( 13.49999999999999289, -36.50000000000000711, 1.222018468595096801E-13 ) ) ;
#346 = CARTESIAN_POINT ( 'NONE',  ( 0.000000000000000000, 0.000000000000000000, -14.50000000000000000 ) ) ;
#347 = VERTEX_POINT ( 'NONE', #1170 ) ;
#348 = CARTESIAN_POINT ( 'NONE',  ( -10.00000000000000178, -19.99999999999999289, 6.982962677686264186E-14 ) ) ;
#349 = ORIENTED_EDGE ( 'NONE', *, *, #1507, .T. ) ;
#350 = CARTESIAN_POINT ( 'NONE',  ( -8.500000000000000000, -36.50000000000000711, -14.49999999999999822 ) ) ;
#351 = PLANE ( 'NONE',  #45 ) ;
#352 = EDGE_CURVE ( 'NONE', #955, #1343, #597, .T. ) ;
#353 = DIRECTION ( 'NONE',  ( 1.982541115402065110E-16, 1.000000000000000000, 0.000000000000000000 ) ) ;
#354 = VERTEX_POINT ( 'NONE', #1274 ) ;
#355 = AXIS2_PLACEMENT_3D ( 'NONE', #1541, #942, #832 ) ;
#356 = EDGE_CURVE ( 'NONE', #725, #1360, #618, .T. ) ;
#357 = DIRECTION ( 'NONE',  ( 0.000000000000000000, 1.000000000000000000, 0.000000000000000000 ) ) ;
#358 = CARTESIAN_POINT ( 'NONE',  ( -8.500000000000000000, -36.50000000000000711, -12.89999999999999858 ) ) ;
#359 = ORIENTED_EDGE ( 'NONE', *, *, #38, .T. ) ;
#360 = CARTESIAN_POINT ( 'NONE',  ( 9.999999999999998224, -18.39999999999998792, 1.500000000000186517 ) ) ;
#361 = EDGE_LOOP ( 'NONE', ( #1219, #619 ) ) ;
#362 = ORIENTED_EDGE ( 'NONE', *, *, #264, .T. ) ;
#363 = VERTEX_POINT ( 'NONE', #1380 ) ;
#364 = DIRECTION ( 'NONE',  ( -0.000000000000000000, 1.000000000000000000, -0.000000000000000000 ) ) ;
#365 = CARTESIAN_POINT ( 'NONE',  ( 9.999999999999996447, -32.99999999999998579, 1.500000000000237366 ) ) ;
#366 = EDGE_LOOP ( 'NONE', ( #452, #291 ) ) ;
#367 = VECTOR ( 'NONE', #31, 1000.000000000000000 ) ;
#368 = ORIENTED_EDGE ( 'NONE', *, *, #238, .T. ) ;
#369 = CARTESIAN_POINT ( 'NONE',  ( 0.000000000000000000, -1.500000000000001332, -21.39999999999999858 ) ) ;
#370 = CARTESIAN_POINT ( 'NONE',  ( -10.00000000000000000, -6.999999999999983125, 2.444036937190187353E-14 ) ) ;
#371 = ORIENTED_EDGE ( 'NONE', *, *, #340, .F. ) ;
#372 = ORIENTED_EDGE ( 'NONE', *, *, #787, .F. ) ;
#373 = ADVANCED_FACE ( 'NONE', ( #1160 ), #868, .T. ) ;
#374 = VERTEX_POINT ( 'NONE', #518 ) ;
#375 = DIRECTION ( 'NONE',  ( -0.000000000000000000, -3.491481338843133355E-15, -1.000000000000000000 ) ) ;
#376 = CIRCLE ( 'NONE', #151, 2.000000000000001776 ) ;
#377 = ORIENTED_EDGE ( 'NONE', *, *, #397, .F. ) ;
#378 = CARTESIAN_POINT ( 'NONE',  ( -13.50000000000000000, -28.09999999999998721, 9.811062562149200311E-14 ) ) ;
#379 = VERTEX_POINT ( 'NONE', #1258 ) ;
#380 = VERTEX_POINT ( 'NONE', #750 ) ;
#381 = AXIS2_PLACEMENT_3D ( 'NONE', #683, #202, #943 ) ;
#382 = ORIENTED_EDGE ( 'NONE', *, *, #1201, .F. ) ;
#383 = CARTESIAN_POINT ( 'NONE',  ( 13.49999999999999467, -24.89999999999998082, 1.500000000000209388 ) ) ;
#384 = AXIS2_PLACEMENT_3D ( 'NONE', #482, #740, #840 ) ;
#385 = ORIENTED_EDGE ( 'NONE', *, *, #721, .T. ) ;
#386 = EDGE_CURVE ( 'NONE', #467, #900, #138, .T. ) ;
#387 = DIRECTION ( 'NONE',  ( -0.000000000000000000, -3.491481338843133355E-15, -1.000000000000000000 ) ) ;
#388 = DIRECTION ( 'NONE',  ( 0.000000000000000000, 0.000000000000000000, 1.000000000000000000 ) ) ;
#389 = AXIS2_PLACEMENT_3D ( 'NONE', #271, #1040, #998 ) ;
#390 = DIRECTION ( 'NONE',  ( -0.000000000000000000, -3.491481338843133355E-15, -1.000000000000000000 ) ) ;
#391 = ADVANCED_FACE ( 'NONE', ( #168 ), #1196, .F. ) ;
#392 = CARTESIAN_POINT ( 'NONE',  ( 13.50000000000000355, -13.49999999999999467, 4.185020385794047115E-14 ) ) ;
#393 = ORIENTED_EDGE ( 'NONE', *, *, #675, .T. ) ;
#394 = ORIENTED_EDGE ( 'NONE', *, *, #1098, .F. ) ;
#395 = DIRECTION ( 'NONE',  ( -0.000000000000000000, 1.000000000000000000, -3.491481338843133750E-15 ) ) ;
#396 = DIRECTION ( 'NONE',  ( 1.982541115402065110E-16, 1.000000000000000000, 0.000000000000000000 ) ) ;
#397 = EDGE_CURVE ( 'NONE', #22, #363, #1181, .T. ) ;
#398 = ORIENTED_EDGE ( 'NONE', *, *, #1381, .T. ) ;
#399 = ORIENTED_EDGE ( 'NONE', *, *, #115, .T. ) ;
#400 = ADVANCED_FACE ( 'NONE', ( #646 ), #1168, .F. ) ;
#401 = DIRECTION ( 'NONE',  ( 0.000000000000000000, 1.000000000000000000, 0.000000000000000000 ) ) ;
#402 = EDGE_CURVE ( 'NONE', #1367, #1012, #695, .T. ) ;
#403 = ORIENTED_EDGE ( 'NONE', *, *, #679, .T. ) ;
#404 = ORIENTED_EDGE ( 'NONE', *, *, #1284, .T. ) ;
#405 = AXIS2_PLACEMENT_3D ( 'NONE', #348, #130, #1082 ) ;
#406 = ORIENTED_EDGE ( 'NONE', *, *, #1385, .F. ) ;
#407 = ORIENTED_EDGE ( 'NONE', *, *, #171, .T. ) ;
#408 = CARTESIAN_POINT ( 'NONE',  ( 0.000000000000000000, -36.50000000000000711, -14.50000000000000000 ) ) ;
#409 = ORIENTED_EDGE ( 'NONE', *, *, #932, .F. ) ;
#410 = ORIENTED_EDGE ( 'NONE', *, *, #588, .T. ) ;
#411 = DIRECTION ( 'NONE',  ( 0.000000000000000000, 0.000000000000000000, 1.000000000000000000 ) ) ;
#412 = ORIENTED_EDGE ( 'NONE', *, *, #267, .T. ) ;
#413 = ADVANCED_FACE ( 'NONE', ( #143, #651, #681, #684, #1155, #673 ), #351, .F. ) ;
#414 = DIRECTION ( 'NONE',  ( 0.000000000000000000, 1.000000000000000000, -3.523657060577895721E-15 ) ) ;
#415 = ORIENTED_EDGE ( 'NONE', *, *, #756, .F. ) ;
#416 = ORIENTED_EDGE ( 'NONE', *, *, #994, .T. ) ;
#417 = LINE ( 'NONE', #1387, #938 ) ;
#418 = CARTESIAN_POINT ( 'NONE',  ( 0.000000000000000000, -36.50000000000000711, -23.00000000000000000 ) ) ;
#419 = ORIENTED_EDGE ( 'NONE', *, *, #330, .T. ) ;
#420 = ORIENTED_EDGE ( 'NONE', *, *, #742, .F. ) ;
#421 = LINE ( 'NONE', #1241, #1496 ) ;
#422 = ORIENTED_EDGE ( 'NONE', *, *, #436, .F. ) ;
#423 = EDGE_CURVE ( 'NONE', #900, #440, #689, .T. ) ;
#424 = CARTESIAN_POINT ( 'NONE',  ( -13.50000000000000000, -1.499999999999994893, 1.500000000000000000 ) ) ;
#425 = ORIENTED_EDGE ( 'NONE', *, *, #12, .T. ) ;
#426 = APPLICATION_CONTEXT ( 'automotive_design' ) ;
#427 = DIRECTION ( 'NONE',  ( 0.000000000000000000, 1.000000000000000000, 0.000000000000000000 ) ) ;
#428 = CYLINDRICAL_SURFACE ( 'NONE', #1482, 1.600000000000000755 ) ;
#429 = ADVANCED_FACE ( 'NONE', ( #667 ), #164, .T. ) ;
#430 = DIRECTION ( 'NONE',  ( 0.000000000000000000, 3.491481338843133355E-15, 1.000000000000000000 ) ) ;
#431 = ORIENTED_EDGE ( 'NONE', *, *, #525, .T. ) ;
#432 = ORIENTED_EDGE ( 'NONE', *, *, #264, .F. ) ;
#433 = ORIENTED_EDGE ( 'NONE', *, *, #238, .F. ) ;
#434 = ORIENTED_EDGE ( 'NONE', *, *, #1149, .F. ) ;
#435 = ORIENTED_EDGE ( 'NONE', *, *, #875, .T. ) ;
#436 = EDGE_CURVE ( 'NONE', #823, #1360, #661, .T. ) ;
#437 = CARTESIAN_POINT ( 'NONE',  ( 9.999999999999996447, -31.39999999999999858, 1.096325140396743747E-13 ) ) ;
#438 = ORIENTED_EDGE ( 'NONE', *, *, #635, .F. ) ;
#439 = AXIS2_PLACEMENT_3D ( 'NONE', #785, #234, #329 ) ;
#440 = VERTEX_POINT ( 'NONE', #857 ) ;
#441 = DIRECTION ( 'NONE',  ( 0.000000000000000000, -1.000000000000000000, 3.523657060577887833E-15 ) ) ;
#442 = DIRECTION ( 'NONE',  ( -0.000000000000000000, 1.000000000000000000, -0.000000000000000000 ) ) ;
#443 = FACE_OUTER_BOUND ( 'NONE', #950, .T. ) ;
#444 = CARTESIAN_POINT ( 'NONE',  ( -10.00000000000000178, -19.99999999999998579, 1.500000000000192069 ) ) ;
#445 = ORIENTED_EDGE ( 'NONE', *, *, #1419, .F. ) ;
#446 = CIRCLE ( 'NONE', #1313, 1.600000000000002531 ) ;
#447 = LINE ( 'NONE', #242, #691 ) ;
#448 = ORIENTED_EDGE ( 'NONE', *, *, #1116, .F. ) ;
#449 = ORIENTED_EDGE ( 'NONE', *, *, #212, .T. ) ;
#450 = CARTESIAN_POINT ( 'NONE',  ( 13.49999999999999467, -24.89999999999998082, 1.500000000000209388 ) ) ;
#451 = DIRECTION ( 'NONE',  ( -1.000000000000000000, -0.000000000000000000, 0.000000000000000000 ) ) ;
#452 = ORIENTED_EDGE ( 'NONE', *, *, #115, .F. ) ;
#453 = AXIS2_PLACEMENT_3D ( 'NONE', #248, #244, #1485 ) ;
#454 = DIRECTION ( 'NONE',  ( -1.000000000000000000, -0.000000000000000000, -0.000000000000000000 ) ) ;
#455 = VECTOR ( 'NONE', #1147, 1000.000000000000000 ) ;
#456 = EDGE_CURVE ( 'NONE', #1367, #551, #649, .T. ) ;
#457 = CIRCLE ( 'NONE', #889, 1.599999999999999867 ) ;
#458 = AXIS2_PLACEMENT_3D ( 'NONE', #424, #451, #411 ) ;
#459 = CIRCLE ( 'NONE', #1022, 13.49999999999999822 ) ;
#460 = ORIENTED_EDGE ( 'NONE', *, *, #1079, .F. ) ;
#461 = CARTESIAN_POINT ( 'NONE',  ( -13.50000000000000000, 0.000000000000000000, 0.000000000000000000 ) ) ;
#462 = DIRECTION ( 'NONE',  ( 0.000000000000000000, 1.000000000000000000, -3.523657060577895721E-15 ) ) ;
#463 = VECTOR ( 'NONE', #387, 1000.000000000000000 ) ;
#464 = FACE_OUTER_BOUND ( 'NONE', #804, .T. ) ;
#465 = CIRCLE ( 'NONE', #564, 1.600000000000002531 ) ;
#466 = DIRECTION ( 'NONE',  ( -0.000000000000000000, -3.491481338843133355E-15, -1.000000000000000000 ) ) ;
#467 = VERTEX_POINT ( 'NONE', #173 ) ;
#468 = ORIENTED_EDGE ( 'NONE', *, *, #915, .T. ) ;
#469 = DIRECTION ( 'NONE',  ( 0.000000000000000000, 0.000000000000000000, 1.000000000000000000 ) ) ;
#470 = EDGE_LOOP ( 'NONE', ( #1533, #625, #431, #419 ) ) ;
#471 = CIRCLE ( 'NONE', #1076, 1.600000000000001643 ) ;
#472 = COLOUR_RGB ( '',0.6470588235294117974, 0.6196078431372549211, 0.5882352941176470784 ) ;
#473 = SURFACE_STYLE_USAGE ( .BOTH. , #344 ) ;
#474 = DIRECTION ( 'NONE',  ( 0.000000000000000000, 1.000000000000000000, -0.000000000000000000 ) ) ;
#475 = ORIENTED_EDGE ( 'NONE', *, *, #1461, .T. ) ;
#476 = FACE_BOUND ( 'NONE', #873, .T. ) ;
#477 = EDGE_CURVE ( 'NONE', #1012, #298, #677, .T. ) ;
#478 = ORIENTED_EDGE ( 'NONE', *, *, #1357, .T. ) ;
#479 = VERTEX_POINT ( 'NONE', #1247 ) ;
#480 = CARTESIAN_POINT ( 'NONE',  ( 13.50000000000000000, -1.500000000000000000, 0.000000000000000000 ) ) ;
#481 = AXIS2_PLACEMENT_3D ( 'NONE', #9, #1178, #1523 ) ;
#482 = CARTESIAN_POINT ( 'NONE',  ( -10.00000000000000000, -6.999999999999977796, 1.500000000000146771 ) ) ;
#483 = SURFACE_STYLE_FILL_AREA ( #738 ) ;
#484 = ORIENTED_EDGE ( 'NONE', *, *, #830, .T. ) ;
#485 = DIRECTION ( 'NONE',  ( 0.000000000000000000, 1.000000000000000000, -3.523657060577885861E-15 ) ) ;
#486 = DIRECTION ( 'NONE',  ( -1.000000000000000000, -0.000000000000000000, -0.000000000000000000 ) ) ;
#487 = VERTEX_POINT ( 'NONE', #858 ) ;
#488 = CARTESIAN_POINT ( 'NONE',  ( 0.000000000000000000, 0.000000000000000000, -21.39999999999999858 ) ) ;
#489 = DIRECTION ( 'NONE',  ( 0.000000000000000000, -3.491481338843133355E-15, -1.000000000000000000 ) ) ;
#490 = DIRECTION ( 'NONE',  ( -1.982541115402065110E-16, -1.000000000000000000, 3.491481338843133750E-15 ) ) ;
#491 = ORIENTED_EDGE ( 'NONE', *, *, #729, .T. ) ;
#492 = VECTOR ( 'NONE', #1439, 1000.000000000000000 ) ;
#493 = EDGE_LOOP ( 'NONE', ( #632, #372, #1141, #921 ) ) ;
#494 = FACE_OUTER_BOUND ( 'NONE', #75, .T. ) ;
#495 = CARTESIAN_POINT ( 'NONE',  ( 13.50000000000000000, 0.000000000000000000, 0.000000000000000000 ) ) ;
#496 = CARTESIAN_POINT ( 'NONE',  ( 13.49999999999999822, 0.000000000000000000, -14.50000000000000000 ) ) ;
#497 = FACE_BOUND ( 'NONE', #366, .T. ) ;
#498 = CARTESIAN_POINT ( 'NONE',  ( 9.999999999999996447, -32.99999999999999289, 1.152188841818233881E-13 ) ) ;
#499 = CYLINDRICAL_SURFACE ( 'NONE', #236, 1.599999999999997202 ) ;
#500 = ORIENTED_EDGE ( 'NONE', *, *, #507, .T. ) ;
#501 = CIRCLE ( 'NONE', #1549, 13.49999999999999822 ) ;
#502 = CARTESIAN_POINT ( 'NONE',  ( 1.959434878635764984E-16, -36.50000000000000711, -24.60000000000000142 ) ) ;
#503 = DIRECTION ( 'NONE',  ( 0.000000000000000000, 1.000000000000000000, 0.000000000000000000 ) ) ;
#504 = CIRCLE ( 'NONE', #590, 1.599999999999997202 ) ;
#505 = FACE_OUTER_BOUND ( 'NONE', #315, .T. ) ;
#506 = DIRECTION ( 'NONE',  ( 0.000000000000000000, -1.000000000000000000, 3.523657060577883888E-15 ) ) ;
#507 = EDGE_CURVE ( 'NONE', #1334, #22, #165, .T. ) ;
#508 = CIRCLE ( 'NONE', #481, 1.599999999999997202 ) ;
#509 = ORIENTED_EDGE ( 'NONE', *, *, #1333, .T. ) ;
#510 = MECHANICAL_DESIGN_GEOMETRIC_PRESENTATION_REPRESENTATION (  '', ( #1151 ), #548 ) ;
#511 = LINE ( 'NONE', #841, #3 ) ;
#512 = EDGE_CURVE ( 'NONE', #363, #1427, #182, .T. ) ;
#513 = CARTESIAN_POINT ( 'NONE',  ( -13.50000000000000000, -1.499999999999994893, 1.500000000000000000 ) ) ;
#514 = CIRCLE ( 'NONE', #322, 1.000000000000000000 ) ;
#515 = ORIENTED_EDGE ( 'NONE', *, *, #1450, .T. ) ;
#516 = VECTOR ( 'NONE', #926, 1000.000000000000000 ) ;
#517 = DIRECTION ( 'NONE',  ( -0.000000000000000000, -3.491481338843133355E-15, -1.000000000000000000 ) ) ;
#518 = CARTESIAN_POINT ( 'NONE',  ( 13.49999999999999822, -1.500000000000000000, -14.50000000000000000 ) ) ;
#519 = VECTOR ( 'NONE', #1069, 1000.000000000000000 ) ;
#520 = CARTESIAN_POINT ( 'NONE',  ( 13.50000000000000178, -2.499999999999992895, 3.469446951953614189E-15 ) ) ;
#521 = ORIENTED_EDGE ( 'NONE', *, *, #1153, .T. ) ;
#522 = CARTESIAN_POINT ( 'NONE',  ( -13.50000000000000000, -11.89999999999998792, 3.626383371579145147E-14 ) ) ;
#523 = ORIENTED_EDGE ( 'NONE', *, *, #929, .F. ) ;
#524 = STYLED_ITEM ( 'NONE', ( #39 ), #1353 ) ;
#525 = EDGE_CURVE ( 'NONE', #62, #380, #1189, .T. ) ;
#526 = ADVANCED_FACE ( 'NONE', ( #682, #1194, #1163, #141, #174, #1177 ), #1436, .T. ) ;
#527 = ORIENTED_EDGE ( 'NONE', *, *, #423, .T. ) ;
#528 = DIRECTION ( 'NONE',  ( -8.758115402030106693E-47, -3.491481338843133355E-15, -1.000000000000000000 ) ) ;
#529 = AXIS2_PLACEMENT_3D ( 'NONE', #392, #1007, #184 ) ;
#530 = ORIENTED_EDGE ( 'NONE', *, *, #1399, .T. ) ;
#531 = FACE_OUTER_BOUND ( 'NONE', #309, .T. ) ;
#532 = PLANE ( 'NONE',  #1290 ) ;
#533 = ORIENTED_EDGE ( 'NONE', *, *, #245, .F. ) ;
#534 = ORIENTED_EDGE ( 'NONE', *, *, #1288, .F. ) ;
#535 = DIRECTION ( 'NONE',  ( 0.000000000000000000, 0.000000000000000000, 1.000000000000000000 ) ) ;
#536 = ORIENTED_EDGE ( 'NONE', *, *, #192, .F. ) ;
#537 = CARTESIAN_POINT ( 'NONE',  ( 11.49999999999999289, -34.49999999999999289, 1.500000000000115463 ) ) ;
#538 = ORIENTED_EDGE ( 'NONE', *, *, #456, .T. ) ;
#539 = ADVANCED_FACE ( 'NONE', ( #1195 ), #1179, .F. ) ;
#540 = CARTESIAN_POINT ( 'NONE',  ( -5.123066493966402640E-23, -1.500000000000001332, -4.400000000000003908 ) ) ;
#541 = FACE_OUTER_BOUND ( 'NONE', #100, .T. ) ;
#542 = AXIS2_PLACEMENT_3D ( 'NONE', #552, #1280, #1043 ) ;
#543 = CARTESIAN_POINT ( 'NONE',  ( 13.50000000000000178, -1.499999999999996669, -0.9999999999999965583 ) ) ;
#544 = VERTEX_POINT ( 'NONE', #967 ) ;
#545 = CARTESIAN_POINT ( 'NONE',  ( 9.999999999999996447, -32.99999999999999289, 1.152188841818233881E-13 ) ) ;
#546 = EDGE_CURVE ( 'NONE', #888, #1410, #156, .T. ) ;
#547 = ORIENTED_EDGE ( 'NONE', *, *, #588, .F. ) ;
#548 =( GEOMETRIC_REPRESENTATION_CONTEXT ( 3 ) GLOBAL_UNCERTAINTY_ASSIGNED_CONTEXT ( ( #741 ) ) GLOBAL_UNIT_ASSIGNED_CONTEXT ( ( #1370, #268, #51 ) ) REPRESENTATION_CONTEXT ( 'NONE', 'WORKASPACE' ) );
#549 = CARTESIAN_POINT ( 'NONE',  ( -13.50000000000000000, -34.49999999999999289, 1.500000000000115241 ) ) ;
#550 = ORIENTED_EDGE ( 'NONE', *, *, #1039, .F. ) ;
#551 = VERTEX_POINT ( 'NONE', #660 ) ;
#552 = CARTESIAN_POINT ( 'NONE',  ( 9.999999999999998224, -19.99999999999998934, 1.500000000000192069 ) ) ;
#553 = ORIENTED_EDGE ( 'NONE', *, *, #653, .T. ) ;
#554 = EDGE_CURVE ( 'NONE', #1454, #76, #1200, .T. ) ;
#555 = EDGE_LOOP ( 'NONE', ( #647, #574, #406, #550 ) ) ;
#556 = VERTEX_POINT ( 'NONE', #969 ) ;
#557 = DIRECTION ( 'NONE',  ( 0.000000000000000000, 0.000000000000000000, 1.000000000000000000 ) ) ;
#558 = ORIENTED_EDGE ( 'NONE', *, *, #1315, .T. ) ;
#559 = DIRECTION ( 'NONE',  ( 0.000000000000000000, -3.491481338843133355E-15, -1.000000000000000000 ) ) ;
#560 = ORIENTED_EDGE ( 'NONE', *, *, #12, .F. ) ;
#561 = ORIENTED_EDGE ( 'NONE', *, *, #1139, .T. ) ;
#562 = EDGE_CURVE ( 'NONE', #231, #959, #185, .T. ) ;
#563 = ORIENTED_EDGE ( 'NONE', *, *, #1483, .F. ) ;
#564 = AXIS2_PLACEMENT_3D ( 'NONE', #1055, #335, #1172 ) ;
#565 = CARTESIAN_POINT ( 'NONE',  ( 13.50000000000000178, -26.49999999999998224, 1.500000000000214939 ) ) ;
#566 = ADVANCED_FACE ( 'NONE', ( #1157 ), #16, .T. ) ;
#567 = EDGE_CURVE ( 'NONE', #928, #1334, #698, .T. ) ;
#568 = PLANE ( 'NONE',  #859 ) ;
#569 = EDGE_LOOP ( 'NONE', ( #1142, #1246 ) ) ;
#570 = ORIENTED_EDGE ( 'NONE', *, *, #915, .F. ) ;
#571 = ORIENTED_EDGE ( 'NONE', *, *, #402, .F. ) ;
#572 = DIRECTION ( 'NONE',  ( -0.000000000000000000, 1.000000000000000000, -0.000000000000000000 ) ) ;
#573 = CARTESIAN_POINT ( 'NONE',  ( 10.00000000000000000, -8.599999999999987210, 3.002673951405090268E-14 ) ) ;
#574 = ORIENTED_EDGE ( 'NONE', *, *, #200, .T. ) ;
#575 = DIRECTION ( 'NONE',  ( -0.000000000000000000, -3.491481338843133355E-15, -1.000000000000000000 ) ) ;
#576 = CARTESIAN_POINT ( 'NONE',  ( -5.123066493966402640E-23, -36.50000000000000711, -6.000000000000003553 ) ) ;
#577 = VERTEX_POINT ( 'NONE', #1024 ) ;
#578 = FACE_OUTER_BOUND ( 'NONE', #1362, .T. ) ;
#579 = VERTEX_POINT ( 'NONE', #1289 ) ;
#580 = DIRECTION ( 'NONE',  ( 0.000000000000000000, 0.000000000000000000, 1.000000000000000000 ) ) ;
#581 = DIRECTION ( 'NONE',  ( 0.000000000000000000, 3.491481338843133355E-15, 1.000000000000000000 ) ) ;
#582 = CYLINDRICAL_SURFACE ( 'NONE', #60, 1.600000000000000755 ) ;
#583 = ORIENTED_EDGE ( 'NONE', *, *, #1073, .T. ) ;
#584 = ADVANCED_FACE ( 'NONE', ( #135 ), #1165, .F. ) ;
#585 = DIRECTION ( 'NONE',  ( 0.000000000000000000, 1.000000000000000000, -3.469446951953611033E-15 ) ) ;
#586 = LINE ( 'NONE', #495, #623 ) ;
#587 = ORIENTED_EDGE ( 'NONE', *, *, #972, .F. ) ;
#588 = EDGE_CURVE ( 'NONE', #1125, #22, #659, .T. ) ;
#589 = ORIENTED_EDGE ( 'NONE', *, *, #1067, .F. ) ;
#590 = AXIS2_PLACEMENT_3D ( 'NONE', #1494, #559, #209 ) ;
#591 = LINE ( 'NONE', #253, #112 ) ;
#592 = EDGE_CURVE ( 'NONE', #354, #556, #663, .T. ) ;
#593 = CARTESIAN_POINT ( 'NONE',  ( 13.49999999999999822, -11.89999999999998614, 1.500000000000163647 ) ) ;
#594 = DIRECTION ( 'NONE',  ( -0.000000000000000000, -3.491481338843133355E-15, -1.000000000000000000 ) ) ;
#595 = CYLINDRICAL_SURFACE ( 'NONE', #887, 1.600000000000002531 ) ;
#596 = CIRCLE ( 'NONE', #121, 1.600000000000000755 ) ;
#597 = CIRCLE ( 'NONE', #542, 1.600000000000000755 ) ;
#598 = ORIENTED_EDGE ( 'NONE', *, *, #767, .T. ) ;
#599 = VECTOR ( 'NONE', #731, 1000.000000000000000 ) ;
#600 = CARTESIAN_POINT ( 'NONE',  ( 8.500000000000000000, -1.500000000000001332, -14.49999999999999289 ) ) ;
#601 = CARTESIAN_POINT ( 'NONE',  ( 9.999999999999996447, -31.39999999999999147, 1.500000000000231815 ) ) ;
#602 = CIRCLE ( 'NONE', #1312, 1.600000000000000755 ) ;
#603 = ORIENTED_EDGE ( 'NONE', *, *, #791, .F. ) ;
#604 = AXIS2_PLACEMENT_3D ( 'NONE', #1379, #466, #226 ) ;
#605 = ORIENTED_EDGE ( 'NONE', *, *, #212, .F. ) ;
#606 = PLANE ( 'NONE',  #1248 ) ;
#607 = FACE_OUTER_BOUND ( 'NONE', #1095, .T. ) ;
#608 = ORIENTED_EDGE ( 'NONE', *, *, #653, .F. ) ;
#609 =( GEOMETRIC_REPRESENTATION_CONTEXT ( 3 ) GLOBAL_UNCERTAINTY_ASSIGNED_CONTEXT ( ( #122 ) ) GLOBAL_UNIT_ASSIGNED_CONTEXT ( ( #871, #1552, #747 ) ) REPRESENTATION_CONTEXT ( 'NONE', 'WORKASPACE' ) );
#610 = FACE_OUTER_BOUND ( 'NONE', #1070, .T. ) ;
#611 = ORIENTED_EDGE ( 'NONE', *, *, #1231, .F. ) ;
#612 = DIRECTION ( 'NONE',  ( 1.000000000000000000, 0.000000000000000000, 0.000000000000000000 ) ) ;
#613 = AXIS2_PLACEMENT_3D ( 'NONE', #949, #21, #1302 ) ;
#614 = CYLINDRICAL_SURFACE ( 'NONE', #1264, 3.600000000000000977 ) ;
#615 = ORIENTED_EDGE ( 'NONE', *, *, #779, .F. ) ;
#616 = PLANE ( 'NONE',  #266 ) ;
#617 = DIRECTION ( 'NONE',  ( 0.000000000000000000, 1.000000000000000000, 0.000000000000000000 ) ) ;
#618 = LINE ( 'NONE', #94, #1191 ) ;
#619 = ORIENTED_EDGE ( 'NONE', *, *, #699, .F. ) ;
#620 = ORIENTED_EDGE ( 'NONE', *, *, #912, .T. ) ;
#621 = CARTESIAN_POINT ( 'NONE',  ( 0.000000000000000000, -36.50000000000000711, -10.90000000000000036 ) ) ;
#622 = DIRECTION ( 'NONE',  ( 0.000000000000000000, 1.000000000000000000, -3.523657060577887833E-15 ) ) ;
#623 = VECTOR ( 'NONE', #637, 1000.000000000000000 ) ;
#624 = CARTESIAN_POINT ( 'NONE',  ( -13.50000000000000000, -34.49999999999999289, 1.500000000000115241 ) ) ;
#625 = ORIENTED_EDGE ( 'NONE', *, *, #255, .F. ) ;
#626 = ORIENTED_EDGE ( 'NONE', *, *, #1548, .F. ) ;
#627 = CIRCLE ( 'NONE', #1245, 2.000000000000001776 ) ;
#628 = ORIENTED_EDGE ( 'NONE', *, *, #1169, .T. ) ;
#629 = DIRECTION ( 'NONE',  ( 0.000000000000000000, -0.000000000000000000, 1.000000000000000000 ) ) ;
#630 = CARTESIAN_POINT ( 'NONE',  ( -5.123066493966402640E-23, 0.000000000000000000, -6.000000000000003553 ) ) ;
#631 = CARTESIAN_POINT ( 'NONE',  ( 10.00000000000000000, -6.999999999999980460, 1.500000000000146771 ) ) ;
#632 = ORIENTED_EDGE ( 'NONE', *, *, #1042, .T. ) ;
#633 = DIRECTION ( 'NONE',  ( -0.000000000000000000, -3.491481338843133355E-15, -1.000000000000000000 ) ) ;
#634 = LINE ( 'NONE', #108, #72 ) ;
#635 = EDGE_CURVE ( 'NONE', #989, #579, #1175, .T. ) ;
#636 = ORIENTED_EDGE ( 'NONE', *, *, #1419, .T. ) ;
#637 = DIRECTION ( 'NONE',  ( -1.196361017915039486E-16, 0.000000000000000000, -1.000000000000000000 ) ) ;
#638 = AXIS2_PLACEMENT_3D ( 'NONE', #149, #249, #338 ) ;
#639 = FACE_OUTER_BOUND ( 'NONE', #343, .T. ) ;
#640 = VERTEX_POINT ( 'NONE', #573 ) ;
#641 = ORIENTED_EDGE ( 'NONE', *, *, #1429, .F. ) ;
#642 = AXIS2_PLACEMENT_3D ( 'NONE', #1197, #807, #1375 ) ;
#643 = DIRECTION ( 'NONE',  ( 0.000000000000000000, 3.469446951953614189E-15, 1.000000000000000000 ) ) ;
#644 = LINE ( 'NONE', #1475, #1124 ) ;
#645 = DIRECTION ( 'NONE',  ( -1.982541115402065110E-16, -1.000000000000000000, 3.491481338843133750E-15 ) ) ;
#646 = FACE_OUTER_BOUND ( 'NONE', #863, .T. ) ;
#647 = ORIENTED_EDGE ( 'NONE', *, *, #861, .F. ) ;
#648 = VECTOR ( 'NONE', #1448, 1000.000000000000000 ) ;
#649 = LINE ( 'NONE', #981, #179 ) ;
#650 = DIRECTION ( 'NONE',  ( -0.000000000000000000, -3.491481338843133355E-15, -1.000000000000000000 ) ) ;
#651 = FACE_BOUND ( 'NONE', #107, .T. ) ;
#652 = FILL_AREA_STYLE_COLOUR ( '', #472 ) ;
#653 = EDGE_CURVE ( 'NONE', #959, #231, #665, .T. ) ;
#654 = DIRECTION ( 'NONE',  ( 0.000000000000000000, 0.000000000000000000, 1.000000000000000000 ) ) ;
#655 = ADVANCED_FACE ( 'NONE', ( #158, #670, #1232, #207, #706, #703, #723 ), #142, .T. ) ;
#656 = AXIS2_PLACEMENT_3D ( 'NONE', #346, #237, #241 ) ;
#657 = EDGE_CURVE ( 'NONE', #18, #899, #1213, .T. ) ;
#658 = CARTESIAN_POINT ( 'NONE',  ( 13.49999999999999289, -36.50000000000000000, 1.500000000000122347 ) ) ;
#659 = LINE ( 'NONE', #114, #146 ) ;
#660 = CARTESIAN_POINT ( 'NONE',  ( 9.999999999999996447, -34.59999999999999432, 1.208052543239723762E-13 ) ) ;
#661 = CIRCLE ( 'NONE', #896, 1.599999999999997202 ) ;
#662 = CARTESIAN_POINT ( 'NONE',  ( 10.00000000000000000, -5.399999999999982592, 1.885399922975286017E-14 ) ) ;
#663 = CIRCLE ( 'NONE', #304, 1.600000000000000755 ) ;
#664 = CARTESIAN_POINT ( 'NONE',  ( -13.50000000000000000, -1.499999999999994893, 1.500000000000000000 ) ) ;
#665 = CIRCLE ( 'NONE', #405, 1.600000000000000755 ) ;
#666 = ADVANCED_FACE ( 'NONE', ( #1216 ), #716, .F. ) ;
#667 = FACE_OUTER_BOUND ( 'NONE', #1237, .T. ) ;
#668 = CARTESIAN_POINT ( 'NONE',  ( -13.50000000000000000, -24.89999999999997726, 1.500000000000209388 ) ) ;
#669 = CARTESIAN_POINT ( 'NONE',  ( 0.000000000000000000, -1.500000000000000000, -14.50000000000000000 ) ) ;
#670 = FACE_OUTER_BOUND ( 'NONE', #1083, .T. ) ;
#671 = EDGE_CURVE ( 'NONE', #551, #298, #710, .T. ) ;
#672 = DIRECTION ( 'NONE',  ( 0.000000000000000000, 0.000000000000000000, 1.000000000000000000 ) ) ;
#673 = FACE_OUTER_BOUND ( 'NONE', #7, .T. ) ;
#674 = AXIS2_PLACEMENT_3D ( 'NONE', #1478, #217, #88 ) ;
#675 = EDGE_CURVE ( 'NONE', #893, #379, #720, .T. ) ;
#676 = DIRECTION ( 'NONE',  ( 0.000000000000000000, 0.000000000000000000, 1.000000000000000000 ) ) ;
#677 = LINE ( 'NONE', #163, #1186 ) ;
#678 = DIRECTION ( 'NONE',  ( 0.000000000000000000, 1.000000000000000000, -3.523657060577885861E-15 ) ) ;
#679 = EDGE_CURVE ( 'NONE', #29, #911, #1228, .T. ) ;
#680 = DIRECTION ( 'NONE',  ( 0.000000000000000000, -1.000000000000000000, 3.491481338843133750E-15 ) ) ;
#681 = FACE_BOUND ( 'NONE', #848, .T. ) ;
#682 = FACE_BOUND ( 'NONE', #854, .T. ) ;
#683 = CARTESIAN_POINT ( 'NONE',  ( 13.50000000000000178, -26.49999999999998224, 1.500000000000214939 ) ) ;
#684 = FACE_BOUND ( 'NONE', #869, .T. ) ;
#685 = AXIS2_PLACEMENT_3D ( 'NONE', #140, #1167, #1279 ) ;
#686 = DIRECTION ( 'NONE',  ( 1.000000000000000000, 0.000000000000000000, 0.000000000000000000 ) ) ;
#687 = AXIS2_PLACEMENT_3D ( 'NONE', #1546, #1417, #789 ) ;
#688 = EDGE_CURVE ( 'NONE', #487, #1013, #1221, .T. ) ;
#689 = LINE ( 'NONE', #769, #1183 ) ;
#690 = ADVANCED_FACE ( 'NONE', ( #204 ), #127, .T. ) ;
#691 = VECTOR ( 'NONE', #339, 1000.000000000000000 ) ;
#692 = AXIS2_PLACEMENT_3D ( 'NONE', #1471, #1251, #672 ) ;
#693 = SURFACE_STYLE_USAGE ( .BOTH. , #263 ) ;
#694 = ORIENTED_EDGE ( 'NONE', *, *, #1060, .F. ) ;
#695 = CIRCLE ( 'NONE', #215, 1.599999999999997202 ) ;
#696 = CARTESIAN_POINT ( 'NONE',  ( 13.49999999999999822, -11.89999999999998614, 1.500000000000163647 ) ) ;
#697 = VERTEX_POINT ( 'NONE', #714 ) ;
#698 = LINE ( 'NONE', #1376, #150 ) ;
#699 = EDGE_CURVE ( 'NONE', #341, #1364, #199, .T. ) ;
#700 = FACE_OUTER_BOUND ( 'NONE', #865, .T. ) ;
#701 = CARTESIAN_POINT ( 'NONE',  ( 0.000000000000000000, 0.000000000000000000, -23.00000000000000000 ) ) ;
#702 = CARTESIAN_POINT ( 'NONE',  ( -13.50000000000000000, -1.499999999999994893, 1.500000000000000000 ) ) ;
#703 = FACE_BOUND ( 'NONE', #1003, .T. ) ;
#704 = APPLICATION_CONTEXT ( 'automotive_design' ) ;
#705 = CARTESIAN_POINT ( 'NONE',  ( -10.00000000000000000, -6.999999999999983125, 2.444036937190187353E-14 ) ) ;
#706 = FACE_BOUND ( 'NONE', #128, .T. ) ;
#707 = VECTOR ( 'NONE', #797, 1000.000000000000000 ) ;
#708 = AXIS2_PLACEMENT_3D ( 'NONE', #67, #612, #303 ) ;
#709 = EDGE_LOOP ( 'NONE', ( #886, #460, #979, #867 ) ) ;
#710 = CIRCLE ( 'NONE', #1190, 1.599999999999997202 ) ;
#711 = AXIS2_PLACEMENT_3D ( 'NONE', #1309, #1211, #734 ) ;
#712 = CARTESIAN_POINT ( 'NONE',  ( -11.50000000000000000, -36.50000000000000000, 1.500000000000122347 ) ) ;
#713 = EDGE_CURVE ( 'NONE', #1534, #380, #196, .T. ) ;
#714 = CARTESIAN_POINT ( 'NONE',  ( -10.00000000000000000, -8.599999999999983658, 3.002673951405089006E-14 ) ) ;
#715 = ORIENTED_EDGE ( 'NONE', *, *, #912, .F. ) ;
#716 = CYLINDRICAL_SURFACE ( 'NONE', #952, 1.600000000000000755 ) ;
#717 = AXIS2_PLACEMENT_3D ( 'NONE', #1326, #1193, #353 ) ;
#718 = CARTESIAN_POINT ( 'NONE',  ( -13.50000000000000000, -1.500000000000000000, 0.000000000000000000 ) ) ;
#719 = ORIENTED_EDGE ( 'NONE', *, *, #1094, .T. ) ;
#720 = LINE ( 'NONE', #1207, #1209 ) ;
#721 = EDGE_CURVE ( 'NONE', #379, #347, #722, .T. ) ;
#722 = CIRCLE ( 'NONE', #1252, 3.600000000000000977 ) ;
#723 = FACE_BOUND ( 'NONE', #49, .T. ) ;
#724 = CARTESIAN_POINT ( 'NONE',  ( -10.00000000000000355, -34.59999999999998721, 1.500000000000243139 ) ) ;
#725 = VERTEX_POINT ( 'NONE', #724 ) ;
#726 = ORIENTED_EDGE ( 'NONE', *, *, #1298, .T. ) ;
#727 = DIRECTION ( 'NONE',  ( 0.000000000000000000, -3.491481338843133355E-15, -1.000000000000000000 ) ) ;
#728 = EDGE_LOOP ( 'NONE', ( #913, #1493, #895, #885 ) ) ;
#729 = EDGE_CURVE ( 'NONE', #96, #640, #193, .T. ) ;
#730 = DIRECTION ( 'NONE',  ( 0.000000000000000000, 1.000000000000000000, -3.523657060577885861E-15 ) ) ;
#731 = DIRECTION ( 'NONE',  ( -0.000000000000000000, 1.000000000000000000, -0.000000000000000000 ) ) ;
#732 = ORIENTED_EDGE ( 'NONE', *, *, #713, .T. ) ;
#733 = EDGE_CURVE ( 'NONE', #928, #1143, #1236, .T. ) ;
#734 = DIRECTION ( 'NONE',  ( 0.000000000000000000, -1.000000000000000000, 3.491481338843132566E-15 ) ) ;
#735 = DIRECTION ( 'NONE',  ( -0.000000000000000000, -3.491481338843133355E-15, -1.000000000000000000 ) ) ;
#736 = ORIENTED_EDGE ( 'NONE', *, *, #993, .F. ) ;
#737 = DIRECTION ( 'NONE',  ( -0.000000000000000000, -3.491481338843133355E-15, -1.000000000000000000 ) ) ;
#738 = FILL_AREA_STYLE ('',( #652 ) ) ;
#739 = DIRECTION ( 'NONE',  ( -1.000000000000000000, -0.000000000000000000, -0.000000000000000000 ) ) ;
#740 = DIRECTION ( 'NONE',  ( 0.000000000000000000, -3.491481338843133355E-15, -1.000000000000000000 ) ) ;
#741 = UNCERTAINTY_MEASURE_WITH_UNIT (LENGTH_MEASURE( 1.000000000000000082E-05 ), #1370, 'distance_accuracy_value', 'NONE');
#742 = EDGE_CURVE ( 'NONE', #96, #333, #188, .T. ) ;
#743 = DIRECTION ( 'NONE',  ( 0.000000000000000000, -1.000000000000000000, 3.469446951953611033E-15 ) ) ;
#744 = AXIS2_PLACEMENT_3D ( 'NONE', #498, #633, #258 ) ;
#745 = ORIENTED_EDGE ( 'NONE', *, *, #779, .T. ) ;
#746 = DIRECTION ( 'NONE',  ( 0.000000000000000000, 1.000000000000000000, 0.000000000000000000 ) ) ;
#747 =( NAMED_UNIT ( * ) SI_UNIT ( $, .STERADIAN. ) SOLID_ANGLE_UNIT ( ) );
#748 = CARTESIAN_POINT ( 'NONE',  ( 13.49999999999999822, -1.500000000000000000, -14.50000000000000000 ) ) ;
#749 = CARTESIAN_POINT ( 'NONE',  ( -10.00000000000000355, -31.39999999999999147, 1.500000000000231815 ) ) ;
#750 = CARTESIAN_POINT ( 'NONE',  ( 13.50000000000000000, 0.000000000000000000, -0.9999999999999970024 ) ) ;
#751 = ORIENTED_EDGE ( 'NONE', *, *, #830, .F. ) ;
#752 = CARTESIAN_POINT ( 'NONE',  ( -13.50000000000000000, -24.89999999999997726, 1.500000000000209388 ) ) ;
#753 = CARTESIAN_POINT ( 'NONE',  ( -8.500000000000000000, 0.000000000000000000, -14.49999999999999822 ) ) ;
#754 = ORIENTED_EDGE ( 'NONE', *, *, #875, .F. ) ;
#755 = AXIS2_PLACEMENT_3D ( 'NONE', #1355, #1052, #676 ) ;
#756 = EDGE_CURVE ( 'NONE', #556, #354, #1214, .T. ) ;
#757 = AXIS2_PLACEMENT_3D ( 'NONE', #1254, #761, #1465 ) ;
#758 = DIRECTION ( 'NONE',  ( 0.000000000000000000, 3.491481338843133355E-15, 1.000000000000000000 ) ) ;
#759 =( LENGTH_UNIT ( ) NAMED_UNIT ( * ) SI_UNIT ( .MILLI., .METRE. ) );
#760 = PLANE ( 'NONE',  #806 ) ;
#761 = DIRECTION ( 'NONE',  ( 0.000000000000000000, 1.000000000000000000, 0.000000000000000000 ) ) ;
#762 = ADVANCED_FACE ( 'NONE', ( #700 ), #279, .F. ) ;
#763 = DIRECTION ( 'NONE',  ( -2.602085213965208275E-15, -1.000000000000000000, 3.491481338843127044E-15 ) ) ;
#764 = EDGE_CURVE ( 'NONE', #888, #1097, #1372, .T. ) ;
#765 = CARTESIAN_POINT ( 'NONE',  ( -10.00000000000000355, -32.99999999999999289, 1.152188841818233881E-13 ) ) ;
#766 = AXIS2_PLACEMENT_3D ( 'NONE', #1435, #1276, #1502 ) ;
#767 = EDGE_CURVE ( 'NONE', #995, #1028, #800, .T. ) ;
#768 = DIRECTION ( 'NONE',  ( -0.000000000000000000, 1.000000000000000000, -0.000000000000000000 ) ) ;
#769 = CARTESIAN_POINT ( 'NONE',  ( 11.49999999999999467, -36.50000000000000000, 1.500000000000122347 ) ) ;
#770 = ADVANCED_FACE ( 'NONE', ( #1382 ), #1328, .F. ) ;
#771 = DIRECTION ( 'NONE',  ( 0.000000000000000000, -3.491481338843133355E-15, -1.000000000000000000 ) ) ;
#772 = CARTESIAN_POINT ( 'NONE',  ( 13.50000000000000178, -2.499999999999996447, -0.9999999999999965583 ) ) ;
#773 = CARTESIAN_POINT ( 'NONE',  ( 11.49999999999999289, -34.49999999999999289, 1.500000000000115463 ) ) ;
#774 = CARTESIAN_POINT ( 'NONE',  ( 13.49999999999999289, -36.50000000000000000, 1.500000000000122347 ) ) ;
#775 = EDGE_CURVE ( 'NONE', #579, #62, #292, .T. ) ;
#776 = DIRECTION ( 'NONE',  ( 0.000000000000000000, 0.000000000000000000, 1.000000000000000000 ) ) ;
#777 = DIRECTION ( 'NONE',  ( -0.000000000000000000, -3.491481338843133355E-15, -1.000000000000000000 ) ) ;
#778 = AXIS2_PLACEMENT_3D ( 'NONE', #765, #771, #1166 ) ;
#779 = EDGE_CURVE ( 'NONE', #930, #893, #319, .T. ) ;
#780 = CARTESIAN_POINT ( 'NONE',  ( 10.00000000000000000, -5.399999999999979039, 1.500000000000141220 ) ) ;
#781 = CARTESIAN_POINT ( 'NONE',  ( 8.500000000000000000, -36.50000000000000711, -16.09999999999999076 ) ) ;
#782 = CARTESIAN_POINT ( 'NONE',  ( 0.000000000000000000, -1.500000000000001332, -14.50000000000000000 ) ) ;
#783 = DIRECTION ( 'NONE',  ( -1.000000000000000000, 0.000000000000000000, 0.000000000000000000 ) ) ;
#784 = ADVANCED_FACE ( 'NONE', ( #328 ), #568, .T. ) ;
#785 = CARTESIAN_POINT ( 'NONE',  ( -5.123066493966402640E-23, 0.000000000000000000, -6.000000000000003553 ) ) ;
#786 = AXIS2_PLACEMENT_3D ( 'NONE', #801, #1304, #939 ) ;
#787 = EDGE_CURVE ( 'NONE', #363, #544, #855, .T. ) ;
#788 = AXIS2_PLACEMENT_3D ( 'NONE', #793, #1180, #730 ) ;
#789 = DIRECTION ( 'NONE',  ( 0.000000000000000000, 1.000000000000000000, -3.523657060577885861E-15 ) ) ;
#790 = LINE ( 'NONE', #549, #312 ) ;
#791 = EDGE_CURVE ( 'NONE', #76, #1454, #1444, .T. ) ;
#792 = CIRCLE ( 'NONE', #757, 1.599999999999998979 ) ;
#793 = CARTESIAN_POINT ( 'NONE',  ( -10.00000000000000000, -6.999999999999977796, 1.500000000000146771 ) ) ;
#794 = EDGE_CURVE ( 'NONE', #962, #1097, #417, .T. ) ;
#795 = LINE ( 'NONE', #79, #838 ) ;
#796 = CARTESIAN_POINT ( 'NONE',  ( -13.50000000000000000, -15.09999999999999432, 5.272136821653128842E-14 ) ) ;
#797 = DIRECTION ( 'NONE',  ( -0.000000000000000000, -3.491481338843133355E-15, -1.000000000000000000 ) ) ;
#798 = ORIENTED_EDGE ( 'NONE', *, *, #1094, .F. ) ;
#799 = VECTOR ( 'NONE', #1077, 1000.000000000000000 ) ;
#800 = CIRCLE ( 'NONE', #284, 1.599999999999998979 ) ;
#801 = CARTESIAN_POINT ( 'NONE',  ( 9.999999999999996447, -32.99999999999998579, 1.500000000000237366 ) ) ;
#802 = ORIENTED_EDGE ( 'NONE', *, *, #1424, .T. ) ;
#803 = AXIS2_PLACEMENT_3D ( 'NONE', #1208, #1420, #968 ) ;
#804 = EDGE_LOOP ( 'NONE', ( #371, #415, #1438, #553 ) ) ;
#805 = CIRCLE ( 'NONE', #778, 1.599999999999997202 ) ;
#806 = AXIS2_PLACEMENT_3D ( 'NONE', #224, #1384, #1517 ) ;
#807 = DIRECTION ( 'NONE',  ( -0.000000000000000000, -3.491481338843133355E-15, -1.000000000000000000 ) ) ;
#808 = EDGE_CURVE ( 'NONE', #374, #989, #459, .T. ) ;
#809 = CARTESIAN_POINT ( 'NONE',  ( -10.00000000000000000, -5.399999999999980815, 1.885399922975285385E-14 ) ) ;
#810 = LINE ( 'NONE', #1019, #825 ) ;
#811 = AXIS2_PLACEMENT_3D ( 'NONE', #295, #1182, #308 ) ;
#812 = ADVANCED_FACE ( 'NONE', ( #951 ), #956, .T. ) ;
#813 = DIRECTION ( 'NONE',  ( 0.000000000000000000, 0.000000000000000000, -1.000000000000000000 ) ) ;
#814 = CIRCLE ( 'NONE', #786, 1.599999999999997202 ) ;
#815 = VERTEX_POINT ( 'NONE', #961 ) ;
#816 = VECTOR ( 'NONE', #686, 1000.000000000000000 ) ;
#817 = AXIS2_PLACEMENT_3D ( 'NONE', #109, #575, #311 ) ;
#818 = CYLINDRICAL_SURFACE ( 'NONE', #134, 1.600000000000001643 ) ;
#819 = CARTESIAN_POINT ( 'NONE',  ( -10.00000000000000178, -21.59999999999999432, 7.541599691901166785E-14 ) ) ;
#820 = VERTEX_POINT ( 'NONE', #809 ) ;
#821 = CIRCLE ( 'NONE', #1509, 1.600000000000000755 ) ;
#822 = DIRECTION ( 'NONE',  ( 0.000000000000000000, 1.000000000000000000, -3.491481338843136511E-15 ) ) ;
#823 = VERTEX_POINT ( 'NONE', #145 ) ;
#824 = CARTESIAN_POINT ( 'NONE',  ( -13.49999999999999112, -2.499999999999996447, -0.9999999999999965583 ) ) ;
#825 = VECTOR ( 'NONE', #1262, 1000.000000000000000 ) ;
#826 = EDGE_LOOP ( 'NONE', ( #563, #1046, #435, #448 ) ) ;
#827 = CARTESIAN_POINT ( 'NONE',  ( -10.00000000000000000, -8.599999999999978328, 1.500000000000152545 ) ) ;
#828 = FACE_OUTER_BOUND ( 'NONE', #914, .T. ) ;
#829 = ORIENTED_EDGE ( 'NONE', *, *, #966, .T. ) ;
#830 = EDGE_CURVE ( 'NONE', #911, #29, #945, .T. ) ;
#831 = LINE ( 'NONE', #1398, #310 ) ;
#832 = DIRECTION ( 'NONE',  ( 0.000000000000000000, 3.469446951953614189E-15, 1.000000000000000000 ) ) ;
#833 = DIRECTION ( 'NONE',  ( 0.000000000000000000, -3.491481338843133355E-15, -1.000000000000000000 ) ) ;
#834 = DIRECTION ( 'NONE',  ( -0.000000000000000000, 1.000000000000000000, -0.000000000000000000 ) ) ;
#835 = ORIENTED_EDGE ( 'NONE', *, *, #1073, .F. ) ;
#836 = LINE ( 'NONE', #1338, #846 ) ;
#837 = DIRECTION ( 'NONE',  ( 0.000000000000000000, 1.000000000000000000, 0.000000000000000000 ) ) ;
#838 = VECTOR ( 'NONE', #1278, 1000.000000000000000 ) ;
#839 = ORIENTED_EDGE ( 'NONE', *, *, #512, .F. ) ;
#840 = DIRECTION ( 'NONE',  ( 0.000000000000000000, 1.000000000000000000, -3.523657060577885861E-15 ) ) ;
#841 = CARTESIAN_POINT ( 'NONE',  ( -5.123066493966402640E-23, -36.50000000000000711, -4.400000000000003908 ) ) ;
#842 = LINE ( 'NONE', #827, #1351 ) ;
#843 = ORIENTED_EDGE ( 'NONE', *, *, #1139, .F. ) ;
#844 = LINE ( 'NONE', #1361, #296 ) ;
#845 = CARTESIAN_POINT ( 'NONE',  ( 0.000000000000000000, 0.000000000000000000, -23.00000000000000000 ) ) ;
#846 = VECTOR ( 'NONE', #879, 1000.000000000000000 ) ;
#847 = CARTESIAN_POINT ( 'NONE',  ( -13.50000000000000711, -13.49999999999998579, 1.500000000000169420 ) ) ;
#848 = EDGE_LOOP ( 'NONE', ( #407, #368 ) ) ;
#849 = DIRECTION ( 'NONE',  ( 0.000000000000000000, 1.000000000000000000, -3.491481338843132566E-15 ) ) ;
#850 = FACE_OUTER_BOUND ( 'NONE', #470, .T. ) ;
#851 = EDGE_LOOP ( 'NONE', ( #603, #52 ) ) ;
#852 = DIRECTION ( 'NONE',  ( 0.000000000000000000, -1.000000000000000000, 3.491481338843127044E-15 ) ) ;
#853 = CYLINDRICAL_SURFACE ( 'NONE', #1445, 2.000000000000001776 ) ;
#854 = EDGE_LOOP ( 'NONE', ( #940, #751 ) ) ;
#855 = CIRCLE ( 'NONE', #17, 1.600000000000000755 ) ;
#856 = DIRECTION ( 'NONE',  ( 0.000000000000000000, 3.491481338843133750E-15, 1.000000000000000000 ) ) ;
#857 = CARTESIAN_POINT ( 'NONE',  ( 11.49999999999999467, -36.50000000000000000, 1.500000000000122347 ) ) ;
#858 = CARTESIAN_POINT ( 'NONE',  ( -10.00000000000000000, -5.399999999999976374, 1.500000000000141220 ) ) ;
#859 = AXIS2_PLACEMENT_3D ( 'NONE', #702, #1056, #1174 ) ;
#860 = ORIENTED_EDGE ( 'NONE', *, *, #688, .F. ) ;
#861 = EDGE_CURVE ( 'NONE', #1128, #1081, #421, .T. ) ;
#862 = CARTESIAN_POINT ( 'NONE',  ( 1.959434878635763751E-16, 0.000000000000000000, -24.60000000000000142 ) ) ;
#863 = EDGE_LOOP ( 'NONE', ( #434, #1443, #40, #416 ) ) ;
#864 = DIRECTION ( 'NONE',  ( 0.000000000000000000, 1.000000000000000000, 0.000000000000000000 ) ) ;
#865 = EDGE_LOOP ( 'NONE', ( #1148, #907, #890, #1476 ) ) ;
#866 = DIRECTION ( 'NONE',  ( -0.000000000000000000, 1.000000000000000000, -0.000000000000000000 ) ) ;
#867 = ORIENTED_EDGE ( 'NONE', *, *, #1424, .F. ) ;
#868 = PLANE ( 'NONE',  #1441 ) ;
#869 = EDGE_LOOP ( 'NONE', ( #398, #561 ) ) ;
#870 = ORIENTED_EDGE ( 'NONE', *, *, #1098, .T. ) ;
#871 =( LENGTH_UNIT ( ) NAMED_UNIT ( * ) SI_UNIT ( .MILLI., .METRE. ) );
#872 = ORIENTED_EDGE ( 'NONE', *, *, #1298, .F. ) ;
#873 = EDGE_LOOP ( 'NONE', ( #608, #1497 ) ) ;
#874 = AXIS2_PLACEMENT_3D ( 'NONE', #1259, #776, #1459 ) ;
#875 = EDGE_CURVE ( 'NONE', #577, #1534, #1456, .T. ) ;
#876 = VERTEX_POINT ( 'NONE', #1085 ) ;
#877 = DIRECTION ( 'NONE',  ( 0.000000000000000000, -3.491481338843133355E-15, -1.000000000000000000 ) ) ;
#878 = VECTOR ( 'NONE', #1192, 1000.000000000000000 ) ;
#879 = DIRECTION ( 'NONE',  ( 0.000000000000000000, 1.000000000000000000, 0.000000000000000000 ) ) ;
#880 = ADVANCED_FACE ( 'NONE', ( #464 ), #428, .F. ) ;
#881 = DIRECTION ( 'NONE',  ( -0.000000000000000000, -3.491481338843133750E-15, -1.000000000000000000 ) ) ;
#882 = CARTESIAN_POINT ( 'NONE',  ( 8.500000000000000000, -1.500000000000001332, -12.89999999999999325 ) ) ;
#883 = EDGE_LOOP ( 'NONE', ( #420, #491, #1463, #432 ) ) ;
#884 = DIRECTION ( 'NONE',  ( 0.000000000000000000, 0.000000000000000000, 1.000000000000000000 ) ) ;
#885 = ORIENTED_EDGE ( 'NONE', *, *, #1501, .T. ) ;
#886 = ORIENTED_EDGE ( 'NONE', *, *, #546, .F. ) ;
#887 = AXIS2_PLACEMENT_3D ( 'NONE', #1108, #390, #1233 ) ;
#888 = VERTEX_POINT ( 'NONE', #624 ) ;
#889 = AXIS2_PLACEMENT_3D ( 'NONE', #1126, #837, #177 ) ;
#890 = ORIENTED_EDGE ( 'NONE', *, *, #794, .T. ) ;
#891 = CARTESIAN_POINT ( 'NONE',  ( -13.50000000000000888, -26.49999999999998579, 8.738669510233165738E-14 ) ) ;
#892 = ADVANCED_FACE ( 'NONE', ( #1457 ), #1464, .F. ) ;
#893 = VERTEX_POINT ( 'NONE', #1310 ) ;
#894 = FACE_OUTER_BOUND ( 'NONE', #493, .T. ) ;
#895 = ORIENTED_EDGE ( 'NONE', *, *, #93, .T. ) ;
#896 = AXIS2_PLACEMENT_3D ( 'NONE', #260, #833, #153 ) ;
#897 = DIRECTION ( 'NONE',  ( 0.000000000000000000, 1.000000000000000000, -3.523657060577887833E-15 ) ) ;
#898 = VERTEX_POINT ( 'NONE', #1226 ) ;
#899 = VERTEX_POINT ( 'NONE', #988 ) ;
#900 = VERTEX_POINT ( 'NONE', #1329 ) ;
#901 = ORIENTED_EDGE ( 'NONE', *, *, #194, .T. ) ;
#902 = APPLICATION_PROTOCOL_DEFINITION ( 'draft international standard', 'automotive_design', 1998, #704 ) ;
#903 = EDGE_LOOP ( 'NONE', ( #34, #56, #1484, #314 ) ) ;
#904 = DIRECTION ( 'NONE',  ( 0.000000000000000000, 1.000000000000000000, -3.469446951953611033E-15 ) ) ;
#905 = VERTEX_POINT ( 'NONE', #1428 ) ;
#906 = CARTESIAN_POINT ( 'NONE',  ( 1.959434366329115623E-16, -36.50000000000000711, -7.600000000000003197 ) ) ;
#907 = ORIENTED_EDGE ( 'NONE', *, *, #337, .F. ) ;
#908 = DIRECTION ( 'NONE',  ( -0.000000000000000000, -3.491481338843133355E-15, -1.000000000000000000 ) ) ;
#909 = ORIENTED_EDGE ( 'NONE', *, *, #525, .F. ) ;
#910 = DIRECTION ( 'NONE',  ( 0.000000000000000000, 3.491481338843133750E-15, 1.000000000000000000 ) ) ;
#911 = VERTEX_POINT ( 'NONE', #157 ) ;
#912 = EDGE_CURVE ( 'NONE', #44, #479, #1467, .T. ) ;
#913 = ORIENTED_EDGE ( 'NONE', *, *, #1249, .F. ) ;
#914 = EDGE_LOOP ( 'NONE', ( #1472, #32, #332, #589 ) ) ;
#915 = EDGE_CURVE ( 'NONE', #1343, #955, #1469, .T. ) ;
#916 = CARTESIAN_POINT ( 'NONE',  ( -8.500000000000000000, -1.500000000000001332, -14.49999999999999822 ) ) ;
#917 = DIRECTION ( 'NONE',  ( 0.000000000000000000, 0.000000000000000000, 1.000000000000000000 ) ) ;
#918 = DIRECTION ( 'NONE',  ( 0.000000000000000000, 1.000000000000000000, 0.000000000000000000 ) ) ;
#919 = ORIENTED_EDGE ( 'NONE', *, *, #1067, .T. ) ;
#920 = ADVANCED_FACE ( 'NONE', ( #494 ), #178, .T. ) ;
#921 = ORIENTED_EDGE ( 'NONE', *, *, #324, .F. ) ;
#922 = CARTESIAN_POINT ( 'NONE',  ( 0.000000000000000000, 0.000000000000000000, -14.50000000000000000 ) ) ;
#923 = ORIENTED_EDGE ( 'NONE', *, *, #1365, .F. ) ;
#924 = CARTESIAN_POINT ( 'NONE',  ( -11.50000000000000000, -34.49999999999999289, 1.500000000000115463 ) ) ;
#925 = ORIENTED_EDGE ( 'NONE', *, *, #948, .F. ) ;
#926 = DIRECTION ( 'NONE',  ( -1.196361017915039486E-16, -0.000000000000000000, 1.000000000000000000 ) ) ;
#927 = DIRECTION ( 'NONE',  ( -1.982541115402065110E-16, -1.000000000000000000, 3.491481338843133750E-15 ) ) ;
#928 = VERTEX_POINT ( 'NONE', #520 ) ;
#929 = EDGE_CURVE ( 'NONE', #1125, #1427, #1053, .T. ) ;
#930 = VERTEX_POINT ( 'NONE', #1553 ) ;
#931 = DIRECTION ( 'NONE',  ( 0.000000000000000000, 0.000000000000000000, 1.000000000000000000 ) ) ;
#932 = EDGE_CURVE ( 'NONE', #544, #467, #1540, .T. ) ;
#933 = ADVANCED_FACE ( 'NONE', ( #531 ), #1234, .T. ) ;
#934 = ORIENTED_EDGE ( 'NONE', *, *, #729, .F. ) ;
#935 = DIRECTION ( 'NONE',  ( 0.000000000000000000, -1.000000000000000000, 3.491481338843136511E-15 ) ) ;
#936 = CARTESIAN_POINT ( 'NONE',  ( 0.000000000000000000, -1.500000000000000000, -14.50000000000000000 ) ) ;
#937 = EDGE_LOOP ( 'NONE', ( #641, #24, #1390, #403 ) ) ;
#938 = VECTOR ( 'NONE', #581, 1000.000000000000000 ) ;
#939 = DIRECTION ( 'NONE',  ( 0.000000000000000000, -1.000000000000000000, 3.523657060577895721E-15 ) ) ;
#940 = ORIENTED_EDGE ( 'NONE', *, *, #679, .F. ) ;
#941 = ORIENTED_EDGE ( 'NONE', *, *, #1249, .T. ) ;
#942 = DIRECTION ( 'NONE',  ( -1.000000000000000000, -0.000000000000000000, -0.000000000000000000 ) ) ;
#943 = DIRECTION ( 'NONE',  ( 0.000000000000000000, 1.000000000000000000, -3.523657060577887833E-15 ) ) ;
#944 = AXIS2_PLACEMENT_3D ( 'NONE', #1416, #357, #1431 ) ;
#945 = CIRCLE ( 'NONE', #247, 1.599999999999997202 ) ;
#946 = AXIS2_PLACEMENT_3D ( 'NONE', #631, #1403, #506 ) ;
#947 = CARTESIAN_POINT ( 'NONE',  ( -13.49999999999999112, 3.469446951953614189E-15, -0.9999999999999967804 ) ) ;
#948 = EDGE_CURVE ( 'NONE', #327, #1364, #511, .T. ) ;
#949 = CARTESIAN_POINT ( 'NONE',  ( 0.000000000000000000, -1.500000000000000000, -14.50000000000000000 ) ) ;
#950 = EDGE_LOOP ( 'NONE', ( #1504, #213, #1244, #216 ) ) ;
#951 = FACE_OUTER_BOUND ( 'NONE', #1059, .T. ) ;
#952 = AXIS2_PLACEMENT_3D ( 'NONE', #1047, #1490, #897 ) ;
#953 = ORIENTED_EDGE ( 'NONE', *, *, #1169, .F. ) ;
#954 = CARTESIAN_POINT ( 'NONE',  ( -13.50000000000000000, -36.50000000000000000, 1.500000000000122347 ) ) ;
#955 = VERTEX_POINT ( 'NONE', #360 ) ;
#956 = CYLINDRICAL_SURFACE ( 'NONE', #613, 13.49999999999999822 ) ;
#957 = DIRECTION ( 'NONE',  ( -0.000000000000000000, 1.000000000000000000, -0.000000000000000000 ) ) ;
#958 = CARTESIAN_POINT ( 'NONE',  ( 13.50000000000000178, -1.499999999999996669, -0.9999999999999965583 ) ) ;
#959 = VERTEX_POINT ( 'NONE', #1453 ) ;
#960 = DIRECTION ( 'NONE',  ( -0.000000000000000000, -3.491481338843133355E-15, -1.000000000000000000 ) ) ;
#961 = CARTESIAN_POINT ( 'NONE',  ( -11.50000000000000000, -36.50000000000000711, 1.222018468595096801E-13 ) ) ;
#962 = VERTEX_POINT ( 'NONE', #378 ) ;
#963 = ORIENTED_EDGE ( 'NONE', *, *, #1501, .F. ) ;
#964 = VECTOR ( 'NONE', #252, 1000.000000000000000 ) ;
#965 = CARTESIAN_POINT ( 'NONE',  ( 13.49999999999999822, -11.89999999999999147, 4.154862793223325537E-14 ) ) ;
#966 = EDGE_CURVE ( 'NONE', #298, #551, #1555, .T. ) ;
#967 = CARTESIAN_POINT ( 'NONE',  ( 13.49999999999999467, -28.09999999999999076, 9.297306524448068337E-14 ) ) ;
#968 = DIRECTION ( 'NONE',  ( 0.000000000000000000, -1.000000000000000000, 3.491481338843132566E-15 ) ) ;
#969 = CARTESIAN_POINT ( 'NONE',  ( -10.00000000000000178, -18.39999999999998437, 1.500000000000186517 ) ) ;
#970 = EDGE_LOOP ( 'NONE', ( #1554, #1064, #71, #30 ) ) ;
#971 = CYLINDRICAL_SURFACE ( 'NONE', #1527, 1.600000000000000755 ) ;
#972 = EDGE_CURVE ( 'NONE', #697, #820, #471, .T. ) ;
#973 = DIRECTION ( 'NONE',  ( 0.000000000000000000, -3.491481338843133355E-15, -1.000000000000000000 ) ) ;
#974 = VERTEX_POINT ( 'NONE', #1405 ) ;
#975 = ORIENTED_EDGE ( 'NONE', *, *, #340, .T. ) ;
#976 = AXIS2_PLACEMENT_3D ( 'NONE', #1217, #1305, #161 ) ;
#977 = EDGE_LOOP ( 'NONE', ( #1001, #975, #1491, #536 ) ) ;
#978 = CARTESIAN_POINT ( 'NONE',  ( -10.00000000000000178, -19.99999999999998579, 1.500000000000192069 ) ) ;
#979 = ORIENTED_EDGE ( 'NONE', *, *, #136, .F. ) ;
#980 = DIRECTION ( 'NONE',  ( 0.000000000000000000, -1.000000000000000000, 3.469446951953611033E-15 ) ) ;
#981 = CARTESIAN_POINT ( 'NONE',  ( 9.999999999999996447, -34.59999999999998721, 1.500000000000243139 ) ) ;
#982 = ORIENTED_EDGE ( 'NONE', *, *, #966, .F. ) ;
#983 = DIRECTION ( 'NONE',  ( -0.000000000000000000, -3.491481338843133355E-15, -1.000000000000000000 ) ) ;
#984 = FACE_OUTER_BOUND ( 'NONE', #709, .T. ) ;
#985 = ORIENTED_EDGE ( 'NONE', *, *, #1551, .F. ) ;
#986 = DIRECTION ( 'NONE',  ( 0.000000000000000000, 1.000000000000000000, 0.000000000000000000 ) ) ;
#987 = FACE_BOUND ( 'NONE', #1330, .T. ) ;
#988 = CARTESIAN_POINT ( 'NONE',  ( 13.49999999999999289, -34.49999999999999289, 1.500000000000115463 ) ) ;
#989 = VERTEX_POINT ( 'NONE', #1106 ) ;
#990 = CIRCLE ( 'NONE', #208, 1.599999999999999867 ) ;
#991 = DIRECTION ( 'NONE',  ( 0.000000000000000000, 1.000000000000000000, 0.000000000000000000 ) ) ;
#992 = CIRCLE ( 'NONE', #946, 1.600000000000002531 ) ;
#993 = EDGE_CURVE ( 'NONE', #1143, #1423, #1006, .T. ) ;
#994 = EDGE_CURVE ( 'NONE', #50, #876, #1525, .T. ) ;
#995 = VERTEX_POINT ( 'NONE', #262 ) ;
#996 = DIRECTION ( 'NONE',  ( 0.000000000000000000, -1.000000000000000000, 3.523657060577883888E-15 ) ) ;
#997 = LINE ( 'NONE', #1084, #492 ) ;
#998 = DIRECTION ( 'NONE',  ( 0.000000000000000000, 1.000000000000000000, -3.491481338843136511E-15 ) ) ;
#999 = ORIENTED_EDGE ( 'NONE', *, *, #1231, .T. ) ;
#1000 = ORIENTED_EDGE ( 'NONE', *, *, #671, .T. ) ;
#1001 = ORIENTED_EDGE ( 'NONE', *, *, #592, .F. ) ;
#1002 = ADVANCED_FACE ( 'NONE', ( #1025 ), #499, .F. ) ;
#1003 = EDGE_LOOP ( 'NONE', ( #125, #468 ) ) ;
#1004 = VECTOR ( 'NONE', #917, 1000.000000000000000 ) ;
#1005 = EDGE_LOOP ( 'NONE', ( #963, #798 ) ) ;
#1006 = LINE ( 'NONE', #36, #1513 ) ;
#1007 = DIRECTION ( 'NONE',  ( 0.000000000000000000, 3.491481338843133750E-15, 1.000000000000000000 ) ) ;
#1008 = ORIENTED_EDGE ( 'NONE', *, *, #657, .F. ) ;
#1009 = EDGE_LOOP ( 'NONE', ( #982, #1520 ) ) ;
#1010 = CIRCLE ( 'NONE', #1115, 1.600000000000000755 ) ;
#1011 = DIRECTION ( 'NONE',  ( -0.000000000000000000, 3.491481338843133355E-15, 1.000000000000000000 ) ) ;
#1012 = VERTEX_POINT ( 'NONE', #601 ) ;
#1013 = VERTEX_POINT ( 'NONE', #187 ) ;
#1014 = VECTOR ( 'NONE', #490, 1000.000000000000000 ) ;
#1015 = CYLINDRICAL_SURFACE ( 'NONE', #1266, 1.599999999999997202 ) ;
#1016 = ORIENTED_EDGE ( 'NONE', *, *, #1315, .F. ) ;
#1017 = CARTESIAN_POINT ( 'NONE',  ( 13.49999999999999645, -2.499999999999996447, 3.469446951953614189E-15 ) ) ;
#1018 = CARTESIAN_POINT ( 'NONE',  ( 9.999999999999996447, -34.59999999999998721, 1.500000000000243139 ) ) ;
#1019 = CARTESIAN_POINT ( 'NONE',  ( -0.000000000000000000, -2.499999999999996447, 1.500000000000003553 ) ) ;
#1020 = EDGE_CURVE ( 'NONE', #905, #725, #504, .T. ) ;
#1021 = ORIENTED_EDGE ( 'NONE', *, *, #972, .T. ) ;
#1022 = AXIS2_PLACEMENT_3D ( 'NONE', #936, #617, #654 ) ;
#1023 = EDGE_CURVE ( 'NONE', #374, #1235, #59, .T. ) ;
#1024 = CARTESIAN_POINT ( 'NONE',  ( -13.50000000000000000, -2.499999999999996447, 1.500000000000003553 ) ) ;
#1025 = FACE_OUTER_BOUND ( 'NONE', #331, .T. ) ;
#1026 = LINE ( 'NONE', #718, #519 ) ;
#1027 = CARTESIAN_POINT ( 'NONE',  ( -11.50000000000000000, -34.49999999999999289, 1.500000000000115463 ) ) ;
#1028 = VERTEX_POINT ( 'NONE', #882 ) ;
#1029 = LINE ( 'NONE', #781, #455 ) ;
#1030 = CARTESIAN_POINT ( 'NONE',  ( -8.500000000000000000, -36.50000000000000711, -14.49999999999999822 ) ) ;
#1031 = CARTESIAN_POINT ( 'NONE',  ( 8.500000000000000000, -36.50000000000000711, -14.49999999999999289 ) ) ;
#1032 = CIRCLE ( 'NONE', #766, 1.600000000000000755 ) ;
#1033 = MANIFOLD_SOLID_BREP ( 'Filete1', #25 ) ;
#1034 = DIRECTION ( 'NONE',  ( -1.196361017915039239E-16, 0.000000000000000000, 1.000000000000000000 ) ) ;
#1035 = LINE ( 'NONE', #239, #1004 ) ;
#1036 = ADVANCED_FACE ( 'NONE', ( #541 ), #1543, .F. ) ;
#1037 = APPLICATION_PROTOCOL_DEFINITION ( 'draft international standard', 'automotive_design', 1998, #426 ) ;
#1038 = FACE_BOUND ( 'NONE', #1009, .T. ) ;
#1039 = EDGE_CURVE ( 'NONE', #1081, #1229, #1550, .T. ) ;
#1040 = DIRECTION ( 'NONE',  ( 0.000000000000000000, -3.491481338843133355E-15, -1.000000000000000000 ) ) ;
#1041 = AXIS2_PLACEMENT_3D ( 'NONE', #35, #489, #822 ) ;
#1042 = EDGE_CURVE ( 'NONE', #18, #544, #1308, .T. ) ;
#1043 = DIRECTION ( 'NONE',  ( 0.000000000000000000, 1.000000000000000000, -3.523657060577887833E-15 ) ) ;
#1044 = LINE ( 'NONE', #752, #463 ) ;
#1045 = AXIS2_PLACEMENT_3D ( 'NONE', #753, #864, #388 ) ;
#1046 = ORIENTED_EDGE ( 'NONE', *, *, #1385, .T. ) ;
#1047 = CARTESIAN_POINT ( 'NONE',  ( 9.999999999999998224, -19.99999999999998934, 1.500000000000192069 ) ) ;
#1048 = ORIENTED_EDGE ( 'NONE', *, *, #688, .T. ) ;
#1049 = CARTESIAN_POINT ( 'NONE',  ( 13.49999999999999467, -28.09999999999998366, 1.500000000000220490 ) ) ;
#1050 = ORIENTED_EDGE ( 'NONE', *, *, #200, .F. ) ;
#1051 = ORIENTED_EDGE ( 'NONE', *, *, #1429, .T. ) ;
#1052 = DIRECTION ( 'NONE',  ( 0.000000000000000000, 1.000000000000000000, 0.000000000000000000 ) ) ;
#1053 = LINE ( 'NONE', #1440, #1014 ) ;
#1054 = VERTEX_POINT ( 'NONE', #662 ) ;
#1055 = CARTESIAN_POINT ( 'NONE',  ( 13.50000000000000355, -13.49999999999998934, 1.500000000000169420 ) ) ;
#1056 = DIRECTION ( 'NONE',  ( -1.000000000000000000, -0.000000000000000000, 0.000000000000000000 ) ) ;
#1057 = AXIS2_PLACEMENT_3D ( 'NONE', #658, #270, #396 ) ;
#1058 = DIRECTION ( 'NONE',  ( 0.000000000000000000, 1.000000000000000000, 0.000000000000000000 ) ) ;
#1059 = EDGE_LOOP ( 'NONE', ( #872, #1458, #1267, #583 ) ) ;
#1060 = EDGE_CURVE ( 'NONE', #1360, #823, #805, .T. ) ;
#1061 = DIRECTION ( 'NONE',  ( -0.000000000000000000, 1.000000000000000000, -0.000000000000000000 ) ) ;
#1062 = AXIS2_PLACEMENT_3D ( 'NONE', #845, #1321, #535 ) ;
#1063 = ADVANCED_FACE ( 'NONE', ( #828 ), #853, .T. ) ;
#1064 = ORIENTED_EDGE ( 'NONE', *, *, #1381, .F. ) ;
#1065 = VECTOR ( 'NONE', #991, 1000.000000000000000 ) ;
#1066 = CARTESIAN_POINT ( 'NONE',  ( 13.49999999999999645, -2.499999999999996447, 3.469446951953614189E-15 ) ) ;
#1067 = EDGE_CURVE ( 'NONE', #899, #467, #1332, .T. ) ;
#1068 = ORIENTED_EDGE ( 'NONE', *, *, #1357, .F. ) ;
#1069 = DIRECTION ( 'NONE',  ( -0.000000000000000000, 1.000000000000000000, -3.491481338843133750E-15 ) ) ;
#1070 = EDGE_LOOP ( 'NONE', ( #843, #359, #1386, #85 ) ) ;
#1071 = ORIENTED_EDGE ( 'NONE', *, *, #861, .T. ) ;
#1072 = DIRECTION ( 'NONE',  ( 0.000000000000000000, 1.000000000000000000, -3.523657060577887833E-15 ) ) ;
#1073 = EDGE_CURVE ( 'NONE', #989, #1133, #836, .T. ) ;
#1074 = EDGE_LOOP ( 'NONE', ( #1071, #560, #870, #1407 ) ) ;
#1075 = ORIENTED_EDGE ( 'NONE', *, *, #994, .F. ) ;
#1076 = AXIS2_PLACEMENT_3D ( 'NONE', #370, #240, #849 ) ;
#1077 = DIRECTION ( 'NONE',  ( -0.000000000000000000, 1.000000000000000000, -0.000000000000000000 ) ) ;
#1078 = ORIENTED_EDGE ( 'NONE', *, *, #93, .F. ) ;
#1079 = EDGE_CURVE ( 'NONE', #974, #888, #790, .T. ) ;
#1080 = COLOUR_RGB ( '',0.6470588235294117974, 0.6196078431372549211, 0.5882352941176470784 ) ;
#1081 = VERTEX_POINT ( 'NONE', #522 ) ;
#1082 = DIRECTION ( 'NONE',  ( 0.000000000000000000, -1.000000000000000000, 3.491481338843136511E-15 ) ) ;
#1083 = EDGE_LOOP ( 'NONE', ( #611, #218, #1008, #1242, #523, #530, #736, #628, #1050, #515, #715, #521, #223, #117 ) ) ;
#1084 = CARTESIAN_POINT ( 'NONE',  ( -13.50000000000000000, -1.500000000000000000, 0.000000000000000000 ) ) ;
#1085 = CARTESIAN_POINT ( 'NONE',  ( -8.500000000000000000, 0.000000000000000000, -16.10000000000000142 ) ) ;
#1086 = ORIENTED_EDGE ( 'NONE', *, *, #1023, .T. ) ;
#1087 = ORIENTED_EDGE ( 'NONE', *, *, #1461, .F. ) ;
#1088 = DIRECTION ( 'NONE',  ( -0.000000000000000000, 1.000000000000000000, -0.000000000000000000 ) ) ;
#1089 = EDGE_LOOP ( 'NONE', ( #1377, #1156, #1152, #1452 ) ) ;
#1090 = ORIENTED_EDGE ( 'NONE', *, *, #1206, .F. ) ;
#1091 = EDGE_CURVE ( 'NONE', #1028, #995, #792, .T. ) ;
#1092 = DIRECTION ( 'NONE',  ( 0.000000000000000000, 0.000000000000000000, 1.000000000000000000 ) ) ;
#1093 = AXIS2_PLACEMENT_3D ( 'NONE', #1359, #229, #1034 ) ;
#1094 = EDGE_CURVE ( 'NONE', #1449, #1434, #307, .T. ) ;
#1095 = EDGE_LOOP ( 'NONE', ( #410, #64, #1421, #1352 ) ) ;
#1096 = DIRECTION ( 'NONE',  ( -1.000000000000000000, -0.000000000000000000, -0.000000000000000000 ) ) ;
#1097 = VERTEX_POINT ( 'NONE', #1127 ) ;
#1098 = EDGE_CURVE ( 'NONE', #1404, #479, #795, .T. ) ;
#1099 = CARTESIAN_POINT ( 'NONE',  ( 0.000000000000000000, 5.237222008264681889E-15, 1.499999999999994893 ) ) ;
#1100 = CARTESIAN_POINT ( 'NONE',  ( -10.00000000000000178, -19.99999999999999289, 6.982962677686264186E-14 ) ) ;
#1101 = CIRCLE ( 'NONE', #755, 1.599999999999999867 ) ;
#1102 = EDGE_LOOP ( 'NONE', ( #82, #19, #445, #835 ) ) ;
#1103 = ORIENTED_EDGE ( 'NONE', *, *, #567, .T. ) ;
#1104 = DIRECTION ( 'NONE',  ( 0.000000000000000000, 0.000000000000000000, -1.000000000000000000 ) ) ;
#1105 = CYLINDRICAL_SURFACE ( 'NONE', #132, 1.600000000000000755 ) ;
#1106 = CARTESIAN_POINT ( 'NONE',  ( -13.49999999999999822, -1.500000000000000000, -14.50000000000000178 ) ) ;
#1107 = FACE_OUTER_BOUND ( 'NONE', #1411, .T. ) ;
#1108 = CARTESIAN_POINT ( 'NONE',  ( -13.50000000000000711, -13.49999999999998579, 1.500000000000169420 ) ) ;
#1109 = EDGE_LOOP ( 'NONE', ( #1325, #412, #1348, #925 ) ) ;
#1110 = ORIENTED_EDGE ( 'NONE', *, *, #43, .F. ) ;
#1111 = LINE ( 'NONE', #480, #1144 ) ;
#1112 = CARTESIAN_POINT ( 'NONE',  ( 13.49999999999999289, -36.50000000000000711, 1.222018468595096801E-13 ) ) ;
#1113 = DIRECTION ( 'NONE',  ( 8.758115402030106693E-47, 3.491481338843133355E-15, 1.000000000000000000 ) ) ;
#1114 = CIRCLE ( 'NONE', #381, 1.600000000000000755 ) ;
#1115 = AXIS2_PLACEMENT_3D ( 'NONE', #148, #1058, #1556 ) ;
#1116 = EDGE_CURVE ( 'NONE', #579, #1534, #1311, .T. ) ;
#1117 = FACE_OUTER_BOUND ( 'NONE', #1074, .T. ) ;
#1118 = AXIS2_PLACEMENT_3D ( 'NONE', #1100, #1238, #1220 ) ;
#1119 = LINE ( 'NONE', #906, #599 ) ;
#1120 = DIRECTION ( 'NONE',  ( -0.000000000000000000, 1.000000000000000000, -3.491481338843133750E-15 ) ) ;
#1121 = VECTOR ( 'NONE', #1120, 1000.000000000000000 ) ;
#1122 = ORIENTED_EDGE ( 'NONE', *, *, #1091, .T. ) ;
#1123 = CARTESIAN_POINT ( 'NONE',  ( 11.49999999999999289, -34.50000000000000000, 1.153591111524576718E-13 ) ) ;
#1124 = VECTOR ( 'NONE', #1161, 1000.000000000000000 ) ;
#1125 = VERTEX_POINT ( 'NONE', #1135 ) ;
#1126 = CARTESIAN_POINT ( 'NONE',  ( -5.123066493966402640E-23, -1.500000000000001332, -6.000000000000003553 ) ) ;
#1127 = CARTESIAN_POINT ( 'NONE',  ( -13.50000000000000000, -28.09999999999998010, 1.500000000000220490 ) ) ;
#1128 = VERTEX_POINT ( 'NONE', #1260 ) ;
#1129 = LINE ( 'NONE', #513, #1121 ) ;
#1130 = ORIENTED_EDGE ( 'NONE', *, *, #787, .T. ) ;
#1131 = DIRECTION ( 'NONE',  ( -0.000000000000000000, -3.491481338843133750E-15, -1.000000000000000000 ) ) ;
#1132 = LINE ( 'NONE', #1017, #123 ) ;
#1133 = VERTEX_POINT ( 'NONE', #1378 ) ;
#1134 = EDGE_LOOP ( 'NONE', ( #422, #694 ) ) ;
#1135 = CARTESIAN_POINT ( 'NONE',  ( 13.49999999999999822, -15.09999999999999254, 1.500000000000174971 ) ) ;
#1136 = FACE_OUTER_BOUND ( 'NONE', #2, .T. ) ;
#1137 = DIRECTION ( 'NONE',  ( -0.000000000000000000, 1.000000000000000000, -0.000000000000000000 ) ) ;
#1138 = DIRECTION ( 'NONE',  ( 0.000000000000000000, 0.000000000000000000, 1.000000000000000000 ) ) ;
#1139 = EDGE_CURVE ( 'NONE', #58, #1537, #1346, .T. ) ;
#1140 = VECTOR ( 'NONE', #430, 1000.000000000000000 ) ;
#1141 = ORIENTED_EDGE ( 'NONE', *, *, #512, .T. ) ;
#1142 = ORIENTED_EDGE ( 'NONE', *, *, #756, .T. ) ;
#1143 = VERTEX_POINT ( 'NONE', #61 ) ;
#1144 = VECTOR ( 'NONE', #159, 1000.000000000000000 ) ;
#1145 = EDGE_LOOP ( 'NONE', ( #1090, #860, #1412, #404 ) ) ;
#1146 = DIRECTION ( 'NONE',  ( 0.000000000000000000, 3.491481338843133750E-15, 1.000000000000000000 ) ) ;
#1147 = DIRECTION ( 'NONE',  ( -0.000000000000000000, 1.000000000000000000, -0.000000000000000000 ) ) ;
#1148 = ORIENTED_EDGE ( 'NONE', *, *, #1551, .T. ) ;
#1149 = EDGE_CURVE ( 'NONE', #1366, #876, #844, .T. ) ;
#1150 = VECTOR ( 'NONE', #147, 1000.000000000000000 ) ;
#1151 = STYLED_ITEM ( 'NONE', ( #80 ), #1033 ) ;
#1152 = ORIENTED_EDGE ( 'NONE', *, *, #948, .T. ) ;
#1153 = EDGE_CURVE ( 'NONE', #44, #1097, #821, .T. ) ;
#1154 = CARTESIAN_POINT ( 'NONE',  ( -13.50000000000000178, 3.469446951953614189E-15, -0.9999999999999967804 ) ) ;
#1155 = FACE_BOUND ( 'NONE', #222, .T. ) ;
#1156 = ORIENTED_EDGE ( 'NONE', *, *, #1507, .F. ) ;
#1157 = FACE_OUTER_BOUND ( 'NONE', #555, .T. ) ;
#1158 = CARTESIAN_POINT ( 'NONE',  ( -13.49999999999999112, -1.499999999999996669, -0.9999999999999965583 ) ) ;
#1159 = PRODUCT ( 'Suporte_Motor_25mm', 'Suporte_Motor_25mm', '', ( #1176 ) ) ;
#1160 = FACE_OUTER_BOUND ( 'NONE', #1479, .T. ) ;
#1161 = DIRECTION ( 'NONE',  ( -0.000000000000000000, 1.000000000000000000, -0.000000000000000000 ) ) ;
#1162 = ADVANCED_FACE ( 'NONE', ( #850 ), #606, .T. ) ;
#1163 = FACE_BOUND ( 'NONE', #133, .T. ) ;
#1164 = CARTESIAN_POINT ( 'NONE',  ( 10.00000000000000000, -8.599999999999981881, 1.500000000000152545 ) ) ;
#1165 = CYLINDRICAL_SURFACE ( 'NONE', #1422, 3.600000000000000977 ) ;
#1166 = DIRECTION ( 'NONE',  ( 0.000000000000000000, 1.000000000000000000, -3.491481338843136511E-15 ) ) ;
#1167 = DIRECTION ( 'NONE',  ( 1.000000000000000000, -1.982541115402065110E-16, 6.922005307915560606E-31 ) ) ;
#1168 = CYLINDRICAL_SURFACE ( 'NONE', #1287, 1.600000000000000755 ) ;
#1169 = EDGE_CURVE ( 'NONE', #1143, #577, #810, .T. ) ;
#1170 = CARTESIAN_POINT ( 'NONE',  ( 0.000000000000000000, 0.000000000000000000, -10.90000000000000036 ) ) ;
#1171 = AXIS2_PLACEMENT_3D ( 'NONE', #1307, #265, #154 ) ;
#1172 = DIRECTION ( 'NONE',  ( 0.000000000000000000, 1.000000000000000000, -3.523657060577883888E-15 ) ) ;
#1173 = ADVANCED_FACE ( 'NONE', ( #1336 ), #275, .F. ) ;
#1174 = DIRECTION ( 'NONE',  ( 0.000000000000000000, 0.000000000000000000, 1.000000000000000000 ) ) ;
#1175 = LINE ( 'NONE', #1319, #155 ) ;
#1176 = PRODUCT_CONTEXT ( 'NONE', #704, 'mechanical' ) ;
#1177 = FACE_OUTER_BOUND ( 'NONE', #54, .T. ) ;
#1178 = DIRECTION ( 'NONE',  ( 0.000000000000000000, -3.491481338843133355E-15, -1.000000000000000000 ) ) ;
#1179 = CYLINDRICAL_SURFACE ( 'NONE', #355, 1.000000000000000000 ) ;
#1180 = DIRECTION ( 'NONE',  ( 0.000000000000000000, -3.491481338843133355E-15, -1.000000000000000000 ) ) ;
#1181 = LINE ( 'NONE', #1112, #160 ) ;
#1182 = DIRECTION ( 'NONE',  ( -0.000000000000000000, 1.000000000000000000, -0.000000000000000000 ) ) ;
#1183 = VECTOR ( 'NONE', #1113, 1000.000000000000000 ) ;
#1184 = AXIS2_PLACEMENT_3D ( 'NONE', #772, #313, #83 ) ;
#1185 = CIRCLE ( 'NONE', #604, 1.600000000000002531 ) ;
#1186 = VECTOR ( 'NONE', #983, 1000.000000000000000 ) ;
#1187 = DIRECTION ( 'NONE',  ( -0.000000000000000000, -3.491481338843133355E-15, -1.000000000000000000 ) ) ;
#1188 = EDGE_CURVE ( 'NONE', #347, #379, #1317, .T. ) ;
#1189 = LINE ( 'NONE', #958, #648 ) ;
#1190 = AXIS2_PLACEMENT_3D ( 'NONE', #545, #1532, #74 ) ;
#1191 = VECTOR ( 'NONE', #220, 1000.000000000000000 ) ;
#1192 = DIRECTION ( 'NONE',  ( -0.000000000000000000, 1.000000000000000000, -3.491481338843133750E-15 ) ) ;
#1193 = DIRECTION ( 'NONE',  ( 1.000000000000000000, -1.982541115402065110E-16, 6.922005307915560606E-31 ) ) ;
#1194 = FACE_BOUND ( 'NONE', #361, .T. ) ;
#1195 = FACE_OUTER_BOUND ( 'NONE', #903, .T. ) ;
#1196 = CYLINDRICAL_SURFACE ( 'NONE', #1171, 1.600000000000000755 ) ;
#1197 = CARTESIAN_POINT ( 'NONE',  ( -13.50000000000000888, -26.49999999999997868, 1.500000000000214939 ) ) ;
#1198 = DIRECTION ( 'NONE',  ( -0.000000000000000000, -3.491481338843133355E-15, -1.000000000000000000 ) ) ;
#1199 = CARTESIAN_POINT ( 'NONE',  ( -13.50000000000000000, -1.499999999999994893, 1.500000000000000000 ) ) ;
#1200 = CIRCLE ( 'NONE', #1062, 1.600000000000000755 ) ;
#1201 = EDGE_CURVE ( 'NONE', #33, #50, #1339, .T. ) ;
#1202 = FACE_OUTER_BOUND ( 'NONE', #883, .T. ) ;
#1203 = VECTOR ( 'NONE', #927, 1000.000000000000000 ) ;
#1204 = DIRECTION ( 'NONE',  ( -1.000000000000000000, -0.000000000000000000, 0.000000000000000000 ) ) ;
#1205 = PRODUCT_DEFINITION_FORMATION_WITH_SPECIFIED_SOURCE ( 'ANY', '', #1159, .NOT_KNOWN. ) ;
#1206 = EDGE_CURVE ( 'NONE', #1013, #697, #842, .T. ) ;
#1207 = CARTESIAN_POINT ( 'NONE',  ( 4.408728476930471151E-16, -36.50000000000000711, -18.10000000000000142 ) ) ;
#1208 = CARTESIAN_POINT ( 'NONE',  ( -13.50000000000000711, -13.49999999999999112, 4.185020385794047115E-14 ) ) ;
#1209 = VECTOR ( 'NONE', #957, 1000.000000000000000 ) ;
#1210 = DIRECTION ( 'NONE',  ( 0.000000000000000000, 1.000000000000000000, -3.523657060577887833E-15 ) ) ;
#1211 = DIRECTION ( 'NONE',  ( -0.000000000000000000, -3.491481338843133355E-15, -1.000000000000000000 ) ) ;
#1212 = DIRECTION ( 'NONE',  ( 0.000000000000000000, 1.000000000000000000, -3.523657060577895721E-15 ) ) ;
#1213 = LINE ( 'NONE', #774, #1203 ) ;
#1214 = CIRCLE ( 'NONE', #1268, 1.600000000000000755 ) ;
#1215 = CARTESIAN_POINT ( 'NONE',  ( 9.999999999999998224, -19.99999999999998934, 1.500000000000192069 ) ) ;
#1216 = FACE_OUTER_BOUND ( 'NONE', #1255, .T. ) ;
#1217 = CARTESIAN_POINT ( 'NONE',  ( 8.500000000000000000, 0.000000000000000000, -14.49999999999999289 ) ) ;
#1218 = CARTESIAN_POINT ( 'NONE',  ( 13.49999999999999467, -28.09999999999998366, 1.500000000000220490 ) ) ;
#1219 = ORIENTED_EDGE ( 'NONE', *, *, #77, .F. ) ;
#1220 = DIRECTION ( 'NONE',  ( 0.000000000000000000, -1.000000000000000000, 3.491481338843136511E-15 ) ) ;
#1221 = CIRCLE ( 'NONE', #788, 1.600000000000001643 ) ;
#1222 = PLANE ( 'NONE',  #685 ) ;
#1223 = DIRECTION ( 'NONE',  ( 1.000000000000000000, 0.000000000000000000, 0.000000000000000000 ) ) ;
#1224 = ADVANCED_FACE ( 'NONE', ( #1358 ), #1323, .F. ) ;
#1225 = EDGE_CURVE ( 'NONE', #1012, #1367, #814, .T. ) ;
#1226 = CARTESIAN_POINT ( 'NONE',  ( 1.959434366329115623E-16, -1.500000000000001332, -7.600000000000003197 ) ) ;
#1227 = ORIENTED_EDGE ( 'NONE', *, *, #477, .F. ) ;
#1228 = CIRCLE ( 'NONE', #976, 1.599999999999997202 ) ;
#1229 = VERTEX_POINT ( 'NONE', #1314 ) ;
#1230 = AXIS2_PLACEMENT_3D ( 'NONE', #1341, #27, #191 ) ;
#1231 = EDGE_CURVE ( 'NONE', #440, #1410, #317, .T. ) ;
#1232 = FACE_BOUND ( 'NONE', #1430, .T. ) ;
#1233 = DIRECTION ( 'NONE',  ( 0.000000000000000000, 1.000000000000000000, -3.523657060577883888E-15 ) ) ;
#1234 = PLANE ( 'NONE',  #1230 ) ;
#1235 = VERTEX_POINT ( 'NONE', #496 ) ;
#1236 = LINE ( 'NONE', #1066, #211 ) ;
#1237 = EDGE_LOOP ( 'NONE', ( #111, #754, #953, #1397 ) ) ;
#1238 = DIRECTION ( 'NONE',  ( -0.000000000000000000, -3.491481338843133355E-15, -1.000000000000000000 ) ) ;
#1239 = ORIENTED_EDGE ( 'NONE', *, *, #742, .T. ) ;
#1240 = DIRECTION ( 'NONE',  ( 0.000000000000000000, 0.000000000000000000, 1.000000000000000000 ) ) ;
#1241 = CARTESIAN_POINT ( 'NONE',  ( -13.50000000000000000, -11.89999999999998437, 1.500000000000163647 ) ) ;
#1242 = ORIENTED_EDGE ( 'NONE', *, *, #324, .T. ) ;
#1243 = CARTESIAN_POINT ( 'NONE',  ( -13.50000000000000000, -24.89999999999998437, 8.180032496018263139E-14 ) ) ;
#1244 = ORIENTED_EDGE ( 'NONE', *, *, #733, .T. ) ;
#1245 = AXIS2_PLACEMENT_3D ( 'NONE', #8, #881, #852 ) ;
#1246 = ORIENTED_EDGE ( 'NONE', *, *, #592, .T. ) ;
#1247 = CARTESIAN_POINT ( 'NONE',  ( -13.50000000000000000, -15.09999999999998899, 1.500000000000174971 ) ) ;
#1248 = AXIS2_PLACEMENT_3D ( 'NONE', #254, #1296, #813 ) ;
#1249 = EDGE_CURVE ( 'NONE', #1343, #1449, #283, .T. ) ;
#1250 = ORIENTED_EDGE ( 'NONE', *, *, #194, .F. ) ;
#1251 = DIRECTION ( 'NONE',  ( 0.000000000000000000, 1.000000000000000000, 0.000000000000000000 ) ) ;
#1252 = AXIS2_PLACEMENT_3D ( 'NONE', #1273, #101, #1518 ) ;
#1253 = ADVANCED_FACE ( 'NONE', ( #286 ), #288, .F. ) ;
#1254 = CARTESIAN_POINT ( 'NONE',  ( 8.500000000000000000, -1.500000000000001332, -14.49999999999999289 ) ) ;
#1255 = EDGE_LOOP ( 'NONE', ( #570, #941, #719, #1078 ) ) ;
#1256 = ORIENTED_EDGE ( 'NONE', *, *, #764, .T. ) ;
#1257 = ORIENTED_EDGE ( 'NONE', *, *, #775, .F. ) ;
#1258 = CARTESIAN_POINT ( 'NONE',  ( 4.408728476930470165E-16, 0.000000000000000000, -18.10000000000000142 ) ) ;
#1259 = CARTESIAN_POINT ( 'NONE',  ( 0.000000000000000000, 0.000000000000000000, 0.000000000000000000 ) ) ;
#1260 = CARTESIAN_POINT ( 'NONE',  ( -13.50000000000000000, -11.89999999999998437, 1.500000000000163647 ) ) ;
#1261 = DIRECTION ( 'NONE',  ( 0.000000000000000000, 0.000000000000000000, 1.000000000000000000 ) ) ;
#1262 = DIRECTION ( 'NONE',  ( -1.000000000000000000, 0.000000000000000000, 0.000000000000000000 ) ) ;
#1263 = ADVANCED_FACE ( 'NONE', ( #1327 ), #818, .F. ) ;
#1264 = AXIS2_PLACEMENT_3D ( 'NONE', #408, #1137, #1261 ) ;
#1265 = CYLINDRICAL_SURFACE ( 'NONE', #297, 1.600000000000001643 ) ;
#1266 = AXIS2_PLACEMENT_3D ( 'NONE', #1451, #1198, #20 ) ;
#1267 = ORIENTED_EDGE ( 'NONE', *, *, #808, .T. ) ;
#1268 = AXIS2_PLACEMENT_3D ( 'NONE', #306, #228, #441 ) ;
#1269 = DIRECTION ( 'NONE',  ( -0.000000000000000000, -3.491481338843133355E-15, -1.000000000000000000 ) ) ;
#1270 = LINE ( 'NONE', #502, #235 ) ;
#1271 = DIRECTION ( 'NONE',  ( 0.000000000000000000, -1.000000000000000000, 3.491481338843136511E-15 ) ) ;
#1272 = ADVANCED_FACE ( 'NONE', ( #326 ), #289, .F. ) ;
#1273 = CARTESIAN_POINT ( 'NONE',  ( 0.000000000000000000, 0.000000000000000000, -14.50000000000000000 ) ) ;
#1274 = CARTESIAN_POINT ( 'NONE',  ( -10.00000000000000178, -21.59999999999998721, 1.500000000000197842 ) ) ;
#1275 = AXIS2_PLACEMENT_3D ( 'NONE', #1031, #866, #1138 ) ;
#1276 = DIRECTION ( 'NONE',  ( 0.000000000000000000, 1.000000000000000000, 0.000000000000000000 ) ) ;
#1277 = DIRECTION ( 'NONE',  ( 0.000000000000000000, 0.000000000000000000, 1.000000000000000000 ) ) ;
#1278 = DIRECTION ( 'NONE',  ( 0.000000000000000000, 3.491481338843133355E-15, 1.000000000000000000 ) ) ;
#1279 = DIRECTION ( 'NONE',  ( 1.982541115402065110E-16, 1.000000000000000000, 0.000000000000000000 ) ) ;
#1280 = DIRECTION ( 'NONE',  ( 0.000000000000000000, -3.491481338843133355E-15, -1.000000000000000000 ) ) ;
#1281 = CARTESIAN_POINT ( 'NONE',  ( -13.50000000000000000, -1.499999999999994893, 1.500000000000000000 ) ) ;
#1282 = PRODUCT_DEFINITION_SHAPE ( 'NONE', 'NONE',  #1418 ) ;
#1283 = CARTESIAN_POINT ( 'NONE',  ( -5.123066493966402640E-23, 0.000000000000000000, -4.400000000000003908 ) ) ;
#1284 = EDGE_CURVE ( 'NONE', #820, #697, #300, .T. ) ;
#1285 = DIRECTION ( 'NONE',  ( 0.000000000000000000, 3.491481338843133750E-15, 1.000000000000000000 ) ) ;
#1286 = DIRECTION ( 'NONE',  ( 0.000000000000000000, 0.000000000000000000, 1.000000000000000000 ) ) ;
#1287 = AXIS2_PLACEMENT_3D ( 'NONE', #350, #162, #57 ) ;
#1288 = EDGE_CURVE ( 'NONE', #1028, #29, #831, .T. ) ;
#1289 = CARTESIAN_POINT ( 'NONE',  ( -13.49999999999999112, -1.499999999999996669, -0.9999999999999965583 ) ) ;
#1290 = AXIS2_PLACEMENT_3D ( 'NONE', #664, #1204, #1303 ) ;
#1291 = CARTESIAN_POINT ( 'NONE',  ( -8.500000000000000000, -1.500000000000001332, -16.10000000000000142 ) ) ;
#1292 = DIRECTION ( 'NONE',  ( 0.000000000000000000, -1.000000000000000000, 3.523657060577887833E-15 ) ) ;
#1293 = DIRECTION ( 'NONE',  ( -1.982541115402065110E-16, -1.000000000000000000, 3.491481338843133750E-15 ) ) ;
#1294 = UNCERTAINTY_MEASURE_WITH_UNIT (LENGTH_MEASURE( 1.000000000000000082E-05 ), #759, 'distance_accuracy_value', 'NONE');
#1295 = AXIS2_PLACEMENT_3D ( 'NONE', #1123, #1131, #763 ) ;
#1296 = DIRECTION ( 'NONE',  ( 1.000000000000000000, 0.000000000000000000, 0.000000000000000000 ) ) ;
#1297 = AXIS2_PLACEMENT_3D ( 'NONE', #1215, #1388, #622 ) ;
#1298 = EDGE_CURVE ( 'NONE', #1235, #1133, #501, .T. ) ;
#1299 = CARTESIAN_POINT ( 'NONE',  ( -10.00000000000000000, -5.399999999999976374, 1.500000000000141220 ) ) ;
#1300 = AXIS2_PLACEMENT_3D ( 'NONE', #1, #486, #643 ) ;
#1301 = CARTESIAN_POINT ( 'NONE',  ( -13.49999999999999112, -2.499999999999996447, -0.9999999999999965583 ) ) ;
#1302 = DIRECTION ( 'NONE',  ( 0.000000000000000000, 0.000000000000000000, 1.000000000000000000 ) ) ;
#1303 = DIRECTION ( 'NONE',  ( 0.000000000000000000, 0.000000000000000000, 1.000000000000000000 ) ) ;
#1304 = DIRECTION ( 'NONE',  ( -0.000000000000000000, -3.491481338843133355E-15, -1.000000000000000000 ) ) ;
#1305 = DIRECTION ( 'NONE',  ( 0.000000000000000000, 1.000000000000000000, -0.000000000000000000 ) ) ;
#1306 = CARTESIAN_POINT ( 'NONE',  ( 10.00000000000000000, -6.999999999999980460, 1.500000000000146771 ) ) ;
#1307 = CARTESIAN_POINT ( 'NONE',  ( -10.00000000000000178, -19.99999999999998579, 1.500000000000192069 ) ) ;
#1308 = LINE ( 'NONE', #1049, #1340 ) ;
#1309 = CARTESIAN_POINT ( 'NONE',  ( 10.00000000000000000, -6.999999999999985789, 2.444036937190188300E-14 ) ) ;
#1310 = CARTESIAN_POINT ( 'NONE',  ( 4.408728476930470165E-16, -1.500000000000001332, -18.10000000000000142 ) ) ;
#1311 = LINE ( 'NONE', #1158, #276 ) ;
#1312 = AXIS2_PLACEMENT_3D ( 'NONE', #916, #342, #469 ) ;
#1313 = AXIS2_PLACEMENT_3D ( 'NONE', #847, #960, #996 ) ;
#1314 = CARTESIAN_POINT ( 'NONE',  ( -13.49999999999999112, -2.499999999999992895, 3.469446951953614189E-15 ) ) ;
#1315 = EDGE_CURVE ( 'NONE', #876, #50, #1010, .T. ) ;
#1316 = ORIENTED_EDGE ( 'NONE', *, *, #1188, .T. ) ;
#1317 = CIRCLE ( 'NONE', #656, 3.600000000000000977 ) ;
#1318 = AXIS2_PLACEMENT_3D ( 'NONE', #167, #1415, #1212 ) ;
#1319 = CARTESIAN_POINT ( 'NONE',  ( -13.50000000000000000, -1.500000000000000000, 0.000000000000000000 ) ) ;
#1320 = CARTESIAN_POINT ( 'NONE',  ( 13.49999999999999822, -15.09999999999999787, 4.743657400008949083E-14 ) ) ;
#1321 = DIRECTION ( 'NONE',  ( 0.000000000000000000, 1.000000000000000000, 0.000000000000000000 ) ) ;
#1322 = ORIENTED_EDGE ( 'NONE', *, *, #767, .F. ) ;
#1323 = CYLINDRICAL_SURFACE ( 'NONE', #1297, 1.600000000000000755 ) ;
#1324 = CARTESIAN_POINT ( 'NONE',  ( 9.999999999999998224, -21.59999999999999787, 7.541599691901168047E-14 ) ) ;
#1325 = ORIENTED_EDGE ( 'NONE', *, *, #287, .F. ) ;
#1326 = CARTESIAN_POINT ( 'NONE',  ( 13.49999999999999289, -36.50000000000000000, 1.500000000000122347 ) ) ;
#1327 = FACE_OUTER_BOUND ( 'NONE', #28, .T. ) ;
#1328 = CYLINDRICAL_SURFACE ( 'NONE', #811, 1.600000000000000755 ) ;
#1329 = CARTESIAN_POINT ( 'NONE',  ( 11.49999999999999467, -36.50000000000000711, 1.222018468595096801E-13 ) ) ;
#1330 = EDGE_LOOP ( 'NONE', ( #55, #587 ) ) ;
#1331 = ORIENTED_EDGE ( 'NONE', *, *, #1060, .T. ) ;
#1332 = LINE ( 'NONE', #1350, #274 ) ;
#1333 = EDGE_CURVE ( 'NONE', #1013, #487, #1535, .T. ) ;
#1334 = VERTEX_POINT ( 'NONE', #965 ) ;
#1335 = EDGE_LOOP ( 'NONE', ( #1322, #1051, #484, #534 ) ) ;
#1336 = FACE_OUTER_BOUND ( 'NONE', #937, .T. ) ;
#1337 = EDGE_LOOP ( 'NONE', ( #113, #1547 ) ) ;
#1338 = CARTESIAN_POINT ( 'NONE',  ( -13.49999999999999822, -1.500000000000000000, -14.50000000000000178 ) ) ;
#1339 = LINE ( 'NONE', #358, #799 ) ;
#1340 = VECTOR ( 'NONE', #777, 1000.000000000000000 ) ;
#1341 = CARTESIAN_POINT ( 'NONE',  ( 13.50000000000000000, -1.500000000000000000, 0.000000000000000000 ) ) ;
#1342 = VECTOR ( 'NONE', #395, 1000.000000000000000 ) ;
#1343 = VERTEX_POINT ( 'NONE', #1432 ) ;
#1344 = ADVANCED_FACE ( 'NONE', ( #984 ), #1516, .T. ) ;
#1345 = DIRECTION ( 'NONE',  ( 0.000000000000000000, -1.000000000000000000, 3.491481338843133355E-15 ) ) ;
#1346 = CIRCLE ( 'NONE', #692, 1.600000000000000755 ) ;
#1347 = AXIS2_PLACEMENT_3D ( 'NONE', #1027, #299, #585 ) ;
#1348 = ORIENTED_EDGE ( 'NONE', *, *, #699, .T. ) ;
#1349 = EDGE_CURVE ( 'NONE', #900, #815, #1526, .T. ) ;
#1350 = CARTESIAN_POINT ( 'NONE',  ( 13.49999999999999289, -34.49999999999999289, 1.500000000000115463 ) ) ;
#1351 = VECTOR ( 'NONE', #334, 1000.000000000000000 ) ;
#1352 = ORIENTED_EDGE ( 'NONE', *, *, #1399, .F. ) ;
#1353 = ADVANCED_BREP_SHAPE_REPRESENTATION ( 'Suporte_Motor_25mm', ( #1033, #874 ), #609 ) ;
#1354 = VECTOR ( 'NONE', #454, 1000.000000000000000 ) ;
#1355 = CARTESIAN_POINT ( 'NONE',  ( -5.123066493966402640E-23, -1.500000000000001332, -6.000000000000003553 ) ) ;
#1356 = DIRECTION ( 'NONE',  ( 0.000000000000000000, 1.000000000000000000, -3.523657060577887833E-15 ) ) ;
#1357 = EDGE_CURVE ( 'NONE', #725, #905, #508, .T. ) ;
#1358 = FACE_OUTER_BOUND ( 'NONE', #728, .T. ) ;
#1359 = CARTESIAN_POINT ( 'NONE',  ( -13.50000000000000000, -1.500000000000000000, 0.000000000000000000 ) ) ;
#1360 = VERTEX_POINT ( 'NONE', #129 ) ;
#1361 = CARTESIAN_POINT ( 'NONE',  ( -8.500000000000000000, -36.50000000000000711, -16.10000000000000142 ) ) ;
#1362 = EDGE_LOOP ( 'NONE', ( #839, #377, #547, #1368 ) ) ;
#1363 = CARTESIAN_POINT ( 'NONE',  ( -10.00000000000000178, -21.59999999999998721, 1.500000000000197842 ) ) ;
#1364 = VERTEX_POINT ( 'NONE', #1283 ) ;
#1365 = EDGE_CURVE ( 'NONE', #205, #1404, #1026, .T. ) ;
#1366 = VERTEX_POINT ( 'NONE', #1291 ) ;
#1367 = VERTEX_POINT ( 'NONE', #1018 ) ;
#1368 = ORIENTED_EDGE ( 'NONE', *, *, #929, .T. ) ;
#1369 = AXIS2_PLACEMENT_3D ( 'NONE', #1099, #910, #680 ) ;
#1370 =( LENGTH_UNIT ( ) NAMED_UNIT ( * ) SI_UNIT ( .MILLI., .METRE. ) );
#1371 = ADVANCED_FACE ( 'NONE', ( #1512 ), #1495, .F. ) ;
#1372 = LINE ( 'NONE', #1281, #878 ) ;
#1373 = ORIENTED_EDGE ( 'NONE', *, *, #794, .F. ) ;
#1374 = EDGE_LOOP ( 'NONE', ( #305, #1392, #1395, #1437 ) ) ;
#1375 = DIRECTION ( 'NONE',  ( 0.000000000000000000, 1.000000000000000000, -3.523657060577887833E-15 ) ) ;
#1376 = CARTESIAN_POINT ( 'NONE',  ( 13.49999999999999289, -36.50000000000000711, 1.222018468595096801E-13 ) ) ;
#1377 = ORIENTED_EDGE ( 'NONE', *, *, #267, .F. ) ;
#1378 = CARTESIAN_POINT ( 'NONE',  ( -13.49999999999999822, 0.000000000000000000, -14.50000000000000178 ) ) ;
#1379 = CARTESIAN_POINT ( 'NONE',  ( 10.00000000000000000, -6.999999999999985789, 2.444036937190188300E-14 ) ) ;
#1380 = CARTESIAN_POINT ( 'NONE',  ( 13.49999999999999467, -24.89999999999998792, 8.693788533719397637E-14 ) ) ;
#1381 = EDGE_CURVE ( 'NONE', #1537, #58, #1032, .T. ) ;
#1382 = FACE_OUTER_BOUND ( 'NONE', #970, .T. ) ;
#1383 = PRESENTATION_LAYER_ASSIGNMENT (  '', '', ( #524 ) ) ;
#1384 = DIRECTION ( 'NONE',  ( 0.000000000000000000, 3.491481338843133750E-15, 1.000000000000000000 ) ) ;
#1385 = EDGE_CURVE ( 'NONE', #1229, #577, #1035, .T. ) ;
#1386 = ORIENTED_EDGE ( 'NONE', *, *, #554, .T. ) ;
#1387 = CARTESIAN_POINT ( 'NONE',  ( -13.50000000000000000, -28.09999999999998010, 1.500000000000220490 ) ) ;
#1388 = DIRECTION ( 'NONE',  ( -0.000000000000000000, -3.491481338843133355E-15, -1.000000000000000000 ) ) ;
#1389 = EDGE_LOOP ( 'NONE', ( #1488, #1394, #1477, #829 ) ) ;
#1390 = ORIENTED_EDGE ( 'NONE', *, *, #1288, .T. ) ;
#1391 = CARTESIAN_POINT ( 'NONE',  ( 10.00000000000000000, -6.999999999999980460, 1.500000000000146771 ) ) ;
#1392 = ORIENTED_EDGE ( 'NONE', *, *, #1020, .F. ) ;
#1393 = EDGE_LOOP ( 'NONE', ( #1122, #598 ) ) ;
#1394 = ORIENTED_EDGE ( 'NONE', *, *, #1225, .F. ) ;
#1395 = ORIENTED_EDGE ( 'NONE', *, *, #43, .T. ) ;
#1396 = DIRECTION ( 'NONE',  ( -1.982541115402065110E-16, -1.000000000000000000, 3.491481338843133750E-15 ) ) ;
#1397 = ORIENTED_EDGE ( 'NONE', *, *, #330, .F. ) ;
#1398 = CARTESIAN_POINT ( 'NONE',  ( 8.500000000000000000, -36.50000000000000711, -12.89999999999999325 ) ) ;
#1399 = EDGE_CURVE ( 'NONE', #1125, #1423, #465, .T. ) ;
#1400 = ORIENTED_EDGE ( 'NONE', *, *, #176, .T. ) ;
#1401 = LINE ( 'NONE', #749, #367 ) ;
#1402 = AXIS2_PLACEMENT_3D ( 'NONE', #91, #1269, #414 ) ;
#1403 = DIRECTION ( 'NONE',  ( -0.000000000000000000, -3.491481338843133355E-15, -1.000000000000000000 ) ) ;
#1404 = VERTEX_POINT ( 'NONE', #796 ) ;
#1405 = CARTESIAN_POINT ( 'NONE',  ( -13.50000000000000000, -34.50000000000000000, 1.152188841818234386E-13 ) ) ;
#1406 = ADVANCED_FACE ( 'NONE', ( #476, #497, #1038, #1499, #1529, #987, #505 ), #760, .F. ) ;
#1407 = ORIENTED_EDGE ( 'NONE', *, *, #1450, .F. ) ;
#1408 = CARTESIAN_POINT ( 'NONE',  ( 9.999999999999998224, -21.59999999999999076, 1.500000000000197842 ) ) ;
#1409 = ORIENTED_EDGE ( 'NONE', *, *, #721, .F. ) ;
#1410 = VERTEX_POINT ( 'NONE', #712 ) ;
#1411 = EDGE_LOOP ( 'NONE', ( #433, #92, #558, #382 ) ) ;
#1412 = ORIENTED_EDGE ( 'NONE', *, *, #245, .T. ) ;
#1413 = ORIENTED_EDGE ( 'NONE', *, *, #287, .T. ) ;
#1414 = DIRECTION ( 'NONE',  ( -1.000000000000000000, -0.000000000000000000, -0.000000000000000000 ) ) ;
#1415 = DIRECTION ( 'NONE',  ( -0.000000000000000000, -3.491481338843133355E-15, -1.000000000000000000 ) ) ;
#1416 = CARTESIAN_POINT ( 'NONE',  ( -8.500000000000000000, -1.500000000000001332, -14.49999999999999822 ) ) ;
#1417 = DIRECTION ( 'NONE',  ( -0.000000000000000000, -3.491481338843133355E-15, -1.000000000000000000 ) ) ;
#1418 = PRODUCT_DEFINITION ( 'UNKNOWN', '', #1205, #1433 ) ;
#1419 = EDGE_CURVE ( 'NONE', #1133, #1534, #1480, .T. ) ;
#1420 = DIRECTION ( 'NONE',  ( 0.000000000000000000, 3.491481338843133750E-15, 1.000000000000000000 ) ) ;
#1421 = ORIENTED_EDGE ( 'NONE', *, *, #227, .T. ) ;
#1422 = AXIS2_PLACEMENT_3D ( 'NONE', #206, #442, #557 ) ;
#1423 = VERTEX_POINT ( 'NONE', #593 ) ;
#1424 = EDGE_CURVE ( 'NONE', #1410, #815, #1486, .T. ) ;
#1425 = ORIENTED_EDGE ( 'NONE', *, *, #1042, .F. ) ;
#1426 =( NAMED_UNIT ( * ) PLANE_ANGLE_UNIT ( ) SI_UNIT ( $, .RADIAN. ) );
#1427 = VERTEX_POINT ( 'NONE', #450 ) ;
#1428 = CARTESIAN_POINT ( 'NONE',  ( -10.00000000000000355, -31.39999999999999147, 1.500000000000231815 ) ) ;
#1429 = EDGE_CURVE ( 'NONE', #995, #911, #1029, .T. ) ;
#1430 = EDGE_LOOP ( 'NONE', ( #1500, #1239 ) ) ;
#1431 = DIRECTION ( 'NONE',  ( 0.000000000000000000, 0.000000000000000000, 1.000000000000000000 ) ) ;
#1432 = CARTESIAN_POINT ( 'NONE',  ( 9.999999999999998224, -21.59999999999999076, 1.500000000000197842 ) ) ;
#1433 = PRODUCT_DEFINITION_CONTEXT ( 'detailed design', #426, 'design' ) ;
#1434 = VERTEX_POINT ( 'NONE', #257 ) ;
#1435 = CARTESIAN_POINT ( 'NONE',  ( 0.000000000000000000, -1.500000000000001332, -23.00000000000000000 ) ) ;
#1436 = PLANE ( 'NONE',  #70 ) ;
#1437 = ORIENTED_EDGE ( 'NONE', *, *, #436, .T. ) ;
#1438 = ORIENTED_EDGE ( 'NONE', *, *, #192, .T. ) ;
#1439 = DIRECTION ( 'NONE',  ( -0.000000000000000000, 1.000000000000000000, -3.491481338843133750E-15 ) ) ;
#1440 = CARTESIAN_POINT ( 'NONE',  ( 13.49999999999999289, -36.50000000000000000, 1.500000000000122347 ) ) ;
#1441 = AXIS2_PLACEMENT_3D ( 'NONE', #1468, #1345, #877 ) ;
#1442 = ORIENTED_EDGE ( 'NONE', *, *, #176, .F. ) ;
#1443 = ORIENTED_EDGE ( 'NONE', *, *, #171, .F. ) ;
#1444 = CIRCLE ( 'NONE', #139, 1.600000000000000755 ) ;
#1445 = AXIS2_PLACEMENT_3D ( 'NONE', #537, #528, #904 ) ;
#1446 = ADVANCED_FACE ( 'NONE', ( #1542 ), #616, .F. ) ;
#1447 = CARTESIAN_POINT ( 'NONE',  ( -8.500000000000000000, -1.500000000000001332, -12.89999999999999858 ) ) ;
#1448 = DIRECTION ( 'NONE',  ( 0.000000000000000000, 1.000000000000000000, 0.000000000000000000 ) ) ;
#1449 = VERTEX_POINT ( 'NONE', #1324 ) ;
#1450 = EDGE_CURVE ( 'NONE', #1128, #479, #446, .T. ) ;
#1451 = CARTESIAN_POINT ( 'NONE',  ( -10.00000000000000355, -32.99999999999998579, 1.500000000000237366 ) ) ;
#1452 = ORIENTED_EDGE ( 'NONE', *, *, #77, .T. ) ;
#1453 = CARTESIAN_POINT ( 'NONE',  ( -10.00000000000000178, -18.39999999999999147, 6.424325663471362849E-14 ) ) ;
#1454 = VERTEX_POINT ( 'NONE', #862 ) ;
#1455 = ORIENTED_EDGE ( 'NONE', *, *, #386, .T. ) ;
#1456 = CIRCLE ( 'NONE', #1536, 2.500000000000000000 ) ;
#1457 = FACE_OUTER_BOUND ( 'NONE', #1389, .T. ) ;
#1458 = ORIENTED_EDGE ( 'NONE', *, *, #1023, .F. ) ;
#1459 = DIRECTION ( 'NONE',  ( 1.000000000000000000, 0.000000000000000000, 0.000000000000000000 ) ) ;
#1460 = ORIENTED_EDGE ( 'NONE', *, *, #1365, .T. ) ;
#1461 = EDGE_CURVE ( 'NONE', #974, #962, #997, .T. ) ;
#1462 = PRODUCT_RELATED_PRODUCT_CATEGORY ( 'part', '', ( #1159 ) ) ;
#1463 = ORIENTED_EDGE ( 'NONE', *, *, #1481, .T. ) ;
#1464 = CYLINDRICAL_SURFACE ( 'NONE', #1318, 1.599999999999997202 ) ;
#1465 = DIRECTION ( 'NONE',  ( 0.000000000000000000, 0.000000000000000000, 1.000000000000000000 ) ) ;
#1466 = ORIENTED_EDGE ( 'NONE', *, *, #1188, .F. ) ;
#1467 = LINE ( 'NONE', #1199, #964 ) ;
#1468 = CARTESIAN_POINT ( 'NONE',  ( -13.50000000000000000, -36.50000000000000000, 1.500000000000122347 ) ) ;
#1469 = CIRCLE ( 'NONE', #118, 1.600000000000000755 ) ;
#1470 = ORIENTED_EDGE ( 'NONE', *, *, #1349, .T. ) ;
#1471 = CARTESIAN_POINT ( 'NONE',  ( 0.000000000000000000, -1.500000000000001332, -23.00000000000000000 ) ) ;
#1472 = ORIENTED_EDGE ( 'NONE', *, *, #66, .F. ) ;
#1473 = ORIENTED_EDGE ( 'NONE', *, *, #397, .T. ) ;
#1474 = ORIENTED_EDGE ( 'NONE', *, *, #657, .T. ) ;
#1475 = CARTESIAN_POINT ( 'NONE',  ( 0.000000000000000000, -36.50000000000000711, -21.39999999999999858 ) ) ;
#1476 = ORIENTED_EDGE ( 'NONE', *, *, #1153, .F. ) ;
#1477 = ORIENTED_EDGE ( 'NONE', *, *, #477, .T. ) ;
#1478 = CARTESIAN_POINT ( 'NONE',  ( 10.00000000000000000, -6.999999999999980460, 1.500000000000146771 ) ) ;
#1479 = EDGE_LOOP ( 'NONE', ( #181, #527, #999, #802 ) ) ;
#1480 = LINE ( 'NONE', #461, #516 ) ;
#1481 = EDGE_CURVE ( 'NONE', #640, #1054, #1492, .T. ) ;
#1482 = AXIS2_PLACEMENT_3D ( 'NONE', #978, #10, #1356 ) ;
#1483 = EDGE_CURVE ( 'NONE', #1229, #579, #514, .T. ) ;
#1484 = ORIENTED_EDGE ( 'NONE', *, *, #272, .T. ) ;
#1485 = DIRECTION ( 'NONE',  ( 0.000000000000000000, 0.000000000000000000, 1.000000000000000000 ) ) ;
#1486 = LINE ( 'NONE', #1530, #1489 ) ;
#1487 = ADVANCED_FACE ( 'NONE', ( #1544 ), #1015, .F. ) ;
#1488 = ORIENTED_EDGE ( 'NONE', *, *, #456, .F. ) ;
#1489 = VECTOR ( 'NONE', #126, 1000.000000000000000 ) ;
#1490 = DIRECTION ( 'NONE',  ( -0.000000000000000000, -3.491481338843133355E-15, -1.000000000000000000 ) ) ;
#1491 = ORIENTED_EDGE ( 'NONE', *, *, #562, .T. ) ;
#1492 = CIRCLE ( 'NONE', #711, 1.600000000000002531 ) ;
#1493 = ORIENTED_EDGE ( 'NONE', *, *, #352, .F. ) ;
#1494 = CARTESIAN_POINT ( 'NONE',  ( -10.00000000000000355, -32.99999999999998579, 1.500000000000237366 ) ) ;
#1495 = CYLINDRICAL_SURFACE ( 'NONE', #1275, 1.599999999999998979 ) ;
#1496 = VECTOR ( 'NONE', #735, 1000.000000000000000 ) ;
#1497 = ORIENTED_EDGE ( 'NONE', *, *, #562, .F. ) ;
#1498 = DIRECTION ( 'NONE',  ( 0.000000000000000000, 0.000000000000000000, 1.000000000000000000 ) ) ;
#1499 = FACE_BOUND ( 'NONE', #1134, .T. ) ;
#1500 = ORIENTED_EDGE ( 'NONE', *, *, #1548, .T. ) ;
#1501 = EDGE_CURVE ( 'NONE', #1434, #1449, #1515, .T. ) ;
#1502 = DIRECTION ( 'NONE',  ( 0.000000000000000000, 0.000000000000000000, 1.000000000000000000 ) ) ;
#1503 = DIRECTION ( 'NONE',  ( 1.000000000000000000, 0.000000000000000000, 0.000000000000000000 ) ) ;
#1504 = ORIENTED_EDGE ( 'NONE', *, *, #227, .F. ) ;
#1505 =( GEOMETRIC_REPRESENTATION_CONTEXT ( 3 ) GLOBAL_UNCERTAINTY_ASSIGNED_CONTEXT ( ( #1294 ) ) GLOBAL_UNIT_ASSIGNED_CONTEXT ( ( #759, #1426, #4 ) ) REPRESENTATION_CONTEXT ( 'NONE', 'WORKASPACE' ) );
#1506 = EDGE_LOOP ( 'NONE', ( #103, #278, #1021, #533 ) ) ;
#1507 = EDGE_CURVE ( 'NONE', #327, #898, #457, .T. ) ;
#1508 = ORIENTED_EDGE ( 'NONE', *, *, #272, .F. ) ;
#1509 = AXIS2_PLACEMENT_3D ( 'NONE', #104, #201, #277 ) ;
#1510 = CARTESIAN_POINT ( 'NONE',  ( -13.50000000000000000, -1.500000000000000000, 0.000000000000000000 ) ) ;
#1511 = ORIENTED_EDGE ( 'NONE', *, *, #356, .T. ) ;
#1512 = FACE_OUTER_BOUND ( 'NONE', #1335, .T. ) ;
#1513 = VECTOR ( 'NONE', #645, 1000.000000000000000 ) ;
#1514 = DIRECTION ( 'NONE',  ( 0.000000000000000000, 0.000000000000000000, 1.000000000000000000 ) ) ;
#1515 = CIRCLE ( 'NONE', #1041, 1.600000000000000755 ) ;
#1516 = CYLINDRICAL_SURFACE ( 'NONE', #1347, 2.000000000000001776 ) ;
#1517 = DIRECTION ( 'NONE',  ( 0.000000000000000000, -1.000000000000000000, 3.491481338843133750E-15 ) ) ;
#1518 = DIRECTION ( 'NONE',  ( 0.000000000000000000, 0.000000000000000000, 1.000000000000000000 ) ) ;
#1519 = CIRCLE ( 'NONE', #41, 3.600000000000000977 ) ;
#1520 = ORIENTED_EDGE ( 'NONE', *, *, #671, .F. ) ;
#1521 = EDGE_LOOP ( 'NONE', ( #1466, #1409 ) ) ;
#1522 = VECTOR ( 'NONE', #1293, 1000.000000000000000 ) ;
#1523 = DIRECTION ( 'NONE',  ( 0.000000000000000000, 1.000000000000000000, -3.523657060577895721E-15 ) ) ;
#1524 = VECTOR ( 'NONE', #1096, 1000.000000000000000 ) ;
#1525 = CIRCLE ( 'NONE', #1045, 1.600000000000000755 ) ;
#1526 = LINE ( 'NONE', #1539, #1524 ) ;
#1527 = AXIS2_PLACEMENT_3D ( 'NONE', #565, #908, #1210 ) ;
#1528 = AXIS2_PLACEMENT_3D ( 'NONE', #576, #1061, #1286 ) ;
#1529 = FACE_BOUND ( 'NONE', #1005, .T. ) ;
#1530 = CARTESIAN_POINT ( 'NONE',  ( -11.50000000000000000, -36.50000000000000000, 1.500000000000122347 ) ) ;
#1531 = EDGE_CURVE ( 'NONE', #893, #930, #1519, .T. ) ;
#1532 = DIRECTION ( 'NONE',  ( -0.000000000000000000, -3.491481338843133355E-15, -1.000000000000000000 ) ) ;
#1533 = ORIENTED_EDGE ( 'NONE', *, *, #733, .F. ) ;
#1534 = VERTEX_POINT ( 'NONE', #947 ) ;
#1535 = CIRCLE ( 'NONE', #384, 1.600000000000001643 ) ;
#1536 = AXIS2_PLACEMENT_3D ( 'NONE', #824, #739, #1092 ) ;
#1537 = VERTEX_POINT ( 'NONE', #369 ) ;
#1538 = EDGE_LOOP ( 'NONE', ( #97, #393, #385, #605 ) ) ;
#1539 = CARTESIAN_POINT ( 'NONE',  ( -13.50000000000000000, -36.50000000000000711, 1.222018468595096801E-13 ) ) ;
#1540 = LINE ( 'NONE', #345, #1522 ) ;
#1541 = CARTESIAN_POINT ( 'NONE',  ( -13.50000000000000178, -2.499999999999996447, -0.9999999999999965583 ) ) ;
#1542 = FACE_OUTER_BOUND ( 'NONE', #826, .T. ) ;
#1543 = CYLINDRICAL_SURFACE ( 'NONE', #1402, 1.599999999999997202 ) ;
#1544 = FACE_OUTER_BOUND ( 'NONE', #1374, .T. ) ;
#1545 = CARTESIAN_POINT ( 'NONE',  ( -10.00000000000000355, -32.99999999999998579, 1.500000000000237366 ) ) ;
#1546 = CARTESIAN_POINT ( 'NONE',  ( -10.00000000000000000, -6.999999999999977796, 1.500000000000146771 ) ) ;
#1547 = ORIENTED_EDGE ( 'NONE', *, *, #402, .T. ) ;
#1548 = EDGE_CURVE ( 'NONE', #333, #96, #992, .T. ) ;
#1549 = AXIS2_PLACEMENT_3D ( 'NONE', #922, #321, #931 ) ;
#1550 = LINE ( 'NONE', #1510, #1342 ) ;
#1551 = EDGE_CURVE ( 'NONE', #44, #205, #1044, .T. ) ;
#1552 =( NAMED_UNIT ( * ) PLANE_ANGLE_UNIT ( ) SI_UNIT ( $, .RADIAN. ) );
#1553 = CARTESIAN_POINT ( 'NONE',  ( 0.000000000000000000, -1.500000000000001332, -10.90000000000000036 ) ) ;
#1554 = ORIENTED_EDGE ( 'NONE', *, *, #38, .F. ) ;
#1555 = CIRCLE ( 'NONE', #744, 1.599999999999997202 ) ;
#1556 = DIRECTION ( 'NONE',  ( 0.000000000000000000, 0.000000000000000000, 1.000000000000000000 ) ) ;
ENDSEC;
END-ISO-10303-21;
